dataset,model,sensitive,compression,seed,demographic_parity_difference,equalized_odds_difference,disparate_impact_ratio,accuracy,balanced_accuracy,positive_prediction_rate,mean_predicted_prob,std_predicted_prob,mean_group_predictive_entropy,mean_ece_per_group,ece_disparity,selective_fairness_auc,n_params,flops,peak_ram_bytes,skip_reason,python,versions
adult,logreg,sex,none,0,0.177187,0.093685,0.301623,0.853902,0.767449,0.194742,0.238785,0.28496,0.288715,0.008712,0.003306,0.095508,102.0,1245522.0,344718.0,,3.11.15,"{""tinyaudit"": ""0.1.0"", ""numpy"": ""1.26.4"", ""pandas"": ""3.0.3"", ""scikit-learn"": ""1.9.0"", ""torch"": ""2.12.0""}"
adult,logreg,sex,int8,0,0.177187,0.093685,0.301623,0.853902,0.767449,0.194742,0.238785,0.28496,,,,,102.0,1245522.0,13282288.0,,3.11.15,"{""tinyaudit"": ""0.1.0"", ""numpy"": ""1.26.4"", ""pandas"": ""3.0.3"", ""scikit-learn"": ""1.9.0"", ""torch"": ""2.12.0""}"
adult,logreg,sex,prune:0.3,0,0.177803,0.095917,0.298858,0.854066,0.767439,0.194415,0.238727,0.284985,0.288795,0.009693,0.003783,0.094994,102.0,1245522.0,343486.0,,3.11.15,"{""tinyaudit"": ""0.1.0"", ""numpy"": ""1.26.4"", ""pandas"": ""3.0.3"", ""scikit-learn"": ""1.9.0"", ""torch"": ""2.12.0""}"
adult,logreg,sex,prune:0.5,0,0.170928,0.08358,0.308565,0.85423,0.764732,0.19032,0.236848,0.28324,0.289319,0.010737,0.001619,0.093034,102.0,1245522.0,343378.0,,3.11.15,"{""tinyaudit"": ""0.1.0"", ""numpy"": ""1.26.4"", ""pandas"": ""3.0.3"", ""scikit-learn"": ""1.9.0"", ""torch"": ""2.12.0""}"
adult,logreg,sex,prune:0.7,0,0.162595,0.088189,0.302811,0.848088,0.748262,0.179101,0.231022,0.273278,0.293877,0.010131,0.005787,0.083013,102.0,1245522.0,343486.0,,3.11.15,"{""tinyaudit"": ""0.1.0"", ""numpy"": ""1.26.4"", ""pandas"": ""3.0.3"", ""scikit-learn"": ""1.9.0"", ""torch"": ""2.12.0""}"
adult,logreg,sex,prune:0.9,0,0.140342,0.167524,0.192539,0.823274,0.676944,0.127099,0.216908,0.247791,0.300708,0.02648,0.010641,0.070312,102.0,1245522.0,343486.0,,3.11.15,"{""tinyaudit"": ""0.1.0"", ""numpy"": ""1.26.4"", ""pandas"": ""3.0.3"", ""scikit-learn"": ""1.9.0"", ""torch"": ""2.12.0""}"
adult,logreg,race,none,0,0.150246,0.143382,0.359296,0.853902,0.767449,0.194742,0.238785,0.28496,0.269291,0.046219,0.061498,0.080805,102.0,1245522.0,343486.0,,3.11.15,"{""tinyaudit"": ""0.1.0"", ""numpy"": ""1.26.4"", ""pandas"": ""3.0.3"", ""scikit-learn"": ""1.9.0"", ""torch"": ""2.12.0""}"
adult,logreg,race,int8,0,0.150246,0.143382,0.359296,0.853902,0.767449,0.194742,0.238785,0.28496,,,,,102.0,1245522.0,13278470.0,,3.11.15,"{""tinyaudit"": ""0.1.0"", ""numpy"": ""1.26.4"", ""pandas"": ""3.0.3"", ""scikit-learn"": ""1.9.0"", ""torch"": ""2.12.0""}"
adult,logreg,race,prune:0.3,0,0.15209,0.141882,0.358801,0.854066,0.767439,0.194415,0.238727,0.284985,0.269588,0.040762,0.054909,0.085569,102.0,1245522.0,343378.0,,3.11.15,"{""tinyaudit"": ""0.1.0"", ""numpy"": ""1.26.4"", ""pandas"": ""3.0.3"", ""scikit-learn"": ""1.9.0"", ""torch"": ""2.12.0""}"
adult,logreg,race,prune:0.5,0,0.136769,0.134008,0.381204,0.85423,0.764732,0.19032,0.236848,0.28324,0.269608,0.036697,0.052611,0.078946,102.0,1245522.0,343432.0,,3.11.15,"{""tinyaudit"": ""0.1.0"", ""numpy"": ""1.26.4"", ""pandas"": ""3.0.3"", ""scikit-learn"": ""1.9.0"", ""torch"": ""2.12.0""}"
adult,logreg,race,prune:0.7,0,0.157906,0.16243,0.326632,0.848088,0.748262,0.179101,0.231022,0.273278,0.283646,0.034158,0.049888,0.078135,102.0,1245522.0,343486.0,,3.11.15,"{""tinyaudit"": ""0.1.0"", ""numpy"": ""1.26.4"", ""pandas"": ""3.0.3"", ""scikit-learn"": ""1.9.0"", ""torch"": ""2.12.0""}"
adult,logreg,race,prune:0.9,0,0.096961,0.137908,0.296426,0.823274,0.676944,0.127099,0.216908,0.247791,0.301591,0.042981,0.047178,0.056712,102.0,1245522.0,343486.0,,3.11.15,"{""tinyaudit"": ""0.1.0"", ""numpy"": ""1.26.4"", ""pandas"": ""3.0.3"", ""scikit-learn"": ""1.9.0"", ""torch"": ""2.12.0""}"
adult,tree,sex,none,0,0.185564,0.093274,0.385452,0.820408,0.753995,0.240193,0.240398,0.427205,,,,,10479.0,127959069.0,5326200.0,,3.11.15,"{""tinyaudit"": ""0.1.0"", ""numpy"": ""1.26.4"", ""pandas"": ""3.0.3"", ""scikit-learn"": ""1.9.0"", ""torch"": ""2.12.0""}"
adult,tree,sex,int8,0,,,,,,,,,,,,,,,,"NotImplementedError: quantize_int8 supports sklearn LogisticRegression and MLPClassifier; got 'DecisionTreeClassifier'. For other sklearn families, wrap the model in ONNX manually.",3.11.15,"{""tinyaudit"": ""0.1.0"", ""numpy"": ""1.26.4"", ""pandas"": ""3.0.3"", ""scikit-learn"": ""1.9.0"", ""torch"": ""2.12.0""}"
adult,tree,sex,prune:0.3,0,,,,,,,,,,,,,,,,"RuntimeError: magnitude_prune supports the sklearn weight-array families LogisticRegression (coef_) and MLPClassifier (coefs_); got 'DecisionTreeClassifier', which has no prunable dense weight matrix.",3.11.15,"{""tinyaudit"": ""0.1.0"", ""numpy"": ""1.26.4"", ""pandas"": ""3.0.3"", ""scikit-learn"": ""1.9.0"", ""torch"": ""2.12.0""}"
adult,tree,sex,prune:0.5,0,,,,,,,,,,,,,,,,"RuntimeError: magnitude_prune supports the sklearn weight-array families LogisticRegression (coef_) and MLPClassifier (coefs_); got 'DecisionTreeClassifier', which has no prunable dense weight matrix.",3.11.15,"{""tinyaudit"": ""0.1.0"", ""numpy"": ""1.26.4"", ""pandas"": ""3.0.3"", ""scikit-learn"": ""1.9.0"", ""torch"": ""2.12.0""}"
adult,tree,sex,prune:0.7,0,,,,,,,,,,,,,,,,"RuntimeError: magnitude_prune supports the sklearn weight-array families LogisticRegression (coef_) and MLPClassifier (coefs_); got 'DecisionTreeClassifier', which has no prunable dense weight matrix.",3.11.15,"{""tinyaudit"": ""0.1.0"", ""numpy"": ""1.26.4"", ""pandas"": ""3.0.3"", ""scikit-learn"": ""1.9.0"", ""torch"": ""2.12.0""}"
adult,tree,sex,prune:0.9,0,,,,,,,,,,,,,,,,"RuntimeError: magnitude_prune supports the sklearn weight-array families LogisticRegression (coef_) and MLPClassifier (coefs_); got 'DecisionTreeClassifier', which has no prunable dense weight matrix.",3.11.15,"{""tinyaudit"": ""0.1.0"", ""numpy"": ""1.26.4"", ""pandas"": ""3.0.3"", ""scikit-learn"": ""1.9.0"", ""torch"": ""2.12.0""}"
adult,tree,race,none,0,0.144951,0.16363,0.445601,0.820408,0.753995,0.240193,0.240398,0.427205,,,,,10479.0,127959069.0,5325096.0,,3.11.15,"{""tinyaudit"": ""0.1.0"", ""numpy"": ""1.26.4"", ""pandas"": ""3.0.3"", ""scikit-learn"": ""1.9.0"", ""torch"": ""2.12.0""}"
adult,tree,race,int8,0,,,,,,,,,,,,,,,,"NotImplementedError: quantize_int8 supports sklearn LogisticRegression and MLPClassifier; got 'DecisionTreeClassifier'. For other sklearn families, wrap the model in ONNX manually.",3.11.15,"{""tinyaudit"": ""0.1.0"", ""numpy"": ""1.26.4"", ""pandas"": ""3.0.3"", ""scikit-learn"": ""1.9.0"", ""torch"": ""2.12.0""}"
adult,tree,race,prune:0.3,0,,,,,,,,,,,,,,,,"RuntimeError: magnitude_prune supports the sklearn weight-array families LogisticRegression (coef_) and MLPClassifier (coefs_); got 'DecisionTreeClassifier', which has no prunable dense weight matrix.",3.11.15,"{""tinyaudit"": ""0.1.0"", ""numpy"": ""1.26.4"", ""pandas"": ""3.0.3"", ""scikit-learn"": ""1.9.0"", ""torch"": ""2.12.0""}"
adult,tree,race,prune:0.5,0,,,,,,,,,,,,,,,,"RuntimeError: magnitude_prune supports the sklearn weight-array families LogisticRegression (coef_) and MLPClassifier (coefs_); got 'DecisionTreeClassifier', which has no prunable dense weight matrix.",3.11.15,"{""tinyaudit"": ""0.1.0"", ""numpy"": ""1.26.4"", ""pandas"": ""3.0.3"", ""scikit-learn"": ""1.9.0"", ""torch"": ""2.12.0""}"
adult,tree,race,prune:0.7,0,,,,,,,,,,,,,,,,"RuntimeError: magnitude_prune supports the sklearn weight-array families LogisticRegression (coef_) and MLPClassifier (coefs_); got 'DecisionTreeClassifier', which has no prunable dense weight matrix.",3.11.15,"{""tinyaudit"": ""0.1.0"", ""numpy"": ""1.26.4"", ""pandas"": ""3.0.3"", ""scikit-learn"": ""1.9.0"", ""torch"": ""2.12.0""}"
adult,tree,race,prune:0.9,0,,,,,,,,,,,,,,,,"RuntimeError: magnitude_prune supports the sklearn weight-array families LogisticRegression (coef_) and MLPClassifier (coefs_); got 'DecisionTreeClassifier', which has no prunable dense weight matrix.",3.11.15,"{""tinyaudit"": ""0.1.0"", ""numpy"": ""1.26.4"", ""pandas"": ""3.0.3"", ""scikit-learn"": ""1.9.0"", ""torch"": ""2.12.0""}"
adult,mlp,sex,none,0,0.198399,0.109817,0.303294,0.840717,0.766523,0.218737,0.239297,0.325366,0.26857,0.02548,0.023612,0.142332,4353.0,53154483.0,6253180.0,,3.11.15,"{""tinyaudit"": ""0.1.0"", ""numpy"": ""1.26.4"", ""pandas"": ""3.0.3"", ""scikit-learn"": ""1.9.0"", ""torch"": ""2.12.0""}"
adult,mlp,sex,int8,0,0.225721,0.127929,0.323668,0.825567,0.774276,0.258619,0.268431,0.348568,,,,,4353.0,53154483.0,13277022.0,,3.11.15,"{""tinyaudit"": ""0.1.0"", ""numpy"": ""1.26.4"", ""pandas"": ""3.0.3"", ""scikit-learn"": ""1.9.0"", ""torch"": ""2.12.0""}"
adult,mlp,sex,prune:0.3,0,0.272107,0.187595,0.377986,0.778888,0.773386,0.3469,0.346025,0.387588,0.282571,0.073892,0.076275,0.237738,4353.0,53154483.0,6253180.0,,3.11.15,"{""tinyaudit"": ""0.1.0"", ""numpy"": ""1.26.4"", ""pandas"": ""3.0.3"", ""scikit-learn"": ""1.9.0"", ""torch"": ""2.12.0""}"
adult,mlp,sex,prune:0.5,0,0.228578,0.164159,0.609351,0.651462,0.714496,0.509049,0.494199,0.376347,0.382615,0.167231,0.061836,0.227365,4353.0,53154483.0,6253180.0,,3.11.15,"{""tinyaudit"": ""0.1.0"", ""numpy"": ""1.26.4"", ""pandas"": ""3.0.3"", ""scikit-learn"": ""1.9.0"", ""torch"": ""2.12.0""}"
adult,mlp,sex,prune:0.7,0,0.084783,0.106176,0.874959,0.504299,0.613194,0.649824,0.591546,0.312902,0.465993,0.262582,0.040322,0.086452,4353.0,53154483.0,6253180.0,,3.11.15,"{""tinyaudit"": ""0.1.0"", ""numpy"": ""1.26.4"", ""pandas"": ""3.0.3"", ""scikit-learn"": ""1.9.0"", ""torch"": ""2.12.0""}"
adult,mlp,sex,prune:0.9,0,0.0,0.0,1.0,0.239292,0.5,1.0,0.529304,0.080044,0.678759,0.320297,0.184827,0.0,4353.0,53154483.0,6253180.0,,3.11.15,"{""tinyaudit"": ""0.1.0"", ""numpy"": ""1.26.4"", ""pandas"": ""3.0.3"", ""scikit-learn"": ""1.9.0"", ""torch"": ""2.12.0""}"
adult,mlp,race,none,0,0.145993,0.158974,0.417598,0.840717,0.766523,0.218737,0.239297,0.325366,0.255735,0.044277,0.069314,0.119062,4353.0,53154483.0,6253180.0,,3.11.15,"{""tinyaudit"": ""0.1.0"", ""numpy"": ""1.26.4"", ""pandas"": ""3.0.3"", ""scikit-learn"": ""1.9.0"", ""torch"": ""2.12.0""}"
adult,mlp,race,int8,0,0.157488,0.235897,0.458999,0.825567,0.774276,0.258619,0.268431,0.348568,,,,,4353.0,53154483.0,13278430.0,,3.11.15,"{""tinyaudit"": ""0.1.0"", ""numpy"": ""1.26.4"", ""pandas"": ""3.0.3"", ""scikit-learn"": ""1.9.0"", ""torch"": ""2.12.0""}"
adult,mlp,race,prune:0.3,0,0.176957,0.280808,0.51861,0.778888,0.773386,0.3469,0.346025,0.387588,0.275058,0.093905,0.105792,0.176965,4353.0,53154483.0,6253180.0,,3.11.15,"{""tinyaudit"": ""0.1.0"", ""numpy"": ""1.26.4"", ""pandas"": ""3.0.3"", ""scikit-learn"": ""1.9.0"", ""torch"": ""2.12.0""}"
adult,mlp,race,prune:0.5,0,0.17599,0.179487,0.665102,0.651462,0.714496,0.509049,0.494199,0.376347,0.354565,0.188728,0.077522,0.172451,4353.0,53154483.0,6253180.0,,3.11.15,"{""tinyaudit"": ""0.1.0"", ""numpy"": ""1.26.4"", ""pandas"": ""3.0.3"", ""scikit-learn"": ""1.9.0"", ""torch"": ""2.12.0""}"
adult,mlp,race,prune:0.7,0,0.24073,0.275401,0.649762,0.504299,0.613194,0.649824,0.591546,0.312902,0.436414,0.270107,0.13389,0.304195,4353.0,53154483.0,6253180.0,,3.11.15,"{""tinyaudit"": ""0.1.0"", ""numpy"": ""1.26.4"", ""pandas"": ""3.0.3"", ""scikit-learn"": ""1.9.0"", ""torch"": ""2.12.0""}"
adult,mlp,race,prune:0.9,0,0.0,0.0,1.0,0.239292,0.5,1.0,0.529304,0.080044,0.665121,0.36176,0.159466,0.0,4353.0,53154483.0,6253180.0,,3.11.15,"{""tinyaudit"": ""0.1.0"", ""numpy"": ""1.26.4"", ""pandas"": ""3.0.3"", ""scikit-learn"": ""1.9.0"", ""torch"": ""2.12.0""}"
adult,majority,sex,none,0,0.0,0.0,1.0,0.760708,0.5,0.0,0.0,0.0,,,,,1.0,12211.0,98090.0,,3.11.15,"{""tinyaudit"": ""0.1.0"", ""numpy"": ""1.26.4"", ""pandas"": ""3.0.3"", ""scikit-learn"": ""1.9.0"", ""torch"": ""2.12.0""}"
adult,prevalence,sex,none,0,0.0,0.0,1.0,0.760708,0.5,0.0,0.239278,0.0,,,,,1.0,12211.0,98090.0,,3.11.15,"{""tinyaudit"": ""0.1.0"", ""numpy"": ""1.26.4"", ""pandas"": ""3.0.3"", ""scikit-learn"": ""1.9.0"", ""torch"": ""2.12.0""}"
adult,majority,race,none,0,0.0,0.0,1.0,0.760708,0.5,0.0,0.0,0.0,,,,,1.0,12211.0,98090.0,,3.11.15,"{""tinyaudit"": ""0.1.0"", ""numpy"": ""1.26.4"", ""pandas"": ""3.0.3"", ""scikit-learn"": ""1.9.0"", ""torch"": ""2.12.0""}"
adult,prevalence,race,none,0,0.0,0.0,1.0,0.760708,0.5,0.0,0.239278,0.0,,,,,1.0,12211.0,98090.0,,3.11.15,"{""tinyaudit"": ""0.1.0"", ""numpy"": ""1.26.4"", ""pandas"": ""3.0.3"", ""scikit-learn"": ""1.9.0"", ""torch"": ""2.12.0""}"
compas,logreg,sex,none,0,0.163081,0.148721,0.557752,0.683085,0.669956,0.33895,0.459252,0.191779,0.610793,0.057255,0.038814,0.179551,6.0,9258.0,63955.0,,3.11.15,"{""tinyaudit"": ""0.1.0"", ""numpy"": ""1.26.4"", ""pandas"": ""3.0.3"", ""scikit-learn"": ""1.9.0"", ""torch"": ""2.12.0""}"
compas,logreg,sex,int8,0,0.163081,0.148721,0.557752,0.683085,0.669956,0.33895,0.459252,0.191779,,,,,6.0,9258.0,674858.0,,3.11.15,"{""tinyaudit"": ""0.1.0"", ""numpy"": ""1.26.4"", ""pandas"": ""3.0.3"", ""scikit-learn"": ""1.9.0"", ""torch"": ""2.12.0""}"
compas,logreg,sex,prune:0.3,0,0.163081,0.153672,0.557752,0.686973,0.673876,0.33895,0.4592,0.191192,0.610822,0.057236,0.030695,0.17573,6.0,9258.0,63955.0,,3.11.15,"{""tinyaudit"": ""0.1.0"", ""numpy"": ""1.26.4"", ""pandas"": ""3.0.3"", ""scikit-learn"": ""1.9.0"", ""torch"": ""2.12.0""}"
compas,logreg,sex,prune:0.5,0,0.151605,0.131704,0.579838,0.685029,0.671386,0.333117,0.460213,0.18648,0.614602,0.065501,0.046795,0.172622,6.0,9258.0,63955.0,,3.11.15,"{""tinyaudit"": ""0.1.0"", ""numpy"": ""1.26.4"", ""pandas"": ""3.0.3"", ""scikit-learn"": ""1.9.0"", ""torch"": ""2.12.0""}"
compas,logreg,sex,prune:0.7,0,0.13091,0.134488,0.50723,0.636423,0.614083,0.241737,0.448999,0.164901,0.632105,0.073392,0.092344,0.151772,6.0,9258.0,63955.0,,3.11.15,"{""tinyaudit"": ""0.1.0"", ""numpy"": ""1.26.4"", ""pandas"": ""3.0.3"", ""scikit-learn"": ""1.9.0"", ""torch"": ""2.12.0""}"
compas,logreg,sex,prune:0.9,0,0.0,0.0,1.0,0.545042,0.5,0.0,0.456009,0.0,0.688861,0.070073,0.08648,0.0,6.0,9258.0,63955.0,,3.11.15,"{""tinyaudit"": ""0.1.0"", ""numpy"": ""1.26.4"", ""pandas"": ""3.0.3"", ""scikit-learn"": ""1.9.0"", ""torch"": ""2.12.0""}"
compas,logreg,race,none,0,0.452736,1.0,0.0,0.683085,0.669956,0.33895,0.459252,0.191779,0.622204,0.127695,0.36742,0.496329,6.0,9258.0,63955.0,,3.11.15,"{""tinyaudit"": ""0.1.0"", ""numpy"": ""1.26.4"", ""pandas"": ""3.0.3"", ""scikit-learn"": ""1.9.0"", ""torch"": ""2.12.0""}"
compas,logreg,race,int8,0,0.452736,1.0,0.0,0.683085,0.669956,0.33895,0.459252,0.191779,,,,,6.0,9258.0,674602.0,,3.11.15,"{""tinyaudit"": ""0.1.0"", ""numpy"": ""1.26.4"", ""pandas"": ""3.0.3"", ""scikit-learn"": ""1.9.0"", ""torch"": ""2.12.0""}"
compas,logreg,race,prune:0.3,0,0.45398,1.0,0.0,0.686973,0.673876,0.33895,0.4592,0.191192,0.622122,0.126109,0.364347,0.492825,6.0,9258.0,63955.0,,3.11.15,"{""tinyaudit"": ""0.1.0"", ""numpy"": ""1.26.4"", ""pandas"": ""3.0.3"", ""scikit-learn"": ""1.9.0"", ""torch"": ""2.12.0""}"
compas,logreg,race,prune:0.5,0,0.449005,1.0,0.0,0.685029,0.671386,0.333117,0.460213,0.18648,0.625329,0.129611,0.362562,0.493484,6.0,9258.0,63955.0,,3.11.15,"{""tinyaudit"": ""0.1.0"", ""numpy"": ""1.26.4"", ""pandas"": ""3.0.3"", ""scikit-learn"": ""1.9.0"", ""torch"": ""2.12.0""}"
compas,logreg,race,prune:0.7,0,0.231061,0.818182,0.306818,0.636423,0.614083,0.241737,0.448999,0.164901,0.644106,0.136745,0.345779,0.357265,6.0,9258.0,63901.0,,3.11.15,"{""tinyaudit"": ""0.1.0"", ""numpy"": ""1.26.4"", ""pandas"": ""3.0.3"", ""scikit-learn"": ""1.9.0"", ""torch"": ""2.12.0""}"
compas,logreg,race,prune:0.9,0,0.0,0.0,1.0,0.545042,0.5,0.0,0.456009,0.0,0.688861,0.083988,0.066667,0.0,6.0,9258.0,63901.0,,3.11.15,"{""tinyaudit"": ""0.1.0"", ""numpy"": ""1.26.4"", ""pandas"": ""3.0.3"", ""scikit-learn"": ""1.9.0"", ""torch"": ""2.12.0""}"
compas,tree,sex,none,0,0.096228,0.079332,0.705476,0.640311,0.624125,0.309138,0.446402,0.303227,,,,,1423.0,2195689.0,81282.0,,3.11.15,"{""tinyaudit"": ""0.1.0"", ""numpy"": ""1.26.4"", ""pandas"": ""3.0.3"", ""scikit-learn"": ""1.9.0"", ""torch"": ""2.12.0""}"
compas,tree,sex,int8,0,,,,,,,,,,,,,,,,"NotImplementedError: quantize_int8 supports sklearn LogisticRegression and MLPClassifier; got 'DecisionTreeClassifier'. For other sklearn families, wrap the model in ONNX manually.",3.11.15,"{""tinyaudit"": ""0.1.0"", ""numpy"": ""1.26.4"", ""pandas"": ""3.0.3"", ""scikit-learn"": ""1.9.0"", ""torch"": ""2.12.0""}"
compas,tree,sex,prune:0.3,0,,,,,,,,,,,,,,,,"RuntimeError: magnitude_prune supports the sklearn weight-array families LogisticRegression (coef_) and MLPClassifier (coefs_); got 'DecisionTreeClassifier', which has no prunable dense weight matrix.",3.11.15,"{""tinyaudit"": ""0.1.0"", ""numpy"": ""1.26.4"", ""pandas"": ""3.0.3"", ""scikit-learn"": ""1.9.0"", ""torch"": ""2.12.0""}"
compas,tree,sex,prune:0.5,0,,,,,,,,,,,,,,,,"RuntimeError: magnitude_prune supports the sklearn weight-array families LogisticRegression (coef_) and MLPClassifier (coefs_); got 'DecisionTreeClassifier', which has no prunable dense weight matrix.",3.11.15,"{""tinyaudit"": ""0.1.0"", ""numpy"": ""1.26.4"", ""pandas"": ""3.0.3"", ""scikit-learn"": ""1.9.0"", ""torch"": ""2.12.0""}"
compas,tree,sex,prune:0.7,0,,,,,,,,,,,,,,,,"RuntimeError: magnitude_prune supports the sklearn weight-array families LogisticRegression (coef_) and MLPClassifier (coefs_); got 'DecisionTreeClassifier', which has no prunable dense weight matrix.",3.11.15,"{""tinyaudit"": ""0.1.0"", ""numpy"": ""1.26.4"", ""pandas"": ""3.0.3"", ""scikit-learn"": ""1.9.0"", ""torch"": ""2.12.0""}"
compas,tree,sex,prune:0.9,0,,,,,,,,,,,,,,,,"RuntimeError: magnitude_prune supports the sklearn weight-array families LogisticRegression (coef_) and MLPClassifier (coefs_); got 'DecisionTreeClassifier', which has no prunable dense weight matrix.",3.11.15,"{""tinyaudit"": ""0.1.0"", ""numpy"": ""1.26.4"", ""pandas"": ""3.0.3"", ""scikit-learn"": ""1.9.0"", ""torch"": ""2.12.0""}"
compas,tree,race,none,0,0.469816,0.675258,0.295276,0.640311,0.624125,0.309138,0.446402,0.303227,,,,,1423.0,2195689.0,81336.0,,3.11.15,"{""tinyaudit"": ""0.1.0"", ""numpy"": ""1.26.4"", ""pandas"": ""3.0.3"", ""scikit-learn"": ""1.9.0"", ""torch"": ""2.12.0""}"
compas,tree,race,int8,0,,,,,,,,,,,,,,,,"NotImplementedError: quantize_int8 supports sklearn LogisticRegression and MLPClassifier; got 'DecisionTreeClassifier'. For other sklearn families, wrap the model in ONNX manually.",3.11.15,"{""tinyaudit"": ""0.1.0"", ""numpy"": ""1.26.4"", ""pandas"": ""3.0.3"", ""scikit-learn"": ""1.9.0"", ""torch"": ""2.12.0""}"
compas,tree,race,prune:0.3,0,,,,,,,,,,,,,,,,"RuntimeError: magnitude_prune supports the sklearn weight-array families LogisticRegression (coef_) and MLPClassifier (coefs_); got 'DecisionTreeClassifier', which has no prunable dense weight matrix.",3.11.15,"{""tinyaudit"": ""0.1.0"", ""numpy"": ""1.26.4"", ""pandas"": ""3.0.3"", ""scikit-learn"": ""1.9.0"", ""torch"": ""2.12.0""}"
compas,tree,race,prune:0.5,0,,,,,,,,,,,,,,,,"RuntimeError: magnitude_prune supports the sklearn weight-array families LogisticRegression (coef_) and MLPClassifier (coefs_); got 'DecisionTreeClassifier', which has no prunable dense weight matrix.",3.11.15,"{""tinyaudit"": ""0.1.0"", ""numpy"": ""1.26.4"", ""pandas"": ""3.0.3"", ""scikit-learn"": ""1.9.0"", ""torch"": ""2.12.0""}"
compas,tree,race,prune:0.7,0,,,,,,,,,,,,,,,,"RuntimeError: magnitude_prune supports the sklearn weight-array families LogisticRegression (coef_) and MLPClassifier (coefs_); got 'DecisionTreeClassifier', which has no prunable dense weight matrix.",3.11.15,"{""tinyaudit"": ""0.1.0"", ""numpy"": ""1.26.4"", ""pandas"": ""3.0.3"", ""scikit-learn"": ""1.9.0"", ""torch"": ""2.12.0""}"
compas,tree,race,prune:0.9,0,,,,,,,,,,,,,,,,"RuntimeError: magnitude_prune supports the sklearn weight-array families LogisticRegression (coef_) and MLPClassifier (coefs_); got 'DecisionTreeClassifier', which has no prunable dense weight matrix.",3.11.15,"{""tinyaudit"": ""0.1.0"", ""numpy"": ""1.26.4"", ""pandas"": ""3.0.3"", ""scikit-learn"": ""1.9.0"", ""torch"": ""2.12.0""}"
compas,mlp,sex,none,0,0.125601,0.077542,0.703403,0.686325,0.678815,0.400518,0.460937,0.214334,0.602569,0.033661,0.035819,0.165986,1281.0,1976583.0,791164.0,,3.11.15,"{""tinyaudit"": ""0.1.0"", ""numpy"": ""1.26.4"", ""pandas"": ""3.0.3"", ""scikit-learn"": ""1.9.0"", ""torch"": ""2.12.0""}"
compas,mlp,sex,int8,0,0.128489,0.089691,0.71067,0.684381,0.678679,0.420609,0.459986,0.213657,,,,,1281.0,1976583.0,675082.0,,3.11.15,"{""tinyaudit"": ""0.1.0"", ""numpy"": ""1.26.4"", ""pandas"": ""3.0.3"", ""scikit-learn"": ""1.9.0"", ""torch"": ""2.12.0""}"
compas,mlp,sex,prune:0.3,0,0.145773,0.111204,0.740001,0.668179,0.672645,0.534025,0.562284,0.175242,0.631876,0.068696,0.057139,0.120674,1281.0,1976583.0,791164.0,,3.11.15,"{""tinyaudit"": ""0.1.0"", ""numpy"": ""1.26.4"", ""pandas"": ""3.0.3"", ""scikit-learn"": ""1.9.0"", ""torch"": ""2.12.0""}"
compas,mlp,sex,prune:0.5,0,0.0,0.0,1.0,0.454958,0.5,1.0,0.67668,0.105216,0.615829,0.252571,0.106167,0.0,1281.0,1976583.0,791164.0,,3.11.15,"{""tinyaudit"": ""0.1.0"", ""numpy"": ""1.26.4"", ""pandas"": ""3.0.3"", ""scikit-learn"": ""1.9.0"", ""torch"": ""2.12.0""}"
compas,mlp,sex,prune:0.7,0,0.008768,0.008364,0.991169,0.453662,0.497398,0.985742,0.629629,0.068522,0.652142,0.218357,0.134394,0.000864,1281.0,1976583.0,791164.0,,3.11.15,"{""tinyaudit"": ""0.1.0"", ""numpy"": ""1.26.4"", ""pandas"": ""3.0.3"", ""scikit-learn"": ""1.9.0"", ""torch"": ""2.12.0""}"
compas,mlp,sex,prune:0.9,0,0.0,0.0,1.0,0.545042,0.5,0.0,0.468352,0.001018,0.690464,0.070038,0.105788,0.0,1281.0,1976583.0,791164.0,,3.11.15,"{""tinyaudit"": ""0.1.0"", ""numpy"": ""1.26.4"", ""pandas"": ""3.0.3"", ""scikit-learn"": ""1.9.0"", ""torch"": ""2.12.0""}"
compas,mlp,race,none,0,0.313682,0.613636,0.389346,0.686325,0.678815,0.400518,0.460937,0.214334,0.611942,0.120732,0.366034,0.49418,1281.0,1976583.0,791164.0,,3.11.15,"{""tinyaudit"": ""0.1.0"", ""numpy"": ""1.26.4"", ""pandas"": ""3.0.3"", ""scikit-learn"": ""1.9.0"", ""torch"": ""2.12.0""}"
compas,mlp,race,int8,0,0.332338,0.545455,0.375701,0.684381,0.678679,0.420609,0.459986,0.213657,,,,,1281.0,1976583.0,674410.0,,3.11.15,"{""tinyaudit"": ""0.1.0"", ""numpy"": ""1.26.4"", ""pandas"": ""3.0.3"", ""scikit-learn"": ""1.9.0"", ""torch"": ""2.12.0""}"
compas,mlp,race,prune:0.3,0,0.335958,0.501326,0.496063,0.668179,0.672645,0.534025,0.562284,0.175242,0.649133,0.199145,0.413212,0.327183,1281.0,1976583.0,791164.0,,3.11.15,"{""tinyaudit"": ""0.1.0"", ""numpy"": ""1.26.4"", ""pandas"": ""3.0.3"", ""scikit-learn"": ""1.9.0"", ""torch"": ""2.12.0""}"
compas,mlp,race,prune:0.5,0,0.0,0.0,1.0,0.454958,0.5,1.0,0.67668,0.105216,0.632794,0.270766,0.174506,0.0,1281.0,1976583.0,791164.0,,3.11.15,"{""tinyaudit"": ""0.1.0"", ""numpy"": ""1.26.4"", ""pandas"": ""3.0.3"", ""scikit-learn"": ""1.9.0"", ""torch"": ""2.12.0""}"
compas,mlp,race,prune:0.7,0,0.022727,0.029412,0.977273,0.453662,0.497398,0.985742,0.629629,0.068522,0.657883,0.237395,0.169413,0.005123,1281.0,1976583.0,791164.0,,3.11.15,"{""tinyaudit"": ""0.1.0"", ""numpy"": ""1.26.4"", ""pandas"": ""3.0.3"", ""scikit-learn"": ""1.9.0"", ""torch"": ""2.12.0""}"
compas,mlp,race,prune:0.9,0,0.0,0.0,1.0,0.545042,0.5,0.0,0.468352,0.001018,0.690466,0.090428,0.066667,0.0,1281.0,1976583.0,791164.0,,3.11.15,"{""tinyaudit"": ""0.1.0"", ""numpy"": ""1.26.4"", ""pandas"": ""3.0.3"", ""scikit-learn"": ""1.9.0"", ""torch"": ""2.12.0""}"
compas,majority,sex,none,0,0.0,0.0,1.0,0.545042,0.5,0.0,0.0,0.0,,,,,1.0,1543.0,12746.0,,3.11.15,"{""tinyaudit"": ""0.1.0"", ""numpy"": ""1.26.4"", ""pandas"": ""3.0.3"", ""scikit-learn"": ""1.9.0"", ""torch"": ""2.12.0""}"
compas,prevalence,sex,none,0,0.0,0.0,1.0,0.545042,0.5,0.0,0.455174,0.0,,,,,1.0,1543.0,12746.0,,3.11.15,"{""tinyaudit"": ""0.1.0"", ""numpy"": ""1.26.4"", ""pandas"": ""3.0.3"", ""scikit-learn"": ""1.9.0"", ""torch"": ""2.12.0""}"
compas,majority,race,none,0,0.0,0.0,1.0,0.545042,0.5,0.0,0.0,0.0,,,,,1.0,1543.0,12746.0,,3.11.15,"{""tinyaudit"": ""0.1.0"", ""numpy"": ""1.26.4"", ""pandas"": ""3.0.3"", ""scikit-learn"": ""1.9.0"", ""torch"": ""2.12.0""}"
compas,prevalence,race,none,0,0.0,0.0,1.0,0.545042,0.5,0.0,0.455174,0.0,,,,,1.0,1543.0,12746.0,,3.11.15,"{""tinyaudit"": ""0.1.0"", ""numpy"": ""1.26.4"", ""pandas"": ""3.0.3"", ""scikit-learn"": ""1.9.0"", ""torch"": ""2.12.0""}"
adult,logreg,sex,none,1,0.190734,0.124504,0.2892,0.856523,0.778202,0.204733,0.242087,0.288425,0.295485,0.00928,0.007379,0.106242,102.0,1245522.0,344718.0,,3.11.15,"{""tinyaudit"": ""0.1.0"", ""numpy"": ""1.26.4"", ""pandas"": ""3.0.3"", ""scikit-learn"": ""1.9.0"", ""torch"": ""2.12.0""}"
adult,logreg,sex,int8,1,0.190734,0.124504,0.2892,0.856523,0.778202,0.204733,0.242087,0.288425,,,,,102.0,1245522.0,13282288.0,,3.11.15,"{""tinyaudit"": ""0.1.0"", ""numpy"": ""1.26.4"", ""pandas"": ""3.0.3"", ""scikit-learn"": ""1.9.0"", ""torch"": ""2.12.0""}"
adult,logreg,sex,prune:0.3,1,0.185206,0.114561,0.296598,0.856768,0.776253,0.20154,0.240754,0.286866,0.296223,0.009856,0.007521,0.104048,102.0,1245522.0,343486.0,,3.11.15,"{""tinyaudit"": ""0.1.0"", ""numpy"": ""1.26.4"", ""pandas"": ""3.0.3"", ""scikit-learn"": ""1.9.0"", ""torch"": ""2.12.0""}"
adult,logreg,sex,prune:0.5,1,0.182871,0.112853,0.298591,0.856768,0.774962,0.199738,0.240195,0.286413,0.295914,0.008264,0.005679,0.103457,102.0,1245522.0,343486.0,,3.11.15,"{""tinyaudit"": ""0.1.0"", ""numpy"": ""1.26.4"", ""pandas"": ""3.0.3"", ""scikit-learn"": ""1.9.0"", ""torch"": ""2.12.0""}"
adult,logreg,sex,prune:0.7,1,0.165423,0.08573,0.314471,0.852674,0.759604,0.186144,0.235084,0.278872,0.299426,0.00918,0.003878,0.095016,102.0,1245522.0,343486.0,,3.11.15,"{""tinyaudit"": ""0.1.0"", ""numpy"": ""1.26.4"", ""pandas"": ""3.0.3"", ""scikit-learn"": ""1.9.0"", ""torch"": ""2.12.0""}"
adult,logreg,sex,prune:0.9,1,0.139599,0.156472,0.217497,0.826386,0.684619,0.131848,0.217904,0.250281,0.306619,0.022225,0.020324,0.080142,102.0,1245522.0,343486.0,,3.11.15,"{""tinyaudit"": ""0.1.0"", ""numpy"": ""1.26.4"", ""pandas"": ""3.0.3"", ""scikit-learn"": ""1.9.0"", ""torch"": ""2.12.0""}"
adult,logreg,race,none,1,0.153883,0.16293,0.387709,0.856523,0.778202,0.204733,0.242087,0.288425,0.271322,0.02654,0.047126,0.084032,102.0,1245522.0,343486.0,,3.11.15,"{""tinyaudit"": ""0.1.0"", ""numpy"": ""1.26.4"", ""pandas"": ""3.0.3"", ""scikit-learn"": ""1.9.0"", ""torch"": ""2.12.0""}"
adult,logreg,race,int8,1,0.153883,0.16293,0.387709,0.856523,0.778202,0.204733,0.242087,0.288425,,,,,102.0,1245522.0,13278470.0,,3.11.15,"{""tinyaudit"": ""0.1.0"", ""numpy"": ""1.26.4"", ""pandas"": ""3.0.3"", ""scikit-learn"": ""1.9.0"", ""torch"": ""2.12.0""}"
adult,logreg,race,prune:0.3,1,0.141481,0.152292,0.40578,0.856768,0.776253,0.20154,0.240754,0.286866,0.272976,0.030726,0.049375,0.083345,102.0,1245522.0,343486.0,,3.11.15,"{""tinyaudit"": ""0.1.0"", ""numpy"": ""1.26.4"", ""pandas"": ""3.0.3"", ""scikit-learn"": ""1.9.0"", ""torch"": ""2.12.0""}"
adult,logreg,race,prune:0.5,1,0.150075,0.155076,0.383388,0.856768,0.774962,0.199738,0.240195,0.286413,0.273354,0.028631,0.044778,0.083919,102.0,1245522.0,343486.0,,3.11.15,"{""tinyaudit"": ""0.1.0"", ""numpy"": ""1.26.4"", ""pandas"": ""3.0.3"", ""scikit-learn"": ""1.9.0"", ""torch"": ""2.12.0""}"
adult,logreg,race,prune:0.7,1,0.15139,0.143296,0.364162,0.852674,0.759604,0.186144,0.235084,0.278872,0.285387,0.024876,0.043661,0.085159,102.0,1245522.0,343486.0,,3.11.15,"{""tinyaudit"": ""0.1.0"", ""numpy"": ""1.26.4"", ""pandas"": ""3.0.3"", ""scikit-learn"": ""1.9.0"", ""torch"": ""2.12.0""}"
adult,logreg,race,prune:0.9,1,0.093203,0.074824,0.370879,0.826386,0.684619,0.131848,0.217904,0.250281,0.302947,0.034393,0.024209,0.060061,102.0,1245522.0,343486.0,,3.11.15,"{""tinyaudit"": ""0.1.0"", ""numpy"": ""1.26.4"", ""pandas"": ""3.0.3"", ""scikit-learn"": ""1.9.0"", ""torch"": ""2.12.0""}"
adult,tree,sex,none,1,0.19518,0.106521,0.370114,0.818279,0.754355,0.244779,0.244779,0.429956,,,,,10757.0,131353727.0,5326146.0,,3.11.15,"{""tinyaudit"": ""0.1.0"", ""numpy"": ""1.26.4"", ""pandas"": ""3.0.3"", ""scikit-learn"": ""1.9.0"", ""torch"": ""2.12.0""}"
adult,tree,sex,int8,1,,,,,,,,,,,,,,,,"NotImplementedError: quantize_int8 supports sklearn LogisticRegression and MLPClassifier; got 'DecisionTreeClassifier'. For other sklearn families, wrap the model in ONNX manually.",3.11.15,"{""tinyaudit"": ""0.1.0"", ""numpy"": ""1.26.4"", ""pandas"": ""3.0.3"", ""scikit-learn"": ""1.9.0"", ""torch"": ""2.12.0""}"
adult,tree,sex,prune:0.3,1,,,,,,,,,,,,,,,,"RuntimeError: magnitude_prune supports the sklearn weight-array families LogisticRegression (coef_) and MLPClassifier (coefs_); got 'DecisionTreeClassifier', which has no prunable dense weight matrix.",3.11.15,"{""tinyaudit"": ""0.1.0"", ""numpy"": ""1.26.4"", ""pandas"": ""3.0.3"", ""scikit-learn"": ""1.9.0"", ""torch"": ""2.12.0""}"
adult,tree,sex,prune:0.5,1,,,,,,,,,,,,,,,,"RuntimeError: magnitude_prune supports the sklearn weight-array families LogisticRegression (coef_) and MLPClassifier (coefs_); got 'DecisionTreeClassifier', which has no prunable dense weight matrix.",3.11.15,"{""tinyaudit"": ""0.1.0"", ""numpy"": ""1.26.4"", ""pandas"": ""3.0.3"", ""scikit-learn"": ""1.9.0"", ""torch"": ""2.12.0""}"
adult,tree,sex,prune:0.7,1,,,,,,,,,,,,,,,,"RuntimeError: magnitude_prune supports the sklearn weight-array families LogisticRegression (coef_) and MLPClassifier (coefs_); got 'DecisionTreeClassifier', which has no prunable dense weight matrix.",3.11.15,"{""tinyaudit"": ""0.1.0"", ""numpy"": ""1.26.4"", ""pandas"": ""3.0.3"", ""scikit-learn"": ""1.9.0"", ""torch"": ""2.12.0""}"
adult,tree,sex,prune:0.9,1,,,,,,,,,,,,,,,,"RuntimeError: magnitude_prune supports the sklearn weight-array families LogisticRegression (coef_) and MLPClassifier (coefs_); got 'DecisionTreeClassifier', which has no prunable dense weight matrix.",3.11.15,"{""tinyaudit"": ""0.1.0"", ""numpy"": ""1.26.4"", ""pandas"": ""3.0.3"", ""scikit-learn"": ""1.9.0"", ""torch"": ""2.12.0""}"
adult,tree,race,none,1,0.17094,0.229951,0.366516,0.818279,0.754355,0.244779,0.244779,0.429956,,,,,10757.0,131353727.0,5325096.0,,3.11.15,"{""tinyaudit"": ""0.1.0"", ""numpy"": ""1.26.4"", ""pandas"": ""3.0.3"", ""scikit-learn"": ""1.9.0"", ""torch"": ""2.12.0""}"
adult,tree,race,int8,1,,,,,,,,,,,,,,,,"NotImplementedError: quantize_int8 supports sklearn LogisticRegression and MLPClassifier; got 'DecisionTreeClassifier'. For other sklearn families, wrap the model in ONNX manually.",3.11.15,"{""tinyaudit"": ""0.1.0"", ""numpy"": ""1.26.4"", ""pandas"": ""3.0.3"", ""scikit-learn"": ""1.9.0"", ""torch"": ""2.12.0""}"
adult,tree,race,prune:0.3,1,,,,,,,,,,,,,,,,"RuntimeError: magnitude_prune supports the sklearn weight-array families LogisticRegression (coef_) and MLPClassifier (coefs_); got 'DecisionTreeClassifier', which has no prunable dense weight matrix.",3.11.15,"{""tinyaudit"": ""0.1.0"", ""numpy"": ""1.26.4"", ""pandas"": ""3.0.3"", ""scikit-learn"": ""1.9.0"", ""torch"": ""2.12.0""}"
adult,tree,race,prune:0.5,1,,,,,,,,,,,,,,,,"RuntimeError: magnitude_prune supports the sklearn weight-array families LogisticRegression (coef_) and MLPClassifier (coefs_); got 'DecisionTreeClassifier', which has no prunable dense weight matrix.",3.11.15,"{""tinyaudit"": ""0.1.0"", ""numpy"": ""1.26.4"", ""pandas"": ""3.0.3"", ""scikit-learn"": ""1.9.0"", ""torch"": ""2.12.0""}"
adult,tree,race,prune:0.7,1,,,,,,,,,,,,,,,,"RuntimeError: magnitude_prune supports the sklearn weight-array families LogisticRegression (coef_) and MLPClassifier (coefs_); got 'DecisionTreeClassifier', which has no prunable dense weight matrix.",3.11.15,"{""tinyaudit"": ""0.1.0"", ""numpy"": ""1.26.4"", ""pandas"": ""3.0.3"", ""scikit-learn"": ""1.9.0"", ""torch"": ""2.12.0""}"
adult,tree,race,prune:0.9,1,,,,,,,,,,,,,,,,"RuntimeError: magnitude_prune supports the sklearn weight-array families LogisticRegression (coef_) and MLPClassifier (coefs_); got 'DecisionTreeClassifier', which has no prunable dense weight matrix.",3.11.15,"{""tinyaudit"": ""0.1.0"", ""numpy"": ""1.26.4"", ""pandas"": ""3.0.3"", ""scikit-learn"": ""1.9.0"", ""torch"": ""2.12.0""}"
adult,mlp,sex,none,1,0.189519,0.119686,0.341379,0.839161,0.76855,0.224552,0.248114,0.332446,0.224975,0.036349,0.025879,0.08331,4353.0,53154483.0,6253180.0,,3.11.15,"{""tinyaudit"": ""0.1.0"", ""numpy"": ""1.26.4"", ""pandas"": ""3.0.3"", ""scikit-learn"": ""1.9.0"", ""torch"": ""2.12.0""}"
adult,mlp,sex,int8,1,0.194079,0.095203,0.384649,0.827123,0.770724,0.250676,0.264531,0.345729,,,,,4353.0,53154483.0,13277022.0,,3.11.15,"{""tinyaudit"": ""0.1.0"", ""numpy"": ""1.26.4"", ""pandas"": ""3.0.3"", ""scikit-learn"": ""1.9.0"", ""torch"": ""2.12.0""}"
adult,mlp,sex,prune:0.3,1,0.230777,0.16771,0.66495,0.598149,0.714876,0.611825,0.589674,0.396492,0.324079,0.202954,0.057027,0.298178,4353.0,53154483.0,6253180.0,,3.11.15,"{""tinyaudit"": ""0.1.0"", ""numpy"": ""1.26.4"", ""pandas"": ""3.0.3"", ""scikit-learn"": ""1.9.0"", ""torch"": ""2.12.0""}"
adult,mlp,sex,prune:0.5,1,0.121349,0.063001,0.732486,0.678241,0.682602,0.413152,0.421452,0.363452,0.362932,0.105935,0.025101,0.140732,4353.0,53154483.0,6253180.0,,3.11.15,"{""tinyaudit"": ""0.1.0"", ""numpy"": ""1.26.4"", ""pandas"": ""3.0.3"", ""scikit-learn"": ""1.9.0"", ""torch"": ""2.12.0""}"
adult,mlp,sex,prune:0.7,1,0.082219,0.058219,0.885454,0.455245,0.574853,0.690361,0.556511,0.288864,0.486474,0.284109,0.07202,0.089827,4353.0,53154483.0,6253180.0,,3.11.15,"{""tinyaudit"": ""0.1.0"", ""numpy"": ""1.26.4"", ""pandas"": ""3.0.3"", ""scikit-learn"": ""1.9.0"", ""torch"": ""2.12.0""}"
adult,mlp,sex,prune:0.9,1,0.054925,0.063224,0.93631,0.33478,0.519483,0.844075,0.579936,0.177613,0.609192,0.341726,0.098064,0.108389,4353.0,53154483.0,6253180.0,,3.11.15,"{""tinyaudit"": ""0.1.0"", ""numpy"": ""1.26.4"", ""pandas"": ""3.0.3"", ""scikit-learn"": ""1.9.0"", ""torch"": ""2.12.0""}"
adult,mlp,race,none,1,0.152415,0.275641,0.429577,0.839161,0.76855,0.224552,0.248114,0.332446,0.202117,0.065556,0.075822,0.070653,4353.0,53154483.0,6253180.0,,3.11.15,"{""tinyaudit"": ""0.1.0"", ""numpy"": ""1.26.4"", ""pandas"": ""3.0.3"", ""scikit-learn"": ""1.9.0"", ""torch"": ""2.12.0""}"
adult,mlp,race,int8,1,0.185996,0.289107,0.40919,0.827123,0.770724,0.250676,0.264531,0.345729,,,,,4353.0,53154483.0,13278430.0,,3.11.15,"{""tinyaudit"": ""0.1.0"", ""numpy"": ""1.26.4"", ""pandas"": ""3.0.3"", ""scikit-learn"": ""1.9.0"", ""torch"": ""2.12.0""}"
adult,mlp,race,prune:0.3,1,0.171835,0.137357,0.730482,0.598149,0.714876,0.611825,0.589674,0.396492,0.319652,0.216368,0.12194,0.299645,4353.0,53154483.0,6253126.0,,3.11.15,"{""tinyaudit"": ""0.1.0"", ""numpy"": ""1.26.4"", ""pandas"": ""3.0.3"", ""scikit-learn"": ""1.9.0"", ""torch"": ""2.12.0""}"
adult,mlp,race,prune:0.5,1,0.147047,0.262821,0.694594,0.678241,0.682602,0.413152,0.421452,0.363452,0.339236,0.133512,0.189718,0.251575,4353.0,53154483.0,6253180.0,,3.11.15,"{""tinyaudit"": ""0.1.0"", ""numpy"": ""1.26.4"", ""pandas"": ""3.0.3"", ""scikit-learn"": ""1.9.0"", ""torch"": ""2.12.0""}"
adult,mlp,race,prune:0.7,1,0.305647,0.331561,0.570865,0.455245,0.574853,0.690361,0.556511,0.288864,0.455342,0.254417,0.198245,0.276555,4353.0,53154483.0,6253180.0,,3.11.15,"{""tinyaudit"": ""0.1.0"", ""numpy"": ""1.26.4"", ""pandas"": ""3.0.3"", ""scikit-learn"": ""1.9.0"", ""torch"": ""2.12.0""}"
adult,mlp,race,prune:0.9,1,0.117013,0.230769,0.867968,0.33478,0.519483,0.844075,0.579936,0.177613,0.61294,0.382356,0.142055,0.15632,4353.0,53154483.0,6253180.0,,3.11.15,"{""tinyaudit"": ""0.1.0"", ""numpy"": ""1.26.4"", ""pandas"": ""3.0.3"", ""scikit-learn"": ""1.9.0"", ""torch"": ""2.12.0""}"
adult,majority,sex,none,1,0.0,0.0,1.0,0.760708,0.5,0.0,0.0,0.0,,,,,1.0,12211.0,98090.0,,3.11.15,"{""tinyaudit"": ""0.1.0"", ""numpy"": ""1.26.4"", ""pandas"": ""3.0.3"", ""scikit-learn"": ""1.9.0"", ""torch"": ""2.12.0""}"
adult,prevalence,sex,none,1,0.0,0.0,1.0,0.760708,0.5,0.0,0.239278,0.0,,,,,1.0,12211.0,98090.0,,3.11.15,"{""tinyaudit"": ""0.1.0"", ""numpy"": ""1.26.4"", ""pandas"": ""3.0.3"", ""scikit-learn"": ""1.9.0"", ""torch"": ""2.12.0""}"
adult,majority,race,none,1,0.0,0.0,1.0,0.760708,0.5,0.0,0.0,0.0,,,,,1.0,12211.0,98090.0,,3.11.15,"{""tinyaudit"": ""0.1.0"", ""numpy"": ""1.26.4"", ""pandas"": ""3.0.3"", ""scikit-learn"": ""1.9.0"", ""torch"": ""2.12.0""}"
adult,prevalence,race,none,1,0.0,0.0,1.0,0.760708,0.5,0.0,0.239278,0.0,,,,,1.0,12211.0,98090.0,,3.11.15,"{""tinyaudit"": ""0.1.0"", ""numpy"": ""1.26.4"", ""pandas"": ""3.0.3"", ""scikit-learn"": ""1.9.0"", ""torch"": ""2.12.0""}"
compas,logreg,sex,none,1,0.134466,0.145209,0.622637,0.67466,0.660579,0.329229,0.451531,0.183818,0.616732,0.050717,0.050286,0.142136,6.0,9258.0,63955.0,,3.11.15,"{""tinyaudit"": ""0.1.0"", ""numpy"": ""1.26.4"", ""pandas"": ""3.0.3"", ""scikit-learn"": ""1.9.0"", ""torch"": ""2.12.0""}"
compas,logreg,sex,int8,1,0.134466,0.145209,0.622637,0.67466,0.660579,0.329229,0.451531,0.183818,,,,,6.0,9258.0,674858.0,,3.11.15,"{""tinyaudit"": ""0.1.0"", ""numpy"": ""1.26.4"", ""pandas"": ""3.0.3"", ""scikit-learn"": ""1.9.0"", ""torch"": ""2.12.0""}"
compas,logreg,sex,prune:0.3,1,0.13047,0.151966,0.636336,0.676604,0.662834,0.332469,0.452025,0.182355,0.617825,0.051602,0.037617,0.142698,6.0,9258.0,63955.0,,3.11.15,"{""tinyaudit"": ""0.1.0"", ""numpy"": ""1.26.4"", ""pandas"": ""3.0.3"", ""scikit-learn"": ""1.9.0"", ""torch"": ""2.12.0""}"
compas,logreg,sex,prune:0.5,1,0.131219,0.163391,0.628362,0.67466,0.660344,0.326636,0.452516,0.177381,0.620975,0.049261,0.029415,0.133964,6.0,9258.0,63955.0,,3.11.15,"{""tinyaudit"": ""0.1.0"", ""numpy"": ""1.26.4"", ""pandas"": ""3.0.3"", ""scikit-learn"": ""1.9.0"", ""torch"": ""2.12.0""}"
compas,logreg,sex,prune:0.7,1,0.123006,0.140326,0.51115,0.640959,0.617303,0.226831,0.439484,0.152086,0.634719,0.040016,0.032306,0.155686,6.0,9258.0,63901.0,,3.11.15,"{""tinyaudit"": ""0.1.0"", ""numpy"": ""1.26.4"", ""pandas"": ""3.0.3"", ""scikit-learn"": ""1.9.0"", ""torch"": ""2.12.0""}"
compas,logreg,sex,prune:0.9,1,0.0,0.0,1.0,0.545042,0.5,0.0,0.456142,0.0,0.688948,0.063411,0.074199,0.0,6.0,9258.0,63901.0,,3.11.15,"{""tinyaudit"": ""0.1.0"", ""numpy"": ""1.26.4"", ""pandas"": ""3.0.3"", ""scikit-learn"": ""1.9.0"", ""torch"": ""2.12.0""}"
compas,logreg,race,none,1,1.0,1.0,0.0,0.67466,0.660579,0.329229,0.451531,0.183818,0.613201,0.088494,0.174347,0.521704,6.0,9258.0,63955.0,,3.11.15,"{""tinyaudit"": ""0.1.0"", ""numpy"": ""1.26.4"", ""pandas"": ""3.0.3"", ""scikit-learn"": ""1.9.0"", ""torch"": ""2.12.0""}"
compas,logreg,race,int8,1,1.0,1.0,0.0,0.67466,0.660579,0.329229,0.451531,0.183818,,,,,6.0,9258.0,674602.0,,3.11.15,"{""tinyaudit"": ""0.1.0"", ""numpy"": ""1.26.4"", ""pandas"": ""3.0.3"", ""scikit-learn"": ""1.9.0"", ""torch"": ""2.12.0""}"
compas,logreg,race,prune:0.3,1,1.0,1.0,0.0,0.676604,0.662834,0.332469,0.452025,0.182355,0.614265,0.090586,0.172956,0.520876,6.0,9258.0,63955.0,,3.11.15,"{""tinyaudit"": ""0.1.0"", ""numpy"": ""1.26.4"", ""pandas"": ""3.0.3"", ""scikit-learn"": ""1.9.0"", ""torch"": ""2.12.0""}"
compas,logreg,race,prune:0.5,1,0.409091,0.928571,0.181818,0.67466,0.660344,0.326636,0.452516,0.177381,0.616954,0.159657,0.49231,0.459743,6.0,9258.0,63955.0,,3.11.15,"{""tinyaudit"": ""0.1.0"", ""numpy"": ""1.26.4"", ""pandas"": ""3.0.3"", ""scikit-learn"": ""1.9.0"", ""torch"": ""2.12.0""}"
compas,logreg,race,prune:0.7,1,0.297818,0.423559,0.0,0.640959,0.617303,0.226831,0.439484,0.152086,0.638021,0.189442,0.5449,0.350186,6.0,9258.0,63955.0,,3.11.15,"{""tinyaudit"": ""0.1.0"", ""numpy"": ""1.26.4"", ""pandas"": ""3.0.3"", ""scikit-learn"": ""1.9.0"", ""torch"": ""2.12.0""}"
compas,logreg,race,prune:0.9,1,0.0,0.0,1.0,0.545042,0.5,0.0,0.456142,0.0,0.688948,0.120664,0.331885,0.0,6.0,9258.0,63901.0,,3.11.15,"{""tinyaudit"": ""0.1.0"", ""numpy"": ""1.26.4"", ""pandas"": ""3.0.3"", ""scikit-learn"": ""1.9.0"", ""torch"": ""2.12.0""}"
compas,tree,sex,none,1,0.082925,0.074662,0.76074,0.636423,0.622088,0.329877,0.442714,0.304673,,,,,1431.0,2208033.0,81336.0,,3.11.15,"{""tinyaudit"": ""0.1.0"", ""numpy"": ""1.26.4"", ""pandas"": ""3.0.3"", ""scikit-learn"": ""1.9.0"", ""torch"": ""2.12.0""}"
compas,tree,sex,int8,1,,,,,,,,,,,,,,,,"NotImplementedError: quantize_int8 supports sklearn LogisticRegression and MLPClassifier; got 'DecisionTreeClassifier'. For other sklearn families, wrap the model in ONNX manually.",3.11.15,"{""tinyaudit"": ""0.1.0"", ""numpy"": ""1.26.4"", ""pandas"": ""3.0.3"", ""scikit-learn"": ""1.9.0"", ""torch"": ""2.12.0""}"
compas,tree,sex,prune:0.3,1,,,,,,,,,,,,,,,,"RuntimeError: magnitude_prune supports the sklearn weight-array families LogisticRegression (coef_) and MLPClassifier (coefs_); got 'DecisionTreeClassifier', which has no prunable dense weight matrix.",3.11.15,"{""tinyaudit"": ""0.1.0"", ""numpy"": ""1.26.4"", ""pandas"": ""3.0.3"", ""scikit-learn"": ""1.9.0"", ""torch"": ""2.12.0""}"
compas,tree,sex,prune:0.5,1,,,,,,,,,,,,,,,,"RuntimeError: magnitude_prune supports the sklearn weight-array families LogisticRegression (coef_) and MLPClassifier (coefs_); got 'DecisionTreeClassifier', which has no prunable dense weight matrix.",3.11.15,"{""tinyaudit"": ""0.1.0"", ""numpy"": ""1.26.4"", ""pandas"": ""3.0.3"", ""scikit-learn"": ""1.9.0"", ""torch"": ""2.12.0""}"
compas,tree,sex,prune:0.7,1,,,,,,,,,,,,,,,,"RuntimeError: magnitude_prune supports the sklearn weight-array families LogisticRegression (coef_) and MLPClassifier (coefs_); got 'DecisionTreeClassifier', which has no prunable dense weight matrix.",3.11.15,"{""tinyaudit"": ""0.1.0"", ""numpy"": ""1.26.4"", ""pandas"": ""3.0.3"", ""scikit-learn"": ""1.9.0"", ""torch"": ""2.12.0""}"
compas,tree,sex,prune:0.9,1,,,,,,,,,,,,,,,,"RuntimeError: magnitude_prune supports the sklearn weight-array families LogisticRegression (coef_) and MLPClassifier (coefs_); got 'DecisionTreeClassifier', which has no prunable dense weight matrix.",3.11.15,"{""tinyaudit"": ""0.1.0"", ""numpy"": ""1.26.4"", ""pandas"": ""3.0.3"", ""scikit-learn"": ""1.9.0"", ""torch"": ""2.12.0""}"
compas,tree,race,none,1,0.909091,1.0,0.090909,0.636423,0.622088,0.329877,0.442714,0.304673,,,,,1431.0,2208033.0,81282.0,,3.11.15,"{""tinyaudit"": ""0.1.0"", ""numpy"": ""1.26.4"", ""pandas"": ""3.0.3"", ""scikit-learn"": ""1.9.0"", ""torch"": ""2.12.0""}"
compas,tree,race,int8,1,,,,,,,,,,,,,,,,"NotImplementedError: quantize_int8 supports sklearn LogisticRegression and MLPClassifier; got 'DecisionTreeClassifier'. For other sklearn families, wrap the model in ONNX manually.",3.11.15,"{""tinyaudit"": ""0.1.0"", ""numpy"": ""1.26.4"", ""pandas"": ""3.0.3"", ""scikit-learn"": ""1.9.0"", ""torch"": ""2.12.0""}"
compas,tree,race,prune:0.3,1,,,,,,,,,,,,,,,,"RuntimeError: magnitude_prune supports the sklearn weight-array families LogisticRegression (coef_) and MLPClassifier (coefs_); got 'DecisionTreeClassifier', which has no prunable dense weight matrix.",3.11.15,"{""tinyaudit"": ""0.1.0"", ""numpy"": ""1.26.4"", ""pandas"": ""3.0.3"", ""scikit-learn"": ""1.9.0"", ""torch"": ""2.12.0""}"
compas,tree,race,prune:0.5,1,,,,,,,,,,,,,,,,"RuntimeError: magnitude_prune supports the sklearn weight-array families LogisticRegression (coef_) and MLPClassifier (coefs_); got 'DecisionTreeClassifier', which has no prunable dense weight matrix.",3.11.15,"{""tinyaudit"": ""0.1.0"", ""numpy"": ""1.26.4"", ""pandas"": ""3.0.3"", ""scikit-learn"": ""1.9.0"", ""torch"": ""2.12.0""}"
compas,tree,race,prune:0.7,1,,,,,,,,,,,,,,,,"RuntimeError: magnitude_prune supports the sklearn weight-array families LogisticRegression (coef_) and MLPClassifier (coefs_); got 'DecisionTreeClassifier', which has no prunable dense weight matrix.",3.11.15,"{""tinyaudit"": ""0.1.0"", ""numpy"": ""1.26.4"", ""pandas"": ""3.0.3"", ""scikit-learn"": ""1.9.0"", ""torch"": ""2.12.0""}"
compas,tree,race,prune:0.9,1,,,,,,,,,,,,,,,,"RuntimeError: magnitude_prune supports the sklearn weight-array families LogisticRegression (coef_) and MLPClassifier (coefs_); got 'DecisionTreeClassifier', which has no prunable dense weight matrix.",3.11.15,"{""tinyaudit"": ""0.1.0"", ""numpy"": ""1.26.4"", ""pandas"": ""3.0.3"", ""scikit-learn"": ""1.9.0"", ""torch"": ""2.12.0""}"
compas,mlp,sex,none,1,0.115894,0.135381,0.731109,0.671419,0.664434,0.407647,0.453296,0.204344,0.607588,0.035499,0.042496,0.140259,1281.0,1976583.0,791164.0,,3.11.15,"{""tinyaudit"": ""0.1.0"", ""numpy"": ""1.26.4"", ""pandas"": ""3.0.3"", ""scikit-learn"": ""1.9.0"", ""torch"": ""2.12.0""}"
compas,mlp,sex,int8,1,0.119015,0.125246,0.717482,0.674012,0.666106,0.397278,0.45281,0.204504,,,,,1281.0,1976583.0,675082.0,,3.11.15,"{""tinyaudit"": ""0.1.0"", ""numpy"": ""1.26.4"", ""pandas"": ""3.0.3"", ""scikit-learn"": ""1.9.0"", ""torch"": ""2.12.0""}"
compas,mlp,sex,prune:0.3,1,0.124449,0.158139,0.74318,0.670123,0.667836,0.459494,0.482058,0.16825,0.638549,0.033883,0.004877,0.153704,1281.0,1976583.0,791164.0,,3.11.15,"{""tinyaudit"": ""0.1.0"", ""numpy"": ""1.26.4"", ""pandas"": ""3.0.3"", ""scikit-learn"": ""1.9.0"", ""torch"": ""2.12.0""}"
compas,mlp,sex,prune:0.5,1,0.12161,0.105037,0.767716,0.66429,0.665546,0.499028,0.519983,0.138136,0.656496,0.066304,0.013012,0.124399,1281.0,1976583.0,791164.0,,3.11.15,"{""tinyaudit"": ""0.1.0"", ""numpy"": ""1.26.4"", ""pandas"": ""3.0.3"", ""scikit-learn"": ""1.9.0"", ""torch"": ""2.12.0""}"
compas,mlp,sex,prune:0.7,1,0.096043,0.083876,0.822068,0.659754,0.662915,0.520415,0.502888,0.074098,0.682372,0.084407,0.017245,0.12509,1281.0,1976583.0,791164.0,,3.11.15,"{""tinyaudit"": ""0.1.0"", ""numpy"": ""1.26.4"", ""pandas"": ""3.0.3"", ""scikit-learn"": ""1.9.0"", ""torch"": ""2.12.0""}"
compas,mlp,sex,prune:0.9,1,0.0,0.0,1.0,0.454958,0.5,1.0,0.548274,0.005161,0.686943,0.138392,0.127725,0.0,1281.0,1976583.0,791164.0,,3.11.15,"{""tinyaudit"": ""0.1.0"", ""numpy"": ""1.26.4"", ""pandas"": ""3.0.3"", ""scikit-learn"": ""1.9.0"", ""torch"": ""2.12.0""}"
compas,mlp,race,none,1,0.909091,1.0,0.090909,0.671419,0.664434,0.407647,0.453296,0.204344,0.608852,0.09455,0.195648,0.636165,1281.0,1976583.0,791164.0,,3.11.15,"{""tinyaudit"": ""0.1.0"", ""numpy"": ""1.26.4"", ""pandas"": ""3.0.3"", ""scikit-learn"": ""1.9.0"", ""torch"": ""2.12.0""}"
compas,mlp,race,int8,1,0.909091,1.0,0.090909,0.674012,0.666106,0.397278,0.45281,0.204504,,,,,1281.0,1976583.0,674410.0,,3.11.15,"{""tinyaudit"": ""0.1.0"", ""numpy"": ""1.26.4"", ""pandas"": ""3.0.3"", ""scikit-learn"": ""1.9.0"", ""torch"": ""2.12.0""}"
compas,mlp,race,prune:0.3,1,0.909091,1.0,0.090909,0.670123,0.667836,0.459494,0.482058,0.16825,0.638533,0.153186,0.459014,0.736515,1281.0,1976583.0,791164.0,,3.11.15,"{""tinyaudit"": ""0.1.0"", ""numpy"": ""1.26.4"", ""pandas"": ""3.0.3"", ""scikit-learn"": ""1.9.0"", ""torch"": ""2.12.0""}"
compas,mlp,race,prune:0.5,1,0.818182,0.9,0.181818,0.66429,0.665546,0.499028,0.519983,0.138136,0.654317,0.165528,0.389464,0.829651,1281.0,1976583.0,791164.0,,3.11.15,"{""tinyaudit"": ""0.1.0"", ""numpy"": ""1.26.4"", ""pandas"": ""3.0.3"", ""scikit-learn"": ""1.9.0"", ""torch"": ""2.12.0""}"
compas,mlp,race,prune:0.7,1,0.531684,0.9,0.146017,0.659754,0.662915,0.520415,0.502888,0.074098,0.682356,0.227672,0.465456,0.704782,1281.0,1976583.0,791110.0,,3.11.15,"{""tinyaudit"": ""0.1.0"", ""numpy"": ""1.26.4"", ""pandas"": ""3.0.3"", ""scikit-learn"": ""1.9.0"", ""torch"": ""2.12.0""}"
compas,mlp,race,prune:0.9,1,0.0,0.0,1.0,0.454958,0.5,1.0,0.548274,0.005161,0.686786,0.188108,0.424085,0.0,1281.0,1976583.0,791164.0,,3.11.15,"{""tinyaudit"": ""0.1.0"", ""numpy"": ""1.26.4"", ""pandas"": ""3.0.3"", ""scikit-learn"": ""1.9.0"", ""torch"": ""2.12.0""}"
compas,majority,sex,none,1,0.0,0.0,1.0,0.545042,0.5,0.0,0.0,0.0,,,,,1.0,1543.0,12746.0,,3.11.15,"{""tinyaudit"": ""0.1.0"", ""numpy"": ""1.26.4"", ""pandas"": ""3.0.3"", ""scikit-learn"": ""1.9.0"", ""torch"": ""2.12.0""}"
compas,prevalence,sex,none,1,0.0,0.0,1.0,0.545042,0.5,0.0,0.455174,0.0,,,,,1.0,1543.0,12746.0,,3.11.15,"{""tinyaudit"": ""0.1.0"", ""numpy"": ""1.26.4"", ""pandas"": ""3.0.3"", ""scikit-learn"": ""1.9.0"", ""torch"": ""2.12.0""}"
compas,majority,race,none,1,0.0,0.0,1.0,0.545042,0.5,0.0,0.0,0.0,,,,,1.0,1543.0,12746.0,,3.11.15,"{""tinyaudit"": ""0.1.0"", ""numpy"": ""1.26.4"", ""pandas"": ""3.0.3"", ""scikit-learn"": ""1.9.0"", ""torch"": ""2.12.0""}"
compas,prevalence,race,none,1,0.0,0.0,1.0,0.545042,0.5,0.0,0.455174,0.0,,,,,1.0,1543.0,12746.0,,3.11.15,"{""tinyaudit"": ""0.1.0"", ""numpy"": ""1.26.4"", ""pandas"": ""3.0.3"", ""scikit-learn"": ""1.9.0"", ""torch"": ""2.12.0""}"
adult,logreg,sex,none,2,0.165255,0.072526,0.332011,0.848252,0.758926,0.193678,0.238568,0.284144,0.296264,0.013711,0.000267,0.099078,102.0,1245522.0,344718.0,,3.11.15,"{""tinyaudit"": ""0.1.0"", ""numpy"": ""1.26.4"", ""pandas"": ""3.0.3"", ""scikit-learn"": ""1.9.0"", ""torch"": ""2.12.0""}"
adult,logreg,sex,int8,2,0.165255,0.072526,0.332011,0.848252,0.758926,0.193678,0.238568,0.284144,,,,,102.0,1245522.0,13282288.0,,3.11.15,"{""tinyaudit"": ""0.1.0"", ""numpy"": ""1.26.4"", ""pandas"": ""3.0.3"", ""scikit-learn"": ""1.9.0"", ""torch"": ""2.12.0""}"
adult,logreg,sex,prune:0.3,2,0.163211,0.070025,0.333407,0.849152,0.758814,0.191794,0.23852,0.284004,0.296315,0.012851,0.001227,0.098996,102.0,1245522.0,343486.0,,3.11.15,"{""tinyaudit"": ""0.1.0"", ""numpy"": ""1.26.4"", ""pandas"": ""3.0.3"", ""scikit-learn"": ""1.9.0"", ""torch"": ""2.12.0""}"
adult,logreg,sex,prune:0.5,2,0.157854,0.065808,0.34225,0.849152,0.756586,0.188682,0.236835,0.282771,0.296829,0.0145,0.002158,0.096906,102.0,1245522.0,343486.0,,3.11.15,"{""tinyaudit"": ""0.1.0"", ""numpy"": ""1.26.4"", ""pandas"": ""3.0.3"", ""scikit-learn"": ""1.9.0"", ""torch"": ""2.12.0""}"
adult,logreg,sex,prune:0.7,2,0.139785,0.056439,0.3694,0.844239,0.740923,0.176235,0.230385,0.272409,0.302897,0.015507,0.000128,0.084441,102.0,1245522.0,343486.0,,3.11.15,"{""tinyaudit"": ""0.1.0"", ""numpy"": ""1.26.4"", ""pandas"": ""3.0.3"", ""scikit-learn"": ""1.9.0"", ""torch"": ""2.12.0""}"
adult,logreg,sex,prune:0.9,2,0.108288,0.070221,0.258712,0.819835,0.660609,0.110884,0.204265,0.2373,0.308579,0.026987,0.022099,0.072512,102.0,1245522.0,343486.0,,3.11.15,"{""tinyaudit"": ""0.1.0"", ""numpy"": ""1.26.4"", ""pandas"": ""3.0.3"", ""scikit-learn"": ""1.9.0"", ""torch"": ""2.12.0""}"
adult,logreg,race,none,2,0.216468,0.464286,0.170973,0.848252,0.758926,0.193678,0.238568,0.284144,0.277558,0.033583,0.055702,0.110454,102.0,1245522.0,343486.0,,3.11.15,"{""tinyaudit"": ""0.1.0"", ""numpy"": ""1.26.4"", ""pandas"": ""3.0.3"", ""scikit-learn"": ""1.9.0"", ""torch"": ""2.12.0""}"
adult,logreg,race,int8,2,0.216468,0.464286,0.170973,0.848252,0.758926,0.193678,0.238568,0.284144,,,,,102.0,1245522.0,13278470.0,,3.11.15,"{""tinyaudit"": ""0.1.0"", ""numpy"": ""1.26.4"", ""pandas"": ""3.0.3"", ""scikit-learn"": ""1.9.0"", ""torch"": ""2.12.0""}"
adult,logreg,race,prune:0.3,2,0.21369,0.453297,0.172811,0.849152,0.758814,0.191794,0.23852,0.284004,0.278258,0.036382,0.06788,0.111953,102.0,1245522.0,343378.0,,3.11.15,"{""tinyaudit"": ""0.1.0"", ""numpy"": ""1.26.4"", ""pandas"": ""3.0.3"", ""scikit-learn"": ""1.9.0"", ""torch"": ""2.12.0""}"
adult,logreg,race,prune:0.5,2,0.194246,0.387363,0.186877,0.849152,0.756586,0.188682,0.236835,0.282771,0.279862,0.034668,0.055713,0.106032,102.0,1245522.0,343432.0,,3.11.15,"{""tinyaudit"": ""0.1.0"", ""numpy"": ""1.26.4"", ""pandas"": ""3.0.3"", ""scikit-learn"": ""1.9.0"", ""torch"": ""2.12.0""}"
adult,logreg,race,prune:0.7,2,0.193056,0.273352,0.244565,0.844239,0.740923,0.176235,0.230385,0.272409,0.291097,0.038696,0.05437,0.108424,102.0,1245522.0,343486.0,,3.11.15,"{""tinyaudit"": ""0.1.0"", ""numpy"": ""1.26.4"", ""pandas"": ""3.0.3"", ""scikit-learn"": ""1.9.0"", ""torch"": ""2.12.0""}"
adult,logreg,race,prune:0.9,2,0.121032,0.341667,0.128571,0.819835,0.660609,0.110884,0.204265,0.2373,0.304372,0.037775,0.022169,0.076297,102.0,1245522.0,343486.0,,3.11.15,"{""tinyaudit"": ""0.1.0"", ""numpy"": ""1.26.4"", ""pandas"": ""3.0.3"", ""scikit-learn"": ""1.9.0"", ""torch"": ""2.12.0""}"
adult,tree,sex,none,2,0.178972,0.096793,0.410673,0.813611,0.748472,0.245516,0.245598,0.430394,,,,,10703.0,130694333.0,5326200.0,,3.11.15,"{""tinyaudit"": ""0.1.0"", ""numpy"": ""1.26.4"", ""pandas"": ""3.0.3"", ""scikit-learn"": ""1.9.0"", ""torch"": ""2.12.0""}"
adult,tree,sex,int8,2,,,,,,,,,,,,,,,,"NotImplementedError: quantize_int8 supports sklearn LogisticRegression and MLPClassifier; got 'DecisionTreeClassifier'. For other sklearn families, wrap the model in ONNX manually.",3.11.15,"{""tinyaudit"": ""0.1.0"", ""numpy"": ""1.26.4"", ""pandas"": ""3.0.3"", ""scikit-learn"": ""1.9.0"", ""torch"": ""2.12.0""}"
adult,tree,sex,prune:0.3,2,,,,,,,,,,,,,,,,"RuntimeError: magnitude_prune supports the sklearn weight-array families LogisticRegression (coef_) and MLPClassifier (coefs_); got 'DecisionTreeClassifier', which has no prunable dense weight matrix.",3.11.15,"{""tinyaudit"": ""0.1.0"", ""numpy"": ""1.26.4"", ""pandas"": ""3.0.3"", ""scikit-learn"": ""1.9.0"", ""torch"": ""2.12.0""}"
adult,tree,sex,prune:0.5,2,,,,,,,,,,,,,,,,"RuntimeError: magnitude_prune supports the sklearn weight-array families LogisticRegression (coef_) and MLPClassifier (coefs_); got 'DecisionTreeClassifier', which has no prunable dense weight matrix.",3.11.15,"{""tinyaudit"": ""0.1.0"", ""numpy"": ""1.26.4"", ""pandas"": ""3.0.3"", ""scikit-learn"": ""1.9.0"", ""torch"": ""2.12.0""}"
adult,tree,sex,prune:0.7,2,,,,,,,,,,,,,,,,"RuntimeError: magnitude_prune supports the sklearn weight-array families LogisticRegression (coef_) and MLPClassifier (coefs_); got 'DecisionTreeClassifier', which has no prunable dense weight matrix.",3.11.15,"{""tinyaudit"": ""0.1.0"", ""numpy"": ""1.26.4"", ""pandas"": ""3.0.3"", ""scikit-learn"": ""1.9.0"", ""torch"": ""2.12.0""}"
adult,tree,sex,prune:0.9,2,,,,,,,,,,,,,,,,"RuntimeError: magnitude_prune supports the sklearn weight-array families LogisticRegression (coef_) and MLPClassifier (coefs_); got 'DecisionTreeClassifier', which has no prunable dense weight matrix.",3.11.15,"{""tinyaudit"": ""0.1.0"", ""numpy"": ""1.26.4"", ""pandas"": ""3.0.3"", ""scikit-learn"": ""1.9.0"", ""torch"": ""2.12.0""}"
adult,tree,race,none,2,0.129365,0.181319,0.524781,0.813611,0.748472,0.245516,0.245598,0.430394,,,,,10703.0,130694333.0,5325042.0,,3.11.15,"{""tinyaudit"": ""0.1.0"", ""numpy"": ""1.26.4"", ""pandas"": ""3.0.3"", ""scikit-learn"": ""1.9.0"", ""torch"": ""2.12.0""}"
adult,tree,race,int8,2,,,,,,,,,,,,,,,,"NotImplementedError: quantize_int8 supports sklearn LogisticRegression and MLPClassifier; got 'DecisionTreeClassifier'. For other sklearn families, wrap the model in ONNX manually.",3.11.15,"{""tinyaudit"": ""0.1.0"", ""numpy"": ""1.26.4"", ""pandas"": ""3.0.3"", ""scikit-learn"": ""1.9.0"", ""torch"": ""2.12.0""}"
adult,tree,race,prune:0.3,2,,,,,,,,,,,,,,,,"RuntimeError: magnitude_prune supports the sklearn weight-array families LogisticRegression (coef_) and MLPClassifier (coefs_); got 'DecisionTreeClassifier', which has no prunable dense weight matrix.",3.11.15,"{""tinyaudit"": ""0.1.0"", ""numpy"": ""1.26.4"", ""pandas"": ""3.0.3"", ""scikit-learn"": ""1.9.0"", ""torch"": ""2.12.0""}"
adult,tree,race,prune:0.5,2,,,,,,,,,,,,,,,,"RuntimeError: magnitude_prune supports the sklearn weight-array families LogisticRegression (coef_) and MLPClassifier (coefs_); got 'DecisionTreeClassifier', which has no prunable dense weight matrix.",3.11.15,"{""tinyaudit"": ""0.1.0"", ""numpy"": ""1.26.4"", ""pandas"": ""3.0.3"", ""scikit-learn"": ""1.9.0"", ""torch"": ""2.12.0""}"
adult,tree,race,prune:0.7,2,,,,,,,,,,,,,,,,"RuntimeError: magnitude_prune supports the sklearn weight-array families LogisticRegression (coef_) and MLPClassifier (coefs_); got 'DecisionTreeClassifier', which has no prunable dense weight matrix.",3.11.15,"{""tinyaudit"": ""0.1.0"", ""numpy"": ""1.26.4"", ""pandas"": ""3.0.3"", ""scikit-learn"": ""1.9.0"", ""torch"": ""2.12.0""}"
adult,tree,race,prune:0.9,2,,,,,,,,,,,,,,,,"RuntimeError: magnitude_prune supports the sklearn weight-array families LogisticRegression (coef_) and MLPClassifier (coefs_); got 'DecisionTreeClassifier', which has no prunable dense weight matrix.",3.11.15,"{""tinyaudit"": ""0.1.0"", ""numpy"": ""1.26.4"", ""pandas"": ""3.0.3"", ""scikit-learn"": ""1.9.0"", ""torch"": ""2.12.0""}"
adult,mlp,sex,none,2,0.155532,0.067245,0.381026,0.836623,0.747998,0.200721,0.226702,0.314346,0.274262,0.021085,0.027248,0.111547,4353.0,53154483.0,6253180.0,,3.11.15,"{""tinyaudit"": ""0.1.0"", ""numpy"": ""1.26.4"", ""pandas"": ""3.0.3"", ""scikit-learn"": ""1.9.0"", ""torch"": ""2.12.0""}"
adult,mlp,sex,int8,2,0.136967,0.056092,0.385475,0.832938,0.726927,0.178364,0.208685,0.30304,,,,,4353.0,53154483.0,13277022.0,,3.11.15,"{""tinyaudit"": ""0.1.0"", ""numpy"": ""1.26.4"", ""pandas"": ""3.0.3"", ""scikit-learn"": ""1.9.0"", ""torch"": ""2.12.0""}"
adult,mlp,sex,prune:0.3,2,0.195461,0.153973,0.748675,0.516092,0.675485,0.714192,0.683704,0.388814,0.273875,0.379768,0.030922,0.195602,4353.0,53154483.0,6253180.0,,3.11.15,"{""tinyaudit"": ""0.1.0"", ""numpy"": ""1.26.4"", ""pandas"": ""3.0.3"", ""scikit-learn"": ""1.9.0"", ""torch"": ""2.12.0""}"
adult,mlp,sex,prune:0.5,2,0.067129,0.048684,0.910154,0.465154,0.613503,0.72533,0.679687,0.352605,0.315192,0.423215,0.104136,0.084337,4353.0,53154483.0,6253180.0,,3.11.15,"{""tinyaudit"": ""0.1.0"", ""numpy"": ""1.26.4"", ""pandas"": ""3.0.3"", ""scikit-learn"": ""1.9.0"", ""torch"": ""2.12.0""}"
adult,mlp,sex,prune:0.7,2,0.235017,0.196727,0.696536,0.522889,0.673267,0.698059,0.540444,0.291047,0.502406,0.237027,0.004842,0.206465,4353.0,53154483.0,6253180.0,,3.11.15,"{""tinyaudit"": ""0.1.0"", ""numpy"": ""1.26.4"", ""pandas"": ""3.0.3"", ""scikit-learn"": ""1.9.0"", ""torch"": ""2.12.0""}"
adult,mlp,sex,prune:0.9,2,0.0,0.0,1.0,0.239292,0.5,1.0,0.61706,0.016338,0.667386,0.406651,0.19408,0.0,4353.0,53154483.0,6253180.0,,3.11.15,"{""tinyaudit"": ""0.1.0"", ""numpy"": ""1.26.4"", ""pandas"": ""3.0.3"", ""scikit-learn"": ""1.9.0"", ""torch"": ""2.12.0""}"
adult,mlp,race,none,2,0.173611,0.334714,0.264706,0.836623,0.747998,0.200721,0.226702,0.314346,0.249457,0.05222,0.09084,0.154578,4353.0,53154483.0,6253180.0,,3.11.15,"{""tinyaudit"": ""0.1.0"", ""numpy"": ""1.26.4"", ""pandas"": ""3.0.3"", ""scikit-learn"": ""1.9.0"", ""torch"": ""2.12.0""}"
adult,mlp,race,int8,2,0.163095,0.281627,0.247253,0.832938,0.726927,0.178364,0.208685,0.30304,,,,,4353.0,53154483.0,13278582.0,,3.11.15,"{""tinyaudit"": ""0.1.0"", ""numpy"": ""1.26.4"", ""pandas"": ""3.0.3"", ""scikit-learn"": ""1.9.0"", ""torch"": ""2.12.0""}"
adult,mlp,race,prune:0.3,2,0.202968,0.188428,0.731366,0.516092,0.675485,0.714192,0.683704,0.388814,0.27315,0.4129,0.168421,0.28369,4353.0,53154483.0,6253180.0,,3.11.15,"{""tinyaudit"": ""0.1.0"", ""numpy"": ""1.26.4"", ""pandas"": ""3.0.3"", ""scikit-learn"": ""1.9.0"", ""torch"": ""2.12.0""}"
adult,mlp,race,prune:0.5,2,0.124532,0.157895,0.831461,0.465154,0.613503,0.72533,0.679687,0.352605,0.303116,0.443675,0.159427,0.161454,4353.0,53154483.0,6253126.0,,3.11.15,"{""tinyaudit"": ""0.1.0"", ""numpy"": ""1.26.4"", ""pandas"": ""3.0.3"", ""scikit-learn"": ""1.9.0"", ""torch"": ""2.12.0""}"
adult,mlp,race,prune:0.7,2,0.189161,0.180615,0.736988,0.522889,0.673267,0.698059,0.540444,0.291047,0.457047,0.276029,0.156268,0.229575,4353.0,53154483.0,6253180.0,,3.11.15,"{""tinyaudit"": ""0.1.0"", ""numpy"": ""1.26.4"", ""pandas"": ""3.0.3"", ""scikit-learn"": ""1.9.0"", ""torch"": ""2.12.0""}"
adult,mlp,race,prune:0.9,2,0.0,0.0,1.0,0.239292,0.5,1.0,0.61706,0.016338,0.665512,0.442025,0.182732,0.0,4353.0,53154483.0,6253180.0,,3.11.15,"{""tinyaudit"": ""0.1.0"", ""numpy"": ""1.26.4"", ""pandas"": ""3.0.3"", ""scikit-learn"": ""1.9.0"", ""torch"": ""2.12.0""}"
adult,majority,sex,none,2,0.0,0.0,1.0,0.760708,0.5,0.0,0.0,0.0,,,,,1.0,12211.0,98090.0,,3.11.15,"{""tinyaudit"": ""0.1.0"", ""numpy"": ""1.26.4"", ""pandas"": ""3.0.3"", ""scikit-learn"": ""1.9.0"", ""torch"": ""2.12.0""}"
adult,prevalence,sex,none,2,0.0,0.0,1.0,0.760708,0.5,0.0,0.239278,0.0,,,,,1.0,12211.0,98090.0,,3.11.15,"{""tinyaudit"": ""0.1.0"", ""numpy"": ""1.26.4"", ""pandas"": ""3.0.3"", ""scikit-learn"": ""1.9.0"", ""torch"": ""2.12.0""}"
adult,majority,race,none,2,0.0,0.0,1.0,0.760708,0.5,0.0,0.0,0.0,,,,,1.0,12211.0,98090.0,,3.11.15,"{""tinyaudit"": ""0.1.0"", ""numpy"": ""1.26.4"", ""pandas"": ""3.0.3"", ""scikit-learn"": ""1.9.0"", ""torch"": ""2.12.0""}"
adult,prevalence,race,none,2,0.0,0.0,1.0,0.760708,0.5,0.0,0.239278,0.0,,,,,1.0,12211.0,98090.0,,3.11.15,"{""tinyaudit"": ""0.1.0"", ""numpy"": ""1.26.4"", ""pandas"": ""3.0.3"", ""scikit-learn"": ""1.9.0"", ""torch"": ""2.12.0""}"
compas,logreg,sex,none,2,0.138047,0.132843,0.600983,0.686325,0.671398,0.318859,0.448499,0.182946,0.614566,0.058241,0.051497,0.193546,6.0,9258.0,63955.0,,3.11.15,"{""tinyaudit"": ""0.1.0"", ""numpy"": ""1.26.4"", ""pandas"": ""3.0.3"", ""scikit-learn"": ""1.9.0"", ""torch"": ""2.12.0""}"
compas,logreg,sex,int8,2,0.138047,0.132843,0.600983,0.686325,0.671398,0.318859,0.448499,0.182946,,,,,6.0,9258.0,674858.0,,3.11.15,"{""tinyaudit"": ""0.1.0"", ""numpy"": ""1.26.4"", ""pandas"": ""3.0.3"", ""scikit-learn"": ""1.9.0"", ""torch"": ""2.12.0""}"
compas,logreg,sex,prune:0.3,2,0.131521,0.116373,0.616269,0.684381,0.669262,0.316915,0.448879,0.181784,0.615401,0.058652,0.058037,0.189618,6.0,9258.0,63955.0,,3.11.15,"{""tinyaudit"": ""0.1.0"", ""numpy"": ""1.26.4"", ""pandas"": ""3.0.3"", ""scikit-learn"": ""1.9.0"", ""torch"": ""2.12.0""}"
compas,logreg,sex,prune:0.5,2,0.107687,0.072157,0.682068,0.685029,0.669974,0.317563,0.44963,0.175739,0.619527,0.066927,0.06352,0.179583,6.0,9258.0,63955.0,,3.11.15,"{""tinyaudit"": ""0.1.0"", ""numpy"": ""1.26.4"", ""pandas"": ""3.0.3"", ""scikit-learn"": ""1.9.0"", ""torch"": ""2.12.0""}"
compas,logreg,sex,prune:0.7,2,0.128396,0.141373,0.513116,0.63059,0.607908,0.238496,0.442814,0.151891,0.637542,0.069243,0.07268,0.175782,6.0,9258.0,63901.0,,3.11.15,"{""tinyaudit"": ""0.1.0"", ""numpy"": ""1.26.4"", ""pandas"": ""3.0.3"", ""scikit-learn"": ""1.9.0"", ""torch"": ""2.12.0""}"
compas,logreg,sex,prune:0.9,2,0.0,0.0,1.0,0.545042,0.5,0.0,0.457221,0.0,0.688942,0.073619,0.087855,0.0,6.0,9258.0,63955.0,,3.11.15,"{""tinyaudit"": ""0.1.0"", ""numpy"": ""1.26.4"", ""pandas"": ""3.0.3"", ""scikit-learn"": ""1.9.0"", ""torch"": ""2.12.0""}"
compas,logreg,race,none,2,0.801484,0.657534,0.198516,0.686325,0.671398,0.318859,0.448499,0.182946,0.585587,0.136282,0.324255,0.785524,6.0,9258.0,63901.0,,3.11.15,"{""tinyaudit"": ""0.1.0"", ""numpy"": ""1.26.4"", ""pandas"": ""3.0.3"", ""scikit-learn"": ""1.9.0"", ""torch"": ""2.12.0""}"
compas,logreg,race,int8,2,0.801484,0.657534,0.198516,0.686325,0.671398,0.318859,0.448499,0.182946,,,,,6.0,9258.0,674602.0,,3.11.15,"{""tinyaudit"": ""0.1.0"", ""numpy"": ""1.26.4"", ""pandas"": ""3.0.3"", ""scikit-learn"": ""1.9.0"", ""torch"": ""2.12.0""}"
compas,logreg,race,prune:0.3,2,0.801484,0.657534,0.198516,0.684381,0.669262,0.316915,0.448879,0.181784,0.58847,0.136399,0.329297,0.785426,6.0,9258.0,63901.0,,3.11.15,"{""tinyaudit"": ""0.1.0"", ""numpy"": ""1.26.4"", ""pandas"": ""3.0.3"", ""scikit-learn"": ""1.9.0"", ""torch"": ""2.12.0""}"
compas,logreg,race,prune:0.5,2,0.5,0.666667,0.25,0.685029,0.669974,0.317563,0.44963,0.175739,0.591823,0.099833,0.247831,0.723038,6.0,9258.0,63955.0,,3.11.15,"{""tinyaudit"": ""0.1.0"", ""numpy"": ""1.26.4"", ""pandas"": ""3.0.3"", ""scikit-learn"": ""1.9.0"", ""torch"": ""2.12.0""}"
compas,logreg,race,prune:0.7,2,0.520681,0.666667,0.218978,0.63059,0.607908,0.238496,0.442814,0.151891,0.612998,0.104664,0.384121,0.408719,6.0,9258.0,63955.0,,3.11.15,"{""tinyaudit"": ""0.1.0"", ""numpy"": ""1.26.4"", ""pandas"": ""3.0.3"", ""scikit-learn"": ""1.9.0"", ""torch"": ""2.12.0""}"
compas,logreg,race,prune:0.9,2,0.0,0.0,1.0,0.545042,0.5,0.0,0.457221,0.0,0.688942,0.192931,0.497948,0.0,6.0,9258.0,63901.0,,3.11.15,"{""tinyaudit"": ""0.1.0"", ""numpy"": ""1.26.4"", ""pandas"": ""3.0.3"", ""scikit-learn"": ""1.9.0"", ""torch"": ""2.12.0""}"
compas,tree,sex,none,2,0.109821,0.131078,0.65437,0.627349,0.60988,0.296176,0.447491,0.305647,,,,,1467.0,2263581.0,81336.0,,3.11.15,"{""tinyaudit"": ""0.1.0"", ""numpy"": ""1.26.4"", ""pandas"": ""3.0.3"", ""scikit-learn"": ""1.9.0"", ""torch"": ""2.12.0""}"
compas,tree,sex,int8,2,,,,,,,,,,,,,,,,"NotImplementedError: quantize_int8 supports sklearn LogisticRegression and MLPClassifier; got 'DecisionTreeClassifier'. For other sklearn families, wrap the model in ONNX manually.",3.11.15,"{""tinyaudit"": ""0.1.0"", ""numpy"": ""1.26.4"", ""pandas"": ""3.0.3"", ""scikit-learn"": ""1.9.0"", ""torch"": ""2.12.0""}"
compas,tree,sex,prune:0.3,2,,,,,,,,,,,,,,,,"RuntimeError: magnitude_prune supports the sklearn weight-array families LogisticRegression (coef_) and MLPClassifier (coefs_); got 'DecisionTreeClassifier', which has no prunable dense weight matrix.",3.11.15,"{""tinyaudit"": ""0.1.0"", ""numpy"": ""1.26.4"", ""pandas"": ""3.0.3"", ""scikit-learn"": ""1.9.0"", ""torch"": ""2.12.0""}"
compas,tree,sex,prune:0.5,2,,,,,,,,,,,,,,,,"RuntimeError: magnitude_prune supports the sklearn weight-array families LogisticRegression (coef_) and MLPClassifier (coefs_); got 'DecisionTreeClassifier', which has no prunable dense weight matrix.",3.11.15,"{""tinyaudit"": ""0.1.0"", ""numpy"": ""1.26.4"", ""pandas"": ""3.0.3"", ""scikit-learn"": ""1.9.0"", ""torch"": ""2.12.0""}"
compas,tree,sex,prune:0.7,2,,,,,,,,,,,,,,,,"RuntimeError: magnitude_prune supports the sklearn weight-array families LogisticRegression (coef_) and MLPClassifier (coefs_); got 'DecisionTreeClassifier', which has no prunable dense weight matrix.",3.11.15,"{""tinyaudit"": ""0.1.0"", ""numpy"": ""1.26.4"", ""pandas"": ""3.0.3"", ""scikit-learn"": ""1.9.0"", ""torch"": ""2.12.0""}"
compas,tree,sex,prune:0.9,2,,,,,,,,,,,,,,,,"RuntimeError: magnitude_prune supports the sklearn weight-array families LogisticRegression (coef_) and MLPClassifier (coefs_); got 'DecisionTreeClassifier', which has no prunable dense weight matrix.",3.11.15,"{""tinyaudit"": ""0.1.0"", ""numpy"": ""1.26.4"", ""pandas"": ""3.0.3"", ""scikit-learn"": ""1.9.0"", ""torch"": ""2.12.0""}"
compas,tree,race,none,2,0.80292,0.711111,0.19708,0.627349,0.60988,0.296176,0.447491,0.305647,,,,,1467.0,2263581.0,81336.0,,3.11.15,"{""tinyaudit"": ""0.1.0"", ""numpy"": ""1.26.4"", ""pandas"": ""3.0.3"", ""scikit-learn"": ""1.9.0"", ""torch"": ""2.12.0""}"
compas,tree,race,int8,2,,,,,,,,,,,,,,,,"NotImplementedError: quantize_int8 supports sklearn LogisticRegression and MLPClassifier; got 'DecisionTreeClassifier'. For other sklearn families, wrap the model in ONNX manually.",3.11.15,"{""tinyaudit"": ""0.1.0"", ""numpy"": ""1.26.4"", ""pandas"": ""3.0.3"", ""scikit-learn"": ""1.9.0"", ""torch"": ""2.12.0""}"
compas,tree,race,prune:0.3,2,,,,,,,,,,,,,,,,"RuntimeError: magnitude_prune supports the sklearn weight-array families LogisticRegression (coef_) and MLPClassifier (coefs_); got 'DecisionTreeClassifier', which has no prunable dense weight matrix.",3.11.15,"{""tinyaudit"": ""0.1.0"", ""numpy"": ""1.26.4"", ""pandas"": ""3.0.3"", ""scikit-learn"": ""1.9.0"", ""torch"": ""2.12.0""}"
compas,tree,race,prune:0.5,2,,,,,,,,,,,,,,,,"RuntimeError: magnitude_prune supports the sklearn weight-array families LogisticRegression (coef_) and MLPClassifier (coefs_); got 'DecisionTreeClassifier', which has no prunable dense weight matrix.",3.11.15,"{""tinyaudit"": ""0.1.0"", ""numpy"": ""1.26.4"", ""pandas"": ""3.0.3"", ""scikit-learn"": ""1.9.0"", ""torch"": ""2.12.0""}"
compas,tree,race,prune:0.7,2,,,,,,,,,,,,,,,,"RuntimeError: magnitude_prune supports the sklearn weight-array families LogisticRegression (coef_) and MLPClassifier (coefs_); got 'DecisionTreeClassifier', which has no prunable dense weight matrix.",3.11.15,"{""tinyaudit"": ""0.1.0"", ""numpy"": ""1.26.4"", ""pandas"": ""3.0.3"", ""scikit-learn"": ""1.9.0"", ""torch"": ""2.12.0""}"
compas,tree,race,prune:0.9,2,,,,,,,,,,,,,,,,"RuntimeError: magnitude_prune supports the sklearn weight-array families LogisticRegression (coef_) and MLPClassifier (coefs_); got 'DecisionTreeClassifier', which has no prunable dense weight matrix.",3.11.15,"{""tinyaudit"": ""0.1.0"", ""numpy"": ""1.26.4"", ""pandas"": ""3.0.3"", ""scikit-learn"": ""1.9.0"", ""torch"": ""2.12.0""}"
compas,mlp,sex,none,2,0.120563,0.100196,0.715783,0.686325,0.678815,0.400518,0.447133,0.206987,0.592115,0.035639,0.003663,0.189372,1281.0,1976583.0,791164.0,,3.11.15,"{""tinyaudit"": ""0.1.0"", ""numpy"": ""1.26.4"", ""pandas"": ""3.0.3"", ""scikit-learn"": ""1.9.0"", ""torch"": ""2.12.0""}"
compas,mlp,sex,int8,2,0.113577,0.096569,0.761701,0.692158,0.689581,0.45431,0.467453,0.20693,,,,,1281.0,1976583.0,675082.0,,3.11.15,"{""tinyaudit"": ""0.1.0"", ""numpy"": ""1.26.4"", ""pandas"": ""3.0.3"", ""scikit-learn"": ""1.9.0"", ""torch"": ""2.12.0""}"
compas,mlp,sex,prune:0.3,2,0.101655,0.091275,0.736291,0.687622,0.676943,0.365522,0.446783,0.162424,0.630333,0.046346,0.02806,0.169215,1281.0,1976583.0,791110.0,,3.11.15,"{""tinyaudit"": ""0.1.0"", ""numpy"": ""1.26.4"", ""pandas"": ""3.0.3"", ""scikit-learn"": ""1.9.0"", ""torch"": ""2.12.0""}"
compas,mlp,sex,prune:0.5,2,0.129258,0.088627,0.74759,0.671419,0.671615,0.486714,0.517606,0.109436,0.668057,0.095215,0.043737,0.151954,1281.0,1976583.0,791164.0,,3.11.15,"{""tinyaudit"": ""0.1.0"", ""numpy"": ""1.26.4"", ""pandas"": ""3.0.3"", ""scikit-learn"": ""1.9.0"", ""torch"": ""2.12.0""}"
compas,mlp,sex,prune:0.7,2,0.094006,0.08098,0.85429,0.632534,0.645126,0.626701,0.530829,0.070816,0.68225,0.080843,0.033128,0.0851,1281.0,1976583.0,791164.0,,3.11.15,"{""tinyaudit"": ""0.1.0"", ""numpy"": ""1.26.4"", ""pandas"": ""3.0.3"", ""scikit-learn"": ""1.9.0"", ""torch"": ""2.12.0""}"
compas,mlp,sex,prune:0.9,2,0.007258,0.013333,0.0,0.549579,0.505103,0.005833,0.484462,0.009688,0.692385,0.077264,0.137826,0.000191,1281.0,1976583.0,791164.0,,3.11.15,"{""tinyaudit"": ""0.1.0"", ""numpy"": ""1.26.4"", ""pandas"": ""3.0.3"", ""scikit-learn"": ""1.9.0"", ""torch"": ""2.12.0""}"
compas,mlp,race,none,2,0.719101,0.538813,0.280899,0.686325,0.678815,0.400518,0.447133,0.206987,0.578224,0.126406,0.314668,0.632198,1281.0,1976583.0,791164.0,,3.11.15,"{""tinyaudit"": ""0.1.0"", ""numpy"": ""1.26.4"", ""pandas"": ""3.0.3"", ""scikit-learn"": ""1.9.0"", ""torch"": ""2.12.0""}"
compas,mlp,race,int8,2,0.685393,0.461187,0.314607,0.692158,0.689581,0.45431,0.467453,0.20693,,,,,1281.0,1976583.0,674410.0,,3.11.15,"{""tinyaudit"": ""0.1.0"", ""numpy"": ""1.26.4"", ""pandas"": ""3.0.3"", ""scikit-learn"": ""1.9.0"", ""torch"": ""2.12.0""}"
compas,mlp,race,prune:0.3,2,0.752809,0.579909,0.247191,0.687622,0.676943,0.365522,0.446783,0.162424,0.616579,0.121142,0.336165,0.776853,1281.0,1976583.0,791164.0,,3.11.15,"{""tinyaudit"": ""0.1.0"", ""numpy"": ""1.26.4"", ""pandas"": ""3.0.3"", ""scikit-learn"": ""1.9.0"", ""torch"": ""2.12.0""}"
compas,mlp,race,prune:0.5,2,0.666667,0.429224,0.333333,0.671419,0.671615,0.486714,0.517606,0.109436,0.640378,0.148448,0.211472,0.529877,1281.0,1976583.0,791164.0,,3.11.15,"{""tinyaudit"": ""0.1.0"", ""numpy"": ""1.26.4"", ""pandas"": ""3.0.3"", ""scikit-learn"": ""1.9.0"", ""torch"": ""2.12.0""}"
compas,mlp,race,prune:0.7,2,0.666667,0.641304,0.333333,0.632534,0.645126,0.626701,0.530829,0.070816,0.660902,0.199188,0.39992,0.456033,1281.0,1976583.0,791164.0,,3.11.15,"{""tinyaudit"": ""0.1.0"", ""numpy"": ""1.26.4"", ""pandas"": ""3.0.3"", ""scikit-learn"": ""1.9.0"", ""torch"": ""2.12.0""}"
compas,mlp,race,prune:0.9,2,0.010403,0.022222,0.0,0.549579,0.505103,0.005833,0.484462,0.009688,0.692132,0.204423,0.486671,0.000277,1281.0,1976583.0,791110.0,,3.11.15,"{""tinyaudit"": ""0.1.0"", ""numpy"": ""1.26.4"", ""pandas"": ""3.0.3"", ""scikit-learn"": ""1.9.0"", ""torch"": ""2.12.0""}"
compas,majority,sex,none,2,0.0,0.0,1.0,0.545042,0.5,0.0,0.0,0.0,,,,,1.0,1543.0,12746.0,,3.11.15,"{""tinyaudit"": ""0.1.0"", ""numpy"": ""1.26.4"", ""pandas"": ""3.0.3"", ""scikit-learn"": ""1.9.0"", ""torch"": ""2.12.0""}"
compas,prevalence,sex,none,2,0.0,0.0,1.0,0.545042,0.5,0.0,0.455174,0.0,,,,,1.0,1543.0,12746.0,,3.11.15,"{""tinyaudit"": ""0.1.0"", ""numpy"": ""1.26.4"", ""pandas"": ""3.0.3"", ""scikit-learn"": ""1.9.0"", ""torch"": ""2.12.0""}"
compas,majority,race,none,2,0.0,0.0,1.0,0.545042,0.5,0.0,0.0,0.0,,,,,1.0,1543.0,12746.0,,3.11.15,"{""tinyaudit"": ""0.1.0"", ""numpy"": ""1.26.4"", ""pandas"": ""3.0.3"", ""scikit-learn"": ""1.9.0"", ""torch"": ""2.12.0""}"
compas,prevalence,race,none,2,0.0,0.0,1.0,0.545042,0.5,0.0,0.455174,0.0,,,,,1.0,1543.0,12746.0,,3.11.15,"{""tinyaudit"": ""0.1.0"", ""numpy"": ""1.26.4"", ""pandas"": ""3.0.3"", ""scikit-learn"": ""1.9.0"", ""torch"": ""2.12.0""}"
adult,logreg,sex,none,3,0.164557,0.068316,0.340152,0.849644,0.761483,0.194579,0.238038,0.283732,0.299351,0.01055,0.002651,0.100083,102.0,1245522.0,344718.0,,3.11.15,"{""tinyaudit"": ""0.1.0"", ""numpy"": ""1.26.4"", ""pandas"": ""3.0.3"", ""scikit-learn"": ""1.9.0"", ""torch"": ""2.12.0""}"
adult,logreg,sex,int8,3,0.164557,0.068316,0.340152,0.849644,0.761483,0.194579,0.238038,0.283732,,,,,102.0,1245522.0,13282288.0,,3.11.15,"{""tinyaudit"": ""0.1.0"", ""numpy"": ""1.26.4"", ""pandas"": ""3.0.3"", ""scikit-learn"": ""1.9.0"", ""torch"": ""2.12.0""}"
adult,logreg,sex,prune:0.3,3,0.161979,0.065774,0.343051,0.850463,0.7612,0.192613,0.237603,0.283291,0.299582,0.010854,0.001776,0.099908,102.0,1245522.0,343486.0,,3.11.15,"{""tinyaudit"": ""0.1.0"", ""numpy"": ""1.26.4"", ""pandas"": ""3.0.3"", ""scikit-learn"": ""1.9.0"", ""torch"": ""2.12.0""}"
adult,logreg,sex,prune:0.5,3,0.160261,0.063686,0.342818,0.851118,0.760575,0.190484,0.235839,0.282044,0.299672,0.012567,0.004649,0.098066,102.0,1245522.0,343486.0,,3.11.15,"{""tinyaudit"": ""0.1.0"", ""numpy"": ""1.26.4"", ""pandas"": ""3.0.3"", ""scikit-learn"": ""1.9.0"", ""torch"": ""2.12.0""}"
adult,logreg,sex,prune:0.7,3,0.133986,0.052186,0.378597,0.843584,0.73627,0.170993,0.226555,0.270355,0.304844,0.017422,0.000939,0.084056,102.0,1245522.0,343486.0,,3.11.15,"{""tinyaudit"": ""0.1.0"", ""numpy"": ""1.26.4"", ""pandas"": ""3.0.3"", ""scikit-learn"": ""1.9.0"", ""torch"": ""2.12.0""}"
adult,logreg,sex,prune:0.9,3,0.123973,0.130499,0.228109,0.821391,0.668786,0.119319,0.209772,0.239674,0.314373,0.025164,0.013071,0.078005,102.0,1245522.0,343486.0,,3.11.15,"{""tinyaudit"": ""0.1.0"", ""numpy"": ""1.26.4"", ""pandas"": ""3.0.3"", ""scikit-learn"": ""1.9.0"", ""torch"": ""2.12.0""}"
adult,logreg,race,none,3,0.17948,0.215357,0.291053,0.849644,0.761483,0.194579,0.238038,0.283732,0.285586,0.033466,0.066571,0.09586,102.0,1245522.0,343378.0,,3.11.15,"{""tinyaudit"": ""0.1.0"", ""numpy"": ""1.26.4"", ""pandas"": ""3.0.3"", ""scikit-learn"": ""1.9.0"", ""torch"": ""2.12.0""}"
adult,logreg,race,int8,3,0.17948,0.215357,0.291053,0.849644,0.761483,0.194579,0.238038,0.283732,,,,,102.0,1245522.0,13278470.0,,3.11.15,"{""tinyaudit"": ""0.1.0"", ""numpy"": ""1.26.4"", ""pandas"": ""3.0.3"", ""scikit-learn"": ""1.9.0"", ""torch"": ""2.12.0""}"
adult,logreg,race,prune:0.3,3,0.171885,0.205649,0.300054,0.850463,0.7612,0.192613,0.237603,0.283291,0.286565,0.033663,0.062034,0.097611,102.0,1245522.0,343432.0,,3.11.15,"{""tinyaudit"": ""0.1.0"", ""numpy"": ""1.26.4"", ""pandas"": ""3.0.3"", ""scikit-learn"": ""1.9.0"", ""torch"": ""2.12.0""}"
adult,logreg,race,prune:0.5,3,0.143638,0.157105,0.369591,0.851118,0.760575,0.190484,0.235839,0.282044,0.288073,0.034643,0.066448,0.091267,102.0,1245522.0,343486.0,,3.11.15,"{""tinyaudit"": ""0.1.0"", ""numpy"": ""1.26.4"", ""pandas"": ""3.0.3"", ""scikit-learn"": ""1.9.0"", ""torch"": ""2.12.0""}"
adult,logreg,race,prune:0.7,3,0.156296,0.11541,0.350139,0.843584,0.73627,0.170993,0.226555,0.270355,0.302067,0.036269,0.0622,0.097629,102.0,1245522.0,343432.0,,3.11.15,"{""tinyaudit"": ""0.1.0"", ""numpy"": ""1.26.4"", ""pandas"": ""3.0.3"", ""scikit-learn"": ""1.9.0"", ""torch"": ""2.12.0""}"
adult,logreg,race,prune:0.9,3,0.091672,0.144748,0.364728,0.821391,0.668786,0.119319,0.209772,0.239674,0.317496,0.051785,0.060276,0.060516,102.0,1245522.0,343486.0,,3.11.15,"{""tinyaudit"": ""0.1.0"", ""numpy"": ""1.26.4"", ""pandas"": ""3.0.3"", ""scikit-learn"": ""1.9.0"", ""torch"": ""2.12.0""}"
adult,tree,sex,none,3,0.180722,0.097147,0.39902,0.811072,0.741408,0.240521,0.240521,0.4274,,,,,10721.0,130914131.0,5326200.0,,3.11.15,"{""tinyaudit"": ""0.1.0"", ""numpy"": ""1.26.4"", ""pandas"": ""3.0.3"", ""scikit-learn"": ""1.9.0"", ""torch"": ""2.12.0""}"
adult,tree,sex,int8,3,,,,,,,,,,,,,,,,"NotImplementedError: quantize_int8 supports sklearn LogisticRegression and MLPClassifier; got 'DecisionTreeClassifier'. For other sklearn families, wrap the model in ONNX manually.",3.11.15,"{""tinyaudit"": ""0.1.0"", ""numpy"": ""1.26.4"", ""pandas"": ""3.0.3"", ""scikit-learn"": ""1.9.0"", ""torch"": ""2.12.0""}"
adult,tree,sex,prune:0.3,3,,,,,,,,,,,,,,,,"RuntimeError: magnitude_prune supports the sklearn weight-array families LogisticRegression (coef_) and MLPClassifier (coefs_); got 'DecisionTreeClassifier', which has no prunable dense weight matrix.",3.11.15,"{""tinyaudit"": ""0.1.0"", ""numpy"": ""1.26.4"", ""pandas"": ""3.0.3"", ""scikit-learn"": ""1.9.0"", ""torch"": ""2.12.0""}"
adult,tree,sex,prune:0.5,3,,,,,,,,,,,,,,,,"RuntimeError: magnitude_prune supports the sklearn weight-array families LogisticRegression (coef_) and MLPClassifier (coefs_); got 'DecisionTreeClassifier', which has no prunable dense weight matrix.",3.11.15,"{""tinyaudit"": ""0.1.0"", ""numpy"": ""1.26.4"", ""pandas"": ""3.0.3"", ""scikit-learn"": ""1.9.0"", ""torch"": ""2.12.0""}"
adult,tree,sex,prune:0.7,3,,,,,,,,,,,,,,,,"RuntimeError: magnitude_prune supports the sklearn weight-array families LogisticRegression (coef_) and MLPClassifier (coefs_); got 'DecisionTreeClassifier', which has no prunable dense weight matrix.",3.11.15,"{""tinyaudit"": ""0.1.0"", ""numpy"": ""1.26.4"", ""pandas"": ""3.0.3"", ""scikit-learn"": ""1.9.0"", ""torch"": ""2.12.0""}"
adult,tree,sex,prune:0.9,3,,,,,,,,,,,,,,,,"RuntimeError: magnitude_prune supports the sklearn weight-array families LogisticRegression (coef_) and MLPClassifier (coefs_); got 'DecisionTreeClassifier', which has no prunable dense weight matrix.",3.11.15,"{""tinyaudit"": ""0.1.0"", ""numpy"": ""1.26.4"", ""pandas"": ""3.0.3"", ""scikit-learn"": ""1.9.0"", ""torch"": ""2.12.0""}"
adult,tree,race,none,3,0.157744,0.19959,0.373688,0.811072,0.741408,0.240521,0.240521,0.4274,,,,,10721.0,130914131.0,5325096.0,,3.11.15,"{""tinyaudit"": ""0.1.0"", ""numpy"": ""1.26.4"", ""pandas"": ""3.0.3"", ""scikit-learn"": ""1.9.0"", ""torch"": ""2.12.0""}"
adult,tree,race,int8,3,,,,,,,,,,,,,,,,"NotImplementedError: quantize_int8 supports sklearn LogisticRegression and MLPClassifier; got 'DecisionTreeClassifier'. For other sklearn families, wrap the model in ONNX manually.",3.11.15,"{""tinyaudit"": ""0.1.0"", ""numpy"": ""1.26.4"", ""pandas"": ""3.0.3"", ""scikit-learn"": ""1.9.0"", ""torch"": ""2.12.0""}"
adult,tree,race,prune:0.3,3,,,,,,,,,,,,,,,,"RuntimeError: magnitude_prune supports the sklearn weight-array families LogisticRegression (coef_) and MLPClassifier (coefs_); got 'DecisionTreeClassifier', which has no prunable dense weight matrix.",3.11.15,"{""tinyaudit"": ""0.1.0"", ""numpy"": ""1.26.4"", ""pandas"": ""3.0.3"", ""scikit-learn"": ""1.9.0"", ""torch"": ""2.12.0""}"
adult,tree,race,prune:0.5,3,,,,,,,,,,,,,,,,"RuntimeError: magnitude_prune supports the sklearn weight-array families LogisticRegression (coef_) and MLPClassifier (coefs_); got 'DecisionTreeClassifier', which has no prunable dense weight matrix.",3.11.15,"{""tinyaudit"": ""0.1.0"", ""numpy"": ""1.26.4"", ""pandas"": ""3.0.3"", ""scikit-learn"": ""1.9.0"", ""torch"": ""2.12.0""}"
adult,tree,race,prune:0.7,3,,,,,,,,,,,,,,,,"RuntimeError: magnitude_prune supports the sklearn weight-array families LogisticRegression (coef_) and MLPClassifier (coefs_); got 'DecisionTreeClassifier', which has no prunable dense weight matrix.",3.11.15,"{""tinyaudit"": ""0.1.0"", ""numpy"": ""1.26.4"", ""pandas"": ""3.0.3"", ""scikit-learn"": ""1.9.0"", ""torch"": ""2.12.0""}"
adult,tree,race,prune:0.9,3,,,,,,,,,,,,,,,,"RuntimeError: magnitude_prune supports the sklearn weight-array families LogisticRegression (coef_) and MLPClassifier (coefs_); got 'DecisionTreeClassifier', which has no prunable dense weight matrix.",3.11.15,"{""tinyaudit"": ""0.1.0"", ""numpy"": ""1.26.4"", ""pandas"": ""3.0.3"", ""scikit-learn"": ""1.9.0"", ""torch"": ""2.12.0""}"
adult,mlp,sex,none,3,0.166859,0.076667,0.397116,0.838588,0.765359,0.221194,0.24287,0.327034,0.242593,0.03254,0.024417,0.096801,4353.0,53154483.0,6253180.0,,3.11.15,"{""tinyaudit"": ""0.1.0"", ""numpy"": ""1.26.4"", ""pandas"": ""3.0.3"", ""scikit-learn"": ""1.9.0"", ""torch"": ""2.12.0""}"
adult,mlp,sex,int8,3,0.184039,0.093676,0.39122,0.82827,0.765379,0.241012,0.25349,0.339515,,,,,4353.0,53154483.0,13277022.0,,3.11.15,"{""tinyaudit"": ""0.1.0"", ""numpy"": ""1.26.4"", ""pandas"": ""3.0.3"", ""scikit-learn"": ""1.9.0"", ""torch"": ""2.12.0""}"
adult,mlp,sex,prune:0.3,3,0.224015,0.162396,0.539415,0.686185,0.692514,0.41176,0.402311,0.379543,0.321395,0.122433,0.051457,0.185845,4353.0,53154483.0,6253180.0,,3.11.15,"{""tinyaudit"": ""0.1.0"", ""numpy"": ""1.26.4"", ""pandas"": ""3.0.3"", ""scikit-learn"": ""1.9.0"", ""torch"": ""2.12.0""}"
adult,mlp,sex,prune:0.5,3,0.194674,0.178612,0.647606,0.620997,0.657292,0.487593,0.474347,0.396182,0.319533,0.189238,0.08251,0.207701,4353.0,53154483.0,6253180.0,,3.11.15,"{""tinyaudit"": ""0.1.0"", ""numpy"": ""1.26.4"", ""pandas"": ""3.0.3"", ""scikit-learn"": ""1.9.0"", ""torch"": ""2.12.0""}"
adult,mlp,sex,prune:0.7,3,0.081438,0.037689,0.485068,0.794775,0.640619,0.131029,0.219424,0.261172,0.296076,0.040762,0.025502,0.03528,4353.0,53154483.0,6253180.0,,3.11.15,"{""tinyaudit"": ""0.1.0"", ""numpy"": ""1.26.4"", ""pandas"": ""3.0.3"", ""scikit-learn"": ""1.9.0"", ""torch"": ""2.12.0""}"
adult,mlp,sex,prune:0.9,3,0.0,0.0,1.0,0.760708,0.5,0.0,0.393444,0.076215,0.651445,0.184937,0.168756,0.0,4353.0,53154483.0,6253180.0,,3.11.15,"{""tinyaudit"": ""0.1.0"", ""numpy"": ""1.26.4"", ""pandas"": ""3.0.3"", ""scikit-learn"": ""1.9.0"", ""torch"": ""2.12.0""}"
adult,mlp,race,none,3,0.140581,0.121212,0.455594,0.838588,0.765359,0.221194,0.24287,0.327034,0.214948,0.062101,0.109412,0.116314,4353.0,53154483.0,6253180.0,,3.11.15,"{""tinyaudit"": ""0.1.0"", ""numpy"": ""1.26.4"", ""pandas"": ""3.0.3"", ""scikit-learn"": ""1.9.0"", ""torch"": ""2.12.0""}"
adult,mlp,race,int8,3,0.161727,0.106905,0.444501,0.82827,0.765379,0.241012,0.25349,0.339515,,,,,4353.0,53154483.0,13278430.0,,3.11.15,"{""tinyaudit"": ""0.1.0"", ""numpy"": ""1.26.4"", ""pandas"": ""3.0.3"", ""scikit-learn"": ""1.9.0"", ""torch"": ""2.12.0""}"
adult,mlp,race,prune:0.3,3,0.157252,0.172129,0.644312,0.686185,0.692514,0.41176,0.402311,0.379543,0.299487,0.1212,0.117585,0.168897,4353.0,53154483.0,6253180.0,,3.11.15,"{""tinyaudit"": ""0.1.0"", ""numpy"": ""1.26.4"", ""pandas"": ""3.0.3"", ""scikit-learn"": ""1.9.0"", ""torch"": ""2.12.0""}"
adult,mlp,race,prune:0.5,3,0.166822,0.462121,0.683038,0.620997,0.657292,0.487593,0.474347,0.396182,0.289292,0.205855,0.074624,0.175897,4353.0,53154483.0,6253180.0,,3.11.15,"{""tinyaudit"": ""0.1.0"", ""numpy"": ""1.26.4"", ""pandas"": ""3.0.3"", ""scikit-learn"": ""1.9.0"", ""torch"": ""2.12.0""}"
adult,mlp,race,prune:0.7,3,0.042916,0.300068,0.686104,0.794775,0.640619,0.131029,0.219424,0.261172,0.249434,0.080828,0.080856,0.045725,4353.0,53154483.0,6253180.0,,3.11.15,"{""tinyaudit"": ""0.1.0"", ""numpy"": ""1.26.4"", ""pandas"": ""3.0.3"", ""scikit-learn"": ""1.9.0"", ""torch"": ""2.12.0""}"
adult,mlp,race,prune:0.9,3,0.0,0.0,1.0,0.760708,0.5,0.0,0.393444,0.076215,0.650721,0.216736,0.130878,0.0,4353.0,53154483.0,6253180.0,,3.11.15,"{""tinyaudit"": ""0.1.0"", ""numpy"": ""1.26.4"", ""pandas"": ""3.0.3"", ""scikit-learn"": ""1.9.0"", ""torch"": ""2.12.0""}"
adult,majority,sex,none,3,0.0,0.0,1.0,0.760708,0.5,0.0,0.0,0.0,,,,,1.0,12211.0,98090.0,,3.11.15,"{""tinyaudit"": ""0.1.0"", ""numpy"": ""1.26.4"", ""pandas"": ""3.0.3"", ""scikit-learn"": ""1.9.0"", ""torch"": ""2.12.0""}"
adult,prevalence,sex,none,3,0.0,0.0,1.0,0.760708,0.5,0.0,0.239278,0.0,,,,,1.0,12211.0,98090.0,,3.11.15,"{""tinyaudit"": ""0.1.0"", ""numpy"": ""1.26.4"", ""pandas"": ""3.0.3"", ""scikit-learn"": ""1.9.0"", ""torch"": ""2.12.0""}"
adult,majority,race,none,3,0.0,0.0,1.0,0.760708,0.5,0.0,0.0,0.0,,,,,1.0,12211.0,98090.0,,3.11.15,"{""tinyaudit"": ""0.1.0"", ""numpy"": ""1.26.4"", ""pandas"": ""3.0.3"", ""scikit-learn"": ""1.9.0"", ""torch"": ""2.12.0""}"
adult,prevalence,race,none,3,0.0,0.0,1.0,0.760708,0.5,0.0,0.239278,0.0,,,,,1.0,12211.0,98090.0,,3.11.15,"{""tinyaudit"": ""0.1.0"", ""numpy"": ""1.26.4"", ""pandas"": ""3.0.3"", ""scikit-learn"": ""1.9.0"", ""torch"": ""2.12.0""}"
compas,logreg,sex,none,3,0.16517,0.165678,0.542064,0.685677,0.67151,0.327285,0.45165,0.189293,0.610862,0.06246,0.042602,0.182945,6.0,9258.0,63955.0,,3.11.15,"{""tinyaudit"": ""0.1.0"", ""numpy"": ""1.26.4"", ""pandas"": ""3.0.3"", ""scikit-learn"": ""1.9.0"", ""torch"": ""2.12.0""}"
compas,logreg,sex,int8,3,0.16517,0.165678,0.542064,0.685677,0.67151,0.327285,0.45165,0.189293,,,,,6.0,9258.0,674858.0,,3.11.15,"{""tinyaudit"": ""0.1.0"", ""numpy"": ""1.26.4"", ""pandas"": ""3.0.3"", ""scikit-learn"": ""1.9.0"", ""torch"": ""2.12.0""}"
compas,logreg,sex,prune:0.3,3,0.161152,0.155054,0.552194,0.685677,0.67151,0.327285,0.451787,0.189844,0.610375,0.062425,0.041917,0.183889,6.0,9258.0,63955.0,,3.11.15,"{""tinyaudit"": ""0.1.0"", ""numpy"": ""1.26.4"", ""pandas"": ""3.0.3"", ""scikit-learn"": ""1.9.0"", ""torch"": ""2.12.0""}"
compas,logreg,sex,prune:0.5,3,0.169276,0.151211,0.540004,0.684381,0.670792,0.333765,0.451436,0.18308,0.615172,0.065799,0.041826,0.172174,6.0,9258.0,63955.0,,3.11.15,"{""tinyaudit"": ""0.1.0"", ""numpy"": ""1.26.4"", ""pandas"": ""3.0.3"", ""scikit-learn"": ""1.9.0"", ""torch"": ""2.12.0""}"
compas,logreg,sex,prune:0.7,3,0.139057,0.133505,0.479698,0.627349,0.6047,0.239145,0.445262,0.160308,0.634188,0.058857,0.049781,0.158221,6.0,9258.0,63955.0,,3.11.15,"{""tinyaudit"": ""0.1.0"", ""numpy"": ""1.26.4"", ""pandas"": ""3.0.3"", ""scikit-learn"": ""1.9.0"", ""torch"": ""2.12.0""}"
compas,logreg,sex,prune:0.9,3,0.0,0.0,1.0,0.545042,0.5,0.0,0.457949,0.0,0.689554,0.060155,0.07702,0.0,6.0,9258.0,63955.0,,3.11.15,"{""tinyaudit"": ""0.1.0"", ""numpy"": ""1.26.4"", ""pandas"": ""3.0.3"", ""scikit-learn"": ""1.9.0"", ""torch"": ""2.12.0""}"
compas,logreg,race,none,3,0.502488,1.0,0.246269,0.685677,0.67151,0.327285,0.45165,0.189293,0.587121,0.153562,0.350107,0.57611,6.0,9258.0,63955.0,,3.11.15,"{""tinyaudit"": ""0.1.0"", ""numpy"": ""1.26.4"", ""pandas"": ""3.0.3"", ""scikit-learn"": ""1.9.0"", ""torch"": ""2.12.0""}"
compas,logreg,race,int8,3,0.502488,1.0,0.246269,0.685677,0.67151,0.327285,0.45165,0.189293,,,,,6.0,9258.0,674602.0,,3.11.15,"{""tinyaudit"": ""0.1.0"", ""numpy"": ""1.26.4"", ""pandas"": ""3.0.3"", ""scikit-learn"": ""1.9.0"", ""torch"": ""2.12.0""}"
compas,logreg,race,prune:0.3,3,0.502488,1.0,0.246269,0.685677,0.67151,0.327285,0.451787,0.189844,0.58871,0.155601,0.352696,0.575866,6.0,9258.0,63955.0,,3.11.15,"{""tinyaudit"": ""0.1.0"", ""numpy"": ""1.26.4"", ""pandas"": ""3.0.3"", ""scikit-learn"": ""1.9.0"", ""torch"": ""2.12.0""}"
compas,logreg,race,prune:0.5,3,0.5,1.0,0.25,0.684381,0.670792,0.333765,0.451436,0.18308,0.593004,0.150667,0.349056,0.585108,6.0,9258.0,63955.0,,3.11.15,"{""tinyaudit"": ""0.1.0"", ""numpy"": ""1.26.4"", ""pandas"": ""3.0.3"", ""scikit-learn"": ""1.9.0"", ""torch"": ""2.12.0""}"
compas,logreg,race,prune:0.7,3,0.547264,1.0,0.179104,0.627349,0.6047,0.239145,0.445262,0.160308,0.614269,0.12577,0.298166,0.669302,6.0,9258.0,63955.0,,3.11.15,"{""tinyaudit"": ""0.1.0"", ""numpy"": ""1.26.4"", ""pandas"": ""3.0.3"", ""scikit-learn"": ""1.9.0"", ""torch"": ""2.12.0""}"
compas,logreg,race,prune:0.9,3,0.0,0.0,1.0,0.545042,0.5,0.0,0.457949,0.0,0.689554,0.139938,0.402985,0.0,6.0,9258.0,63955.0,,3.11.15,"{""tinyaudit"": ""0.1.0"", ""numpy"": ""1.26.4"", ""pandas"": ""3.0.3"", ""scikit-learn"": ""1.9.0"", ""torch"": ""2.12.0""}"
compas,tree,sex,none,3,0.109959,0.08025,0.699869,0.648088,0.635144,0.344135,0.446738,0.306912,,,,,1419.0,2189517.0,81336.0,,3.11.15,"{""tinyaudit"": ""0.1.0"", ""numpy"": ""1.26.4"", ""pandas"": ""3.0.3"", ""scikit-learn"": ""1.9.0"", ""torch"": ""2.12.0""}"
compas,tree,sex,int8,3,,,,,,,,,,,,,,,,"NotImplementedError: quantize_int8 supports sklearn LogisticRegression and MLPClassifier; got 'DecisionTreeClassifier'. For other sklearn families, wrap the model in ONNX manually.",3.11.15,"{""tinyaudit"": ""0.1.0"", ""numpy"": ""1.26.4"", ""pandas"": ""3.0.3"", ""scikit-learn"": ""1.9.0"", ""torch"": ""2.12.0""}"
compas,tree,sex,prune:0.3,3,,,,,,,,,,,,,,,,"RuntimeError: magnitude_prune supports the sklearn weight-array families LogisticRegression (coef_) and MLPClassifier (coefs_); got 'DecisionTreeClassifier', which has no prunable dense weight matrix.",3.11.15,"{""tinyaudit"": ""0.1.0"", ""numpy"": ""1.26.4"", ""pandas"": ""3.0.3"", ""scikit-learn"": ""1.9.0"", ""torch"": ""2.12.0""}"
compas,tree,sex,prune:0.5,3,,,,,,,,,,,,,,,,"RuntimeError: magnitude_prune supports the sklearn weight-array families LogisticRegression (coef_) and MLPClassifier (coefs_); got 'DecisionTreeClassifier', which has no prunable dense weight matrix.",3.11.15,"{""tinyaudit"": ""0.1.0"", ""numpy"": ""1.26.4"", ""pandas"": ""3.0.3"", ""scikit-learn"": ""1.9.0"", ""torch"": ""2.12.0""}"
compas,tree,sex,prune:0.7,3,,,,,,,,,,,,,,,,"RuntimeError: magnitude_prune supports the sklearn weight-array families LogisticRegression (coef_) and MLPClassifier (coefs_); got 'DecisionTreeClassifier', which has no prunable dense weight matrix.",3.11.15,"{""tinyaudit"": ""0.1.0"", ""numpy"": ""1.26.4"", ""pandas"": ""3.0.3"", ""scikit-learn"": ""1.9.0"", ""torch"": ""2.12.0""}"
compas,tree,sex,prune:0.9,3,,,,,,,,,,,,,,,,"RuntimeError: magnitude_prune supports the sklearn weight-array families LogisticRegression (coef_) and MLPClassifier (coefs_); got 'DecisionTreeClassifier', which has no prunable dense weight matrix.",3.11.15,"{""tinyaudit"": ""0.1.0"", ""numpy"": ""1.26.4"", ""pandas"": ""3.0.3"", ""scikit-learn"": ""1.9.0"", ""torch"": ""2.12.0""}"
compas,tree,race,none,3,0.5,1.0,0.25,0.648088,0.635144,0.344135,0.446738,0.306912,,,,,1419.0,2189517.0,81282.0,,3.11.15,"{""tinyaudit"": ""0.1.0"", ""numpy"": ""1.26.4"", ""pandas"": ""3.0.3"", ""scikit-learn"": ""1.9.0"", ""torch"": ""2.12.0""}"
compas,tree,race,int8,3,,,,,,,,,,,,,,,,"NotImplementedError: quantize_int8 supports sklearn LogisticRegression and MLPClassifier; got 'DecisionTreeClassifier'. For other sklearn families, wrap the model in ONNX manually.",3.11.15,"{""tinyaudit"": ""0.1.0"", ""numpy"": ""1.26.4"", ""pandas"": ""3.0.3"", ""scikit-learn"": ""1.9.0"", ""torch"": ""2.12.0""}"
compas,tree,race,prune:0.3,3,,,,,,,,,,,,,,,,"RuntimeError: magnitude_prune supports the sklearn weight-array families LogisticRegression (coef_) and MLPClassifier (coefs_); got 'DecisionTreeClassifier', which has no prunable dense weight matrix.",3.11.15,"{""tinyaudit"": ""0.1.0"", ""numpy"": ""1.26.4"", ""pandas"": ""3.0.3"", ""scikit-learn"": ""1.9.0"", ""torch"": ""2.12.0""}"
compas,tree,race,prune:0.5,3,,,,,,,,,,,,,,,,"RuntimeError: magnitude_prune supports the sklearn weight-array families LogisticRegression (coef_) and MLPClassifier (coefs_); got 'DecisionTreeClassifier', which has no prunable dense weight matrix.",3.11.15,"{""tinyaudit"": ""0.1.0"", ""numpy"": ""1.26.4"", ""pandas"": ""3.0.3"", ""scikit-learn"": ""1.9.0"", ""torch"": ""2.12.0""}"
compas,tree,race,prune:0.7,3,,,,,,,,,,,,,,,,"RuntimeError: magnitude_prune supports the sklearn weight-array families LogisticRegression (coef_) and MLPClassifier (coefs_); got 'DecisionTreeClassifier', which has no prunable dense weight matrix.",3.11.15,"{""tinyaudit"": ""0.1.0"", ""numpy"": ""1.26.4"", ""pandas"": ""3.0.3"", ""scikit-learn"": ""1.9.0"", ""torch"": ""2.12.0""}"
compas,tree,race,prune:0.9,3,,,,,,,,,,,,,,,,"RuntimeError: magnitude_prune supports the sklearn weight-array families LogisticRegression (coef_) and MLPClassifier (coefs_); got 'DecisionTreeClassifier', which has no prunable dense weight matrix.",3.11.15,"{""tinyaudit"": ""0.1.0"", ""numpy"": ""1.26.4"", ""pandas"": ""3.0.3"", ""scikit-learn"": ""1.9.0"", ""torch"": ""2.12.0""}"
compas,mlp,sex,none,3,0.16926,0.166677,0.602368,0.695399,0.687138,0.391445,0.453641,0.211713,0.595664,0.023443,0.012469,0.203593,1281.0,1976583.0,791164.0,,3.11.15,"{""tinyaudit"": ""0.1.0"", ""numpy"": ""1.26.4"", ""pandas"": ""3.0.3"", ""scikit-learn"": ""1.9.0"", ""torch"": ""2.12.0""}"
compas,mlp,sex,int8,3,0.172465,0.159443,0.594839,0.698639,0.690346,0.390797,0.459239,0.211721,,,,,1281.0,1976583.0,675082.0,,3.11.15,"{""tinyaudit"": ""0.1.0"", ""numpy"": ""1.26.4"", ""pandas"": ""3.0.3"", ""scikit-learn"": ""1.9.0"", ""torch"": ""2.12.0""}"
compas,mlp,sex,prune:0.3,3,0.176808,0.169401,0.548443,0.684381,0.672793,0.3558,0.432864,0.196368,0.600007,0.025212,0.033711,0.171995,1281.0,1976583.0,791164.0,,3.11.15,"{""tinyaudit"": ""0.1.0"", ""numpy"": ""1.26.4"", ""pandas"": ""3.0.3"", ""scikit-learn"": ""1.9.0"", ""torch"": ""2.12.0""}"
compas,mlp,sex,prune:0.5,3,0.161079,0.190678,0.455251,0.655217,0.634974,0.263124,0.393651,0.148177,0.619098,0.02203,0.011328,0.091992,1281.0,1976583.0,791164.0,,3.11.15,"{""tinyaudit"": ""0.1.0"", ""numpy"": ""1.26.4"", ""pandas"": ""3.0.3"", ""scikit-learn"": ""1.9.0"", ""torch"": ""2.12.0""}"
compas,mlp,sex,prune:0.7,3,0.069713,0.092857,0.408156,0.609851,0.574757,0.103694,0.395655,0.079691,0.652932,0.049675,0.02843,0.024384,1281.0,1976583.0,791164.0,,3.11.15,"{""tinyaudit"": ""0.1.0"", ""numpy"": ""1.26.4"", ""pandas"": ""3.0.3"", ""scikit-learn"": ""1.9.0"", ""torch"": ""2.12.0""}"
compas,mlp,sex,prune:0.9,3,0.0,0.0,1.0,0.454958,0.5,1.0,0.517823,0.010207,0.692407,0.097684,0.118636,0.0,1281.0,1976583.0,791164.0,,3.11.15,"{""tinyaudit"": ""0.1.0"", ""numpy"": ""1.26.4"", ""pandas"": ""3.0.3"", ""scikit-learn"": ""1.9.0"", ""torch"": ""2.12.0""}"
compas,mlp,race,none,3,0.5,1.0,0.25,0.695399,0.687138,0.391445,0.453641,0.211713,0.573728,0.095414,0.282132,0.592678,1281.0,1976583.0,791164.0,,3.11.15,"{""tinyaudit"": ""0.1.0"", ""numpy"": ""1.26.4"", ""pandas"": ""3.0.3"", ""scikit-learn"": ""1.9.0"", ""torch"": ""2.12.0""}"
compas,mlp,race,int8,3,0.5,1.0,0.25,0.698639,0.690346,0.390797,0.459239,0.211721,,,,,1281.0,1976583.0,674410.0,,3.11.15,"{""tinyaudit"": ""0.1.0"", ""numpy"": ""1.26.4"", ""pandas"": ""3.0.3"", ""scikit-learn"": ""1.9.0"", ""torch"": ""2.12.0""}"
compas,mlp,race,prune:0.3,3,0.5,1.0,0.25,0.684381,0.672793,0.3558,0.432864,0.196368,0.585284,0.08666,0.247545,0.568786,1281.0,1976583.0,791110.0,,3.11.15,"{""tinyaudit"": ""0.1.0"", ""numpy"": ""1.26.4"", ""pandas"": ""3.0.3"", ""scikit-learn"": ""1.9.0"", ""torch"": ""2.12.0""}"
compas,mlp,race,prune:0.5,3,0.562189,1.0,0.156716,0.655217,0.634974,0.263124,0.393651,0.148177,0.610196,0.077955,0.310237,0.422268,1281.0,1976583.0,791164.0,,3.11.15,"{""tinyaudit"": ""0.1.0"", ""numpy"": ""1.26.4"", ""pandas"": ""3.0.3"", ""scikit-learn"": ""1.9.0"", ""torch"": ""2.12.0""}"
compas,mlp,race,prune:0.7,3,0.282866,0.5,0.151402,0.609851,0.574757,0.103694,0.395655,0.079691,0.64973,0.140232,0.310155,0.077514,1281.0,1976583.0,791164.0,,3.11.15,"{""tinyaudit"": ""0.1.0"", ""numpy"": ""1.26.4"", ""pandas"": ""3.0.3"", ""scikit-learn"": ""1.9.0"", ""torch"": ""2.12.0""}"
compas,mlp,race,prune:0.9,3,0.0,1.0,1.0,0.454958,0.5,1.0,0.517823,0.010207,0.692469,0.179019,0.507438,0.0,1281.0,1976583.0,791164.0,,3.11.15,"{""tinyaudit"": ""0.1.0"", ""numpy"": ""1.26.4"", ""pandas"": ""3.0.3"", ""scikit-learn"": ""1.9.0"", ""torch"": ""2.12.0""}"
compas,majority,sex,none,3,0.0,0.0,1.0,0.545042,0.5,0.0,0.0,0.0,,,,,1.0,1543.0,12746.0,,3.11.15,"{""tinyaudit"": ""0.1.0"", ""numpy"": ""1.26.4"", ""pandas"": ""3.0.3"", ""scikit-learn"": ""1.9.0"", ""torch"": ""2.12.0""}"
compas,prevalence,sex,none,3,0.0,0.0,1.0,0.545042,0.5,0.0,0.455174,0.0,,,,,1.0,1543.0,12746.0,,3.11.15,"{""tinyaudit"": ""0.1.0"", ""numpy"": ""1.26.4"", ""pandas"": ""3.0.3"", ""scikit-learn"": ""1.9.0"", ""torch"": ""2.12.0""}"
compas,majority,race,none,3,0.0,0.0,1.0,0.545042,0.5,0.0,0.0,0.0,,,,,1.0,1543.0,12746.0,,3.11.15,"{""tinyaudit"": ""0.1.0"", ""numpy"": ""1.26.4"", ""pandas"": ""3.0.3"", ""scikit-learn"": ""1.9.0"", ""torch"": ""2.12.0""}"
compas,prevalence,race,none,3,0.0,0.0,1.0,0.545042,0.5,0.0,0.455174,0.0,,,,,1.0,1543.0,12746.0,,3.11.15,"{""tinyaudit"": ""0.1.0"", ""numpy"": ""1.26.4"", ""pandas"": ""3.0.3"", ""scikit-learn"": ""1.9.0"", ""torch"": ""2.12.0""}"
adult,logreg,sex,none,4,0.17375,0.115883,0.309714,0.853575,0.766881,0.194579,0.237738,0.284909,0.306853,0.00964,0.011176,0.119059,102.0,1245522.0,344718.0,,3.11.15,"{""tinyaudit"": ""0.1.0"", ""numpy"": ""1.26.4"", ""pandas"": ""3.0.3"", ""scikit-learn"": ""1.9.0"", ""torch"": ""2.12.0""}"
adult,logreg,sex,int8,4,0.17375,0.115883,0.309714,0.853575,0.766881,0.194579,0.237738,0.284909,,,,,102.0,1245522.0,13282288.0,,3.11.15,"{""tinyaudit"": ""0.1.0"", ""numpy"": ""1.26.4"", ""pandas"": ""3.0.3"", ""scikit-learn"": ""1.9.0"", ""torch"": ""2.12.0""}"
adult,logreg,sex,prune:0.3,4,0.172907,0.116532,0.309385,0.85382,0.766456,0.193514,0.237512,0.284628,0.306803,0.009063,0.01042,0.119022,102.0,1245522.0,343486.0,,3.11.15,"{""tinyaudit"": ""0.1.0"", ""numpy"": ""1.26.4"", ""pandas"": ""3.0.3"", ""scikit-learn"": ""1.9.0"", ""torch"": ""2.12.0""}"
adult,logreg,sex,prune:0.5,4,0.168148,0.104346,0.315379,0.85423,0.764732,0.19032,0.235925,0.283454,0.3074,0.009584,0.010322,0.11647,102.0,1245522.0,343486.0,,3.11.15,"{""tinyaudit"": ""0.1.0"", ""numpy"": ""1.26.4"", ""pandas"": ""3.0.3"", ""scikit-learn"": ""1.9.0"", ""torch"": ""2.12.0""}"
adult,logreg,sex,prune:0.7,4,0.146877,0.079233,0.333442,0.850381,0.746368,0.172058,0.226906,0.272173,0.313244,0.010474,0.010955,0.103081,102.0,1245522.0,343486.0,,3.11.15,"{""tinyaudit"": ""0.1.0"", ""numpy"": ""1.26.4"", ""pandas"": ""3.0.3"", ""scikit-learn"": ""1.9.0"", ""torch"": ""2.12.0""}"
adult,logreg,sex,prune:0.9,4,0.128508,0.153125,0.212227,0.82655,0.676986,0.120875,0.211758,0.242514,0.323661,0.021262,0.011446,0.093971,102.0,1245522.0,343486.0,,3.11.15,"{""tinyaudit"": ""0.1.0"", ""numpy"": ""1.26.4"", ""pandas"": ""3.0.3"", ""scikit-learn"": ""1.9.0"", ""torch"": ""2.12.0""}"
adult,logreg,race,none,4,0.185135,0.329932,0.212644,0.853575,0.766881,0.194579,0.237738,0.284909,0.294741,0.032123,0.044895,0.09244,102.0,1245522.0,343378.0,,3.11.15,"{""tinyaudit"": ""0.1.0"", ""numpy"": ""1.26.4"", ""pandas"": ""3.0.3"", ""scikit-learn"": ""1.9.0"", ""torch"": ""2.12.0""}"
adult,logreg,race,int8,4,0.185135,0.329932,0.212644,0.853575,0.766881,0.194579,0.237738,0.284909,,,,,102.0,1245522.0,13278470.0,,3.11.15,"{""tinyaudit"": ""0.1.0"", ""numpy"": ""1.26.4"", ""pandas"": ""3.0.3"", ""scikit-learn"": ""1.9.0"", ""torch"": ""2.12.0""}"
adult,logreg,race,prune:0.3,4,0.187838,0.329932,0.210227,0.85382,0.766456,0.193514,0.237512,0.284628,0.295074,0.030858,0.044226,0.092718,102.0,1245522.0,343378.0,,3.11.15,"{""tinyaudit"": ""0.1.0"", ""numpy"": ""1.26.4"", ""pandas"": ""3.0.3"", ""scikit-learn"": ""1.9.0"", ""torch"": ""2.12.0""}"
adult,logreg,race,prune:0.5,4,0.17973,0.309524,0.217647,0.85423,0.764732,0.19032,0.235925,0.283454,0.297115,0.035143,0.063043,0.091453,102.0,1245522.0,343486.0,,3.11.15,"{""tinyaudit"": ""0.1.0"", ""numpy"": ""1.26.4"", ""pandas"": ""3.0.3"", ""scikit-learn"": ""1.9.0"", ""torch"": ""2.12.0""}"
adult,logreg,race,prune:0.7,4,0.180541,0.329932,0.249438,0.850381,0.746368,0.172058,0.226906,0.272173,0.309917,0.035573,0.053863,0.092573,102.0,1245522.0,343486.0,,3.11.15,"{""tinyaudit"": ""0.1.0"", ""numpy"": ""1.26.4"", ""pandas"": ""3.0.3"", ""scikit-learn"": ""1.9.0"", ""torch"": ""2.12.0""}"
adult,logreg,race,prune:0.9,4,0.13027,0.292517,0.234921,0.82655,0.676986,0.120875,0.211758,0.242514,0.327553,0.038782,0.046124,0.064877,102.0,1245522.0,343486.0,,3.11.15,"{""tinyaudit"": ""0.1.0"", ""numpy"": ""1.26.4"", ""pandas"": ""3.0.3"", ""scikit-learn"": ""1.9.0"", ""torch"": ""2.12.0""}"
adult,tree,sex,none,4,0.179248,0.091612,0.400607,0.813283,0.744152,0.240111,0.240152,0.427152,,,,,10867.0,132696937.0,5326200.0,,3.11.15,"{""tinyaudit"": ""0.1.0"", ""numpy"": ""1.26.4"", ""pandas"": ""3.0.3"", ""scikit-learn"": ""1.9.0"", ""torch"": ""2.12.0""}"
adult,tree,sex,int8,4,,,,,,,,,,,,,,,,"NotImplementedError: quantize_int8 supports sklearn LogisticRegression and MLPClassifier; got 'DecisionTreeClassifier'. For other sklearn families, wrap the model in ONNX manually.",3.11.15,"{""tinyaudit"": ""0.1.0"", ""numpy"": ""1.26.4"", ""pandas"": ""3.0.3"", ""scikit-learn"": ""1.9.0"", ""torch"": ""2.12.0""}"
adult,tree,sex,prune:0.3,4,,,,,,,,,,,,,,,,"RuntimeError: magnitude_prune supports the sklearn weight-array families LogisticRegression (coef_) and MLPClassifier (coefs_); got 'DecisionTreeClassifier', which has no prunable dense weight matrix.",3.11.15,"{""tinyaudit"": ""0.1.0"", ""numpy"": ""1.26.4"", ""pandas"": ""3.0.3"", ""scikit-learn"": ""1.9.0"", ""torch"": ""2.12.0""}"
adult,tree,sex,prune:0.5,4,,,,,,,,,,,,,,,,"RuntimeError: magnitude_prune supports the sklearn weight-array families LogisticRegression (coef_) and MLPClassifier (coefs_); got 'DecisionTreeClassifier', which has no prunable dense weight matrix.",3.11.15,"{""tinyaudit"": ""0.1.0"", ""numpy"": ""1.26.4"", ""pandas"": ""3.0.3"", ""scikit-learn"": ""1.9.0"", ""torch"": ""2.12.0""}"
adult,tree,sex,prune:0.7,4,,,,,,,,,,,,,,,,"RuntimeError: magnitude_prune supports the sklearn weight-array families LogisticRegression (coef_) and MLPClassifier (coefs_); got 'DecisionTreeClassifier', which has no prunable dense weight matrix.",3.11.15,"{""tinyaudit"": ""0.1.0"", ""numpy"": ""1.26.4"", ""pandas"": ""3.0.3"", ""scikit-learn"": ""1.9.0"", ""torch"": ""2.12.0""}"
adult,tree,sex,prune:0.9,4,,,,,,,,,,,,,,,,"RuntimeError: magnitude_prune supports the sklearn weight-array families LogisticRegression (coef_) and MLPClassifier (coefs_); got 'DecisionTreeClassifier', which has no prunable dense weight matrix.",3.11.15,"{""tinyaudit"": ""0.1.0"", ""numpy"": ""1.26.4"", ""pandas"": ""3.0.3"", ""scikit-learn"": ""1.9.0"", ""torch"": ""2.12.0""}"
adult,tree,race,none,4,0.20027,0.218045,0.259,0.813283,0.744152,0.240111,0.240152,0.427152,,,,,10867.0,132696937.0,5325096.0,,3.11.15,"{""tinyaudit"": ""0.1.0"", ""numpy"": ""1.26.4"", ""pandas"": ""3.0.3"", ""scikit-learn"": ""1.9.0"", ""torch"": ""2.12.0""}"
adult,tree,race,int8,4,,,,,,,,,,,,,,,,"NotImplementedError: quantize_int8 supports sklearn LogisticRegression and MLPClassifier; got 'DecisionTreeClassifier'. For other sklearn families, wrap the model in ONNX manually.",3.11.15,"{""tinyaudit"": ""0.1.0"", ""numpy"": ""1.26.4"", ""pandas"": ""3.0.3"", ""scikit-learn"": ""1.9.0"", ""torch"": ""2.12.0""}"
adult,tree,race,prune:0.3,4,,,,,,,,,,,,,,,,"RuntimeError: magnitude_prune supports the sklearn weight-array families LogisticRegression (coef_) and MLPClassifier (coefs_); got 'DecisionTreeClassifier', which has no prunable dense weight matrix.",3.11.15,"{""tinyaudit"": ""0.1.0"", ""numpy"": ""1.26.4"", ""pandas"": ""3.0.3"", ""scikit-learn"": ""1.9.0"", ""torch"": ""2.12.0""}"
adult,tree,race,prune:0.5,4,,,,,,,,,,,,,,,,"RuntimeError: magnitude_prune supports the sklearn weight-array families LogisticRegression (coef_) and MLPClassifier (coefs_); got 'DecisionTreeClassifier', which has no prunable dense weight matrix.",3.11.15,"{""tinyaudit"": ""0.1.0"", ""numpy"": ""1.26.4"", ""pandas"": ""3.0.3"", ""scikit-learn"": ""1.9.0"", ""torch"": ""2.12.0""}"
adult,tree,race,prune:0.7,4,,,,,,,,,,,,,,,,"RuntimeError: magnitude_prune supports the sklearn weight-array families LogisticRegression (coef_) and MLPClassifier (coefs_); got 'DecisionTreeClassifier', which has no prunable dense weight matrix.",3.11.15,"{""tinyaudit"": ""0.1.0"", ""numpy"": ""1.26.4"", ""pandas"": ""3.0.3"", ""scikit-learn"": ""1.9.0"", ""torch"": ""2.12.0""}"
adult,tree,race,prune:0.9,4,,,,,,,,,,,,,,,,"RuntimeError: magnitude_prune supports the sklearn weight-array families LogisticRegression (coef_) and MLPClassifier (coefs_); got 'DecisionTreeClassifier', which has no prunable dense weight matrix.",3.11.15,"{""tinyaudit"": ""0.1.0"", ""numpy"": ""1.26.4"", ""pandas"": ""3.0.3"", ""scikit-learn"": ""1.9.0"", ""torch"": ""2.12.0""}"
adult,mlp,sex,none,4,0.158771,0.078988,0.373477,0.8417,0.755323,0.201212,0.228545,0.318818,0.273523,0.018887,0.018081,0.120988,4353.0,53154483.0,6253180.0,,3.11.15,"{""tinyaudit"": ""0.1.0"", ""numpy"": ""1.26.4"", ""pandas"": ""3.0.3"", ""scikit-learn"": ""1.9.0"", ""torch"": ""2.12.0""}"
adult,mlp,sex,int8,4,0.176035,0.126142,0.342395,0.838179,0.756645,0.209811,0.230196,0.325634,,,,,4353.0,53154483.0,13277022.0,,3.11.15,"{""tinyaudit"": ""0.1.0"", ""numpy"": ""1.26.4"", ""pandas"": ""3.0.3"", ""scikit-learn"": ""1.9.0"", ""torch"": ""2.12.0""}"
adult,mlp,sex,prune:0.3,4,0.057857,0.11743,0.606474,0.806977,0.655207,0.127999,0.162175,0.277621,0.234546,0.064797,0.074889,0.052139,4353.0,53154483.0,6253180.0,,3.11.15,"{""tinyaudit"": ""0.1.0"", ""numpy"": ""1.26.4"", ""pandas"": ""3.0.3"", ""scikit-learn"": ""1.9.0"", ""torch"": ""2.12.0""}"
adult,mlp,sex,prune:0.5,4,0.079283,0.185194,0.083496,0.787405,0.579945,0.060437,0.098481,0.200486,0.150174,0.123657,0.065111,0.009313,4353.0,53154483.0,6253180.0,,3.11.15,"{""tinyaudit"": ""0.1.0"", ""numpy"": ""1.26.4"", ""pandas"": ""3.0.3"", ""scikit-learn"": ""1.9.0"", ""torch"": ""2.12.0""}"
adult,mlp,sex,prune:0.7,4,0.14682,0.113012,0.641757,0.681353,0.64993,0.361559,0.397693,0.352896,0.370927,0.122445,0.048228,0.163795,4353.0,53154483.0,6253180.0,,3.11.15,"{""tinyaudit"": ""0.1.0"", ""numpy"": ""1.26.4"", ""pandas"": ""3.0.3"", ""scikit-learn"": ""1.9.0"", ""torch"": ""2.12.0""}"
adult,mlp,sex,prune:0.9,4,0.07688,0.199491,0.732212,0.645975,0.529913,0.261813,0.470216,0.201848,0.620067,0.215081,0.094869,0.043795,4353.0,53154483.0,6253180.0,,3.11.15,"{""tinyaudit"": ""0.1.0"", ""numpy"": ""1.26.4"", ""pandas"": ""3.0.3"", ""scikit-learn"": ""1.9.0"", ""torch"": ""2.12.0""}"
adult,mlp,race,none,4,0.103163,0.093233,0.516036,0.8417,0.755323,0.201212,0.228545,0.318818,0.273119,0.047181,0.061615,0.08415,4353.0,53154483.0,6253180.0,,3.11.15,"{""tinyaudit"": ""0.1.0"", ""numpy"": ""1.26.4"", ""pandas"": ""3.0.3"", ""scikit-learn"": ""1.9.0"", ""torch"": ""2.12.0""}"
adult,mlp,race,int8,4,0.128843,0.140351,0.452049,0.838179,0.756645,0.209811,0.230196,0.325634,,,,,4353.0,53154483.0,13278430.0,,3.11.15,"{""tinyaudit"": ""0.1.0"", ""numpy"": ""1.26.4"", ""pandas"": ""3.0.3"", ""scikit-learn"": ""1.9.0"", ""torch"": ""2.12.0""}"
adult,mlp,race,prune:0.3,4,0.148796,0.113158,0.34459,0.806977,0.655207,0.127999,0.162175,0.277621,0.237304,0.068178,0.101961,0.078792,4353.0,53154483.0,6253180.0,,3.11.15,"{""tinyaudit"": ""0.1.0"", ""numpy"": ""1.26.4"", ""pandas"": ""3.0.3"", ""scikit-learn"": ""1.9.0"", ""torch"": ""2.12.0""}"
adult,mlp,race,prune:0.5,4,0.054955,0.102005,0.153953,0.787405,0.579945,0.060437,0.098481,0.200486,0.14126,0.115192,0.133089,0.008813,4353.0,53154483.0,6253180.0,,3.11.15,"{""tinyaudit"": ""0.1.0"", ""numpy"": ""1.26.4"", ""pandas"": ""3.0.3"", ""scikit-learn"": ""1.9.0"", ""torch"": ""2.12.0""}"
adult,mlp,race,prune:0.7,4,0.152671,0.119484,0.646949,0.681353,0.64993,0.361559,0.397693,0.352896,0.34957,0.164355,0.103861,0.207117,4353.0,53154483.0,6253180.0,,3.11.15,"{""tinyaudit"": ""0.1.0"", ""numpy"": ""1.26.4"", ""pandas"": ""3.0.3"", ""scikit-learn"": ""1.9.0"", ""torch"": ""2.12.0""}"
adult,mlp,race,prune:0.9,4,0.052969,0.311404,0.816837,0.645975,0.529913,0.261813,0.470216,0.201848,0.622067,0.235559,0.106479,0.084906,4353.0,53154483.0,6253180.0,,3.11.15,"{""tinyaudit"": ""0.1.0"", ""numpy"": ""1.26.4"", ""pandas"": ""3.0.3"", ""scikit-learn"": ""1.9.0"", ""torch"": ""2.12.0""}"
adult,majority,sex,none,4,0.0,0.0,1.0,0.760708,0.5,0.0,0.0,0.0,,,,,1.0,12211.0,98090.0,,3.11.15,"{""tinyaudit"": ""0.1.0"", ""numpy"": ""1.26.4"", ""pandas"": ""3.0.3"", ""scikit-learn"": ""1.9.0"", ""torch"": ""2.12.0""}"
adult,prevalence,sex,none,4,0.0,0.0,1.0,0.760708,0.5,0.0,0.239278,0.0,,,,,1.0,12211.0,98090.0,,3.11.15,"{""tinyaudit"": ""0.1.0"", ""numpy"": ""1.26.4"", ""pandas"": ""3.0.3"", ""scikit-learn"": ""1.9.0"", ""torch"": ""2.12.0""}"
adult,majority,race,none,4,0.0,0.0,1.0,0.760708,0.5,0.0,0.0,0.0,,,,,1.0,12211.0,98090.0,,3.11.15,"{""tinyaudit"": ""0.1.0"", ""numpy"": ""1.26.4"", ""pandas"": ""3.0.3"", ""scikit-learn"": ""1.9.0"", ""torch"": ""2.12.0""}"
adult,prevalence,race,none,4,0.0,0.0,1.0,0.760708,0.5,0.0,0.239278,0.0,,,,,1.0,12211.0,98090.0,,3.11.15,"{""tinyaudit"": ""0.1.0"", ""numpy"": ""1.26.4"", ""pandas"": ""3.0.3"", ""scikit-learn"": ""1.9.0"", ""torch"": ""2.12.0""}"
compas,logreg,sex,none,4,0.103432,0.078001,0.712562,0.685677,0.672805,0.341542,0.457869,0.191438,0.622644,0.075628,0.079978,0.133715,6.0,9258.0,63955.0,,3.11.15,"{""tinyaudit"": ""0.1.0"", ""numpy"": ""1.26.4"", ""pandas"": ""3.0.3"", ""scikit-learn"": ""1.9.0"", ""torch"": ""2.12.0""}"
compas,logreg,sex,int8,4,0.103432,0.078001,0.712562,0.685677,0.672805,0.341542,0.457869,0.191438,,,,,6.0,9258.0,674858.0,,3.11.15,"{""tinyaudit"": ""0.1.0"", ""numpy"": ""1.26.4"", ""pandas"": ""3.0.3"", ""scikit-learn"": ""1.9.0"", ""torch"": ""2.12.0""}"
compas,logreg,sex,prune:0.3,4,0.107404,0.078913,0.713439,0.686973,0.675407,0.3558,0.459011,0.188707,0.6247,0.073703,0.081649,0.130472,6.0,9258.0,63955.0,,3.11.15,"{""tinyaudit"": ""0.1.0"", ""numpy"": ""1.26.4"", ""pandas"": ""3.0.3"", ""scikit-learn"": ""1.9.0"", ""torch"": ""2.12.0""}"
compas,logreg,sex,prune:0.5,4,0.094257,0.069394,0.733985,0.683085,0.669838,0.337654,0.458311,0.182459,0.629519,0.077664,0.080792,0.124078,6.0,9258.0,63955.0,,3.11.15,"{""tinyaudit"": ""0.1.0"", ""numpy"": ""1.26.4"", ""pandas"": ""3.0.3"", ""scikit-learn"": ""1.9.0"", ""torch"": ""2.12.0""}"
compas,logreg,sex,prune:0.7,4,0.107571,0.089006,0.588508,0.631886,0.609568,0.242385,0.45145,0.161021,0.642882,0.066365,0.080978,0.149434,6.0,9258.0,63955.0,,3.11.15,"{""tinyaudit"": ""0.1.0"", ""numpy"": ""1.26.4"", ""pandas"": ""3.0.3"", ""scikit-learn"": ""1.9.0"", ""torch"": ""2.12.0""}"
compas,logreg,sex,prune:0.9,4,0.0,0.0,1.0,0.545042,0.5,0.0,0.458031,0.0,0.689562,0.067209,0.092315,0.0,6.0,9258.0,63955.0,,3.11.15,"{""tinyaudit"": ""0.1.0"", ""numpy"": ""1.26.4"", ""pandas"": ""3.0.3"", ""scikit-learn"": ""1.9.0"", ""torch"": ""2.12.0""}"
compas,logreg,race,none,4,0.451128,1.0,0.0,0.685677,0.672805,0.341542,0.457869,0.191438,0.622499,0.158591,0.333022,0.479015,6.0,9258.0,63901.0,,3.11.15,"{""tinyaudit"": ""0.1.0"", ""numpy"": ""1.26.4"", ""pandas"": ""3.0.3"", ""scikit-learn"": ""1.9.0"", ""torch"": ""2.12.0""}"
compas,logreg,race,int8,4,0.451128,1.0,0.0,0.685677,0.672805,0.341542,0.457869,0.191438,,,,,6.0,9258.0,674602.0,,3.11.15,"{""tinyaudit"": ""0.1.0"", ""numpy"": ""1.26.4"", ""pandas"": ""3.0.3"", ""scikit-learn"": ""1.9.0"", ""torch"": ""2.12.0""}"
compas,logreg,race,prune:0.3,4,0.463659,1.0,0.0,0.686973,0.675407,0.3558,0.459011,0.188707,0.624524,0.160532,0.338902,0.480252,6.0,9258.0,63955.0,,3.11.15,"{""tinyaudit"": ""0.1.0"", ""numpy"": ""1.26.4"", ""pandas"": ""3.0.3"", ""scikit-learn"": ""1.9.0"", ""torch"": ""2.12.0""}"
compas,logreg,race,prune:0.5,4,0.447368,0.625,0.0,0.683085,0.669838,0.337654,0.458311,0.182459,0.629112,0.151686,0.351586,0.472955,6.0,9258.0,63955.0,,3.11.15,"{""tinyaudit"": ""0.1.0"", ""numpy"": ""1.26.4"", ""pandas"": ""3.0.3"", ""scikit-learn"": ""1.9.0"", ""torch"": ""2.12.0""}"
compas,logreg,race,prune:0.7,4,0.319549,0.436321,0.0,0.631886,0.609568,0.242385,0.45145,0.161021,0.64775,0.152603,0.338009,0.377851,6.0,9258.0,63955.0,,3.11.15,"{""tinyaudit"": ""0.1.0"", ""numpy"": ""1.26.4"", ""pandas"": ""3.0.3"", ""scikit-learn"": ""1.9.0"", ""torch"": ""2.12.0""}"
compas,logreg,race,prune:0.9,4,0.0,0.0,1.0,0.545042,0.5,0.0,0.458031,0.0,0.689562,0.172038,0.389535,0.0,6.0,9258.0,63955.0,,3.11.15,"{""tinyaudit"": ""0.1.0"", ""numpy"": ""1.26.4"", ""pandas"": ""3.0.3"", ""scikit-learn"": ""1.9.0"", ""torch"": ""2.12.0""}"
compas,tree,sex,none,4,0.061769,0.03211,0.81841,0.639663,0.625296,0.329229,0.455475,0.302169,,,,,1395.0,2152485.0,81336.0,,3.11.15,"{""tinyaudit"": ""0.1.0"", ""numpy"": ""1.26.4"", ""pandas"": ""3.0.3"", ""scikit-learn"": ""1.9.0"", ""torch"": ""2.12.0""}"
compas,tree,sex,int8,4,,,,,,,,,,,,,,,,"NotImplementedError: quantize_int8 supports sklearn LogisticRegression and MLPClassifier; got 'DecisionTreeClassifier'. For other sklearn families, wrap the model in ONNX manually.",3.11.15,"{""tinyaudit"": ""0.1.0"", ""numpy"": ""1.26.4"", ""pandas"": ""3.0.3"", ""scikit-learn"": ""1.9.0"", ""torch"": ""2.12.0""}"
compas,tree,sex,prune:0.3,4,,,,,,,,,,,,,,,,"RuntimeError: magnitude_prune supports the sklearn weight-array families LogisticRegression (coef_) and MLPClassifier (coefs_); got 'DecisionTreeClassifier', which has no prunable dense weight matrix.",3.11.15,"{""tinyaudit"": ""0.1.0"", ""numpy"": ""1.26.4"", ""pandas"": ""3.0.3"", ""scikit-learn"": ""1.9.0"", ""torch"": ""2.12.0""}"
compas,tree,sex,prune:0.5,4,,,,,,,,,,,,,,,,"RuntimeError: magnitude_prune supports the sklearn weight-array families LogisticRegression (coef_) and MLPClassifier (coefs_); got 'DecisionTreeClassifier', which has no prunable dense weight matrix.",3.11.15,"{""tinyaudit"": ""0.1.0"", ""numpy"": ""1.26.4"", ""pandas"": ""3.0.3"", ""scikit-learn"": ""1.9.0"", ""torch"": ""2.12.0""}"
compas,tree,sex,prune:0.7,4,,,,,,,,,,,,,,,,"RuntimeError: magnitude_prune supports the sklearn weight-array families LogisticRegression (coef_) and MLPClassifier (coefs_); got 'DecisionTreeClassifier', which has no prunable dense weight matrix.",3.11.15,"{""tinyaudit"": ""0.1.0"", ""numpy"": ""1.26.4"", ""pandas"": ""3.0.3"", ""scikit-learn"": ""1.9.0"", ""torch"": ""2.12.0""}"
compas,tree,sex,prune:0.9,4,,,,,,,,,,,,,,,,"RuntimeError: magnitude_prune supports the sklearn weight-array families LogisticRegression (coef_) and MLPClassifier (coefs_); got 'DecisionTreeClassifier', which has no prunable dense weight matrix.",3.11.15,"{""tinyaudit"": ""0.1.0"", ""numpy"": ""1.26.4"", ""pandas"": ""3.0.3"", ""scikit-learn"": ""1.9.0"", ""torch"": ""2.12.0""}"
compas,tree,race,none,4,0.315385,1.0,0.369231,0.639663,0.625296,0.329229,0.455475,0.302169,,,,,1395.0,2152485.0,81336.0,,3.11.15,"{""tinyaudit"": ""0.1.0"", ""numpy"": ""1.26.4"", ""pandas"": ""3.0.3"", ""scikit-learn"": ""1.9.0"", ""torch"": ""2.12.0""}"
compas,tree,race,int8,4,,,,,,,,,,,,,,,,"NotImplementedError: quantize_int8 supports sklearn LogisticRegression and MLPClassifier; got 'DecisionTreeClassifier'. For other sklearn families, wrap the model in ONNX manually.",3.11.15,"{""tinyaudit"": ""0.1.0"", ""numpy"": ""1.26.4"", ""pandas"": ""3.0.3"", ""scikit-learn"": ""1.9.0"", ""torch"": ""2.12.0""}"
compas,tree,race,prune:0.3,4,,,,,,,,,,,,,,,,"RuntimeError: magnitude_prune supports the sklearn weight-array families LogisticRegression (coef_) and MLPClassifier (coefs_); got 'DecisionTreeClassifier', which has no prunable dense weight matrix.",3.11.15,"{""tinyaudit"": ""0.1.0"", ""numpy"": ""1.26.4"", ""pandas"": ""3.0.3"", ""scikit-learn"": ""1.9.0"", ""torch"": ""2.12.0""}"
compas,tree,race,prune:0.5,4,,,,,,,,,,,,,,,,"RuntimeError: magnitude_prune supports the sklearn weight-array families LogisticRegression (coef_) and MLPClassifier (coefs_); got 'DecisionTreeClassifier', which has no prunable dense weight matrix.",3.11.15,"{""tinyaudit"": ""0.1.0"", ""numpy"": ""1.26.4"", ""pandas"": ""3.0.3"", ""scikit-learn"": ""1.9.0"", ""torch"": ""2.12.0""}"
compas,tree,race,prune:0.7,4,,,,,,,,,,,,,,,,"RuntimeError: magnitude_prune supports the sklearn weight-array families LogisticRegression (coef_) and MLPClassifier (coefs_); got 'DecisionTreeClassifier', which has no prunable dense weight matrix.",3.11.15,"{""tinyaudit"": ""0.1.0"", ""numpy"": ""1.26.4"", ""pandas"": ""3.0.3"", ""scikit-learn"": ""1.9.0"", ""torch"": ""2.12.0""}"
compas,tree,race,prune:0.9,4,,,,,,,,,,,,,,,,"RuntimeError: magnitude_prune supports the sklearn weight-array families LogisticRegression (coef_) and MLPClassifier (coefs_); got 'DecisionTreeClassifier', which has no prunable dense weight matrix.",3.11.15,"{""tinyaudit"": ""0.1.0"", ""numpy"": ""1.26.4"", ""pandas"": ""3.0.3"", ""scikit-learn"": ""1.9.0"", ""torch"": ""2.12.0""}"
compas,mlp,sex,none,4,0.070434,0.065655,0.837363,0.6779,0.672145,0.420609,0.460085,0.215864,0.597853,0.054072,0.046605,0.108685,1281.0,1976583.0,791164.0,,3.11.15,"{""tinyaudit"": ""0.1.0"", ""numpy"": ""1.26.4"", ""pandas"": ""3.0.3"", ""scikit-learn"": ""1.9.0"", ""torch"": ""2.12.0""}"
compas,mlp,sex,int8,4,0.088749,0.091023,0.795072,0.677252,0.671198,0.417369,0.460475,0.218295,,,,,1281.0,1976583.0,675082.0,,3.11.15,"{""tinyaudit"": ""0.1.0"", ""numpy"": ""1.26.4"", ""pandas"": ""3.0.3"", ""scikit-learn"": ""1.9.0"", ""torch"": ""2.12.0""}"
compas,mlp,sex,prune:0.3,4,0.087312,0.072465,0.816413,0.681141,0.679003,0.460143,0.503907,0.202259,0.616451,0.046463,0.062119,0.129347,1281.0,1976583.0,791164.0,,3.11.15,"{""tinyaudit"": ""0.1.0"", ""numpy"": ""1.26.4"", ""pandas"": ""3.0.3"", ""scikit-learn"": ""1.9.0"", ""torch"": ""2.12.0""}"
compas,mlp,sex,prune:0.5,4,0.112887,0.087141,0.790093,0.671419,0.67444,0.517822,0.54013,0.189728,0.623382,0.076294,0.064877,0.105619,1281.0,1976583.0,791164.0,,3.11.15,"{""tinyaudit"": ""0.1.0"", ""numpy"": ""1.26.4"", ""pandas"": ""3.0.3"", ""scikit-learn"": ""1.9.0"", ""torch"": ""2.12.0""}"
compas,mlp,sex,prune:0.7,4,0.0,0.0,1.0,0.454958,0.5,1.0,0.665388,0.071688,0.629788,0.250926,0.123892,0.0,1281.0,1976583.0,791164.0,,3.11.15,"{""tinyaudit"": ""0.1.0"", ""numpy"": ""1.26.4"", ""pandas"": ""3.0.3"", ""scikit-learn"": ""1.9.0"", ""torch"": ""2.12.0""}"
compas,mlp,sex,prune:0.9,4,0.0,0.0,1.0,0.454958,0.5,1.0,0.540919,0.014754,0.689736,0.128565,0.133274,0.0,1281.0,1976583.0,791164.0,,3.11.15,"{""tinyaudit"": ""0.1.0"", ""numpy"": ""1.26.4"", ""pandas"": ""3.0.3"", ""scikit-learn"": ""1.9.0"", ""torch"": ""2.12.0""}"
compas,mlp,race,none,4,0.305356,1.0,0.423938,0.6779,0.672145,0.420609,0.460085,0.215864,0.588346,0.128204,0.325544,0.461877,1281.0,1976583.0,791110.0,,3.11.15,"{""tinyaudit"": ""0.1.0"", ""numpy"": ""1.26.4"", ""pandas"": ""3.0.3"", ""scikit-learn"": ""1.9.0"", ""torch"": ""2.12.0""}"
compas,mlp,race,int8,4,0.290361,1.0,0.448315,0.677252,0.671198,0.417369,0.460475,0.218295,,,,,1281.0,1976583.0,674410.0,,3.11.15,"{""tinyaudit"": ""0.1.0"", ""numpy"": ""1.26.4"", ""pandas"": ""3.0.3"", ""scikit-learn"": ""1.9.0"", ""torch"": ""2.12.0""}"
compas,mlp,race,prune:0.3,4,0.317669,1.0,0.440397,0.681141,0.679003,0.460143,0.503907,0.202259,0.614645,0.148137,0.377898,0.53574,1281.0,1976583.0,791164.0,,3.11.15,"{""tinyaudit"": ""0.1.0"", ""numpy"": ""1.26.4"", ""pandas"": ""3.0.3"", ""scikit-learn"": ""1.9.0"", ""torch"": ""2.12.0""}"
compas,mlp,race,prune:0.5,4,0.382832,1.0,0.39505,0.671419,0.67444,0.517822,0.54013,0.189728,0.625601,0.174844,0.391525,0.508458,1281.0,1976583.0,791164.0,,3.11.15,"{""tinyaudit"": ""0.1.0"", ""numpy"": ""1.26.4"", ""pandas"": ""3.0.3"", ""scikit-learn"": ""1.9.0"", ""torch"": ""2.12.0""}"
compas,mlp,race,prune:0.7,4,0.0,1.0,1.0,0.454958,0.5,1.0,0.665388,0.071688,0.638065,0.358366,0.473734,0.0,1281.0,1976583.0,791164.0,,3.11.15,"{""tinyaudit"": ""0.1.0"", ""numpy"": ""1.26.4"", ""pandas"": ""3.0.3"", ""scikit-learn"": ""1.9.0"", ""torch"": ""2.12.0""}"
compas,mlp,race,prune:0.9,4,0.0,1.0,1.0,0.454958,0.5,1.0,0.540919,0.014754,0.68978,0.229772,0.52702,0.0,1281.0,1976583.0,791164.0,,3.11.15,"{""tinyaudit"": ""0.1.0"", ""numpy"": ""1.26.4"", ""pandas"": ""3.0.3"", ""scikit-learn"": ""1.9.0"", ""torch"": ""2.12.0""}"
compas,majority,sex,none,4,0.0,0.0,1.0,0.545042,0.5,0.0,0.0,0.0,,,,,1.0,1543.0,12746.0,,3.11.15,"{""tinyaudit"": ""0.1.0"", ""numpy"": ""1.26.4"", ""pandas"": ""3.0.3"", ""scikit-learn"": ""1.9.0"", ""torch"": ""2.12.0""}"
compas,prevalence,sex,none,4,0.0,0.0,1.0,0.545042,0.5,0.0,0.455174,0.0,,,,,1.0,1543.0,12746.0,,3.11.15,"{""tinyaudit"": ""0.1.0"", ""numpy"": ""1.26.4"", ""pandas"": ""3.0.3"", ""scikit-learn"": ""1.9.0"", ""torch"": ""2.12.0""}"
compas,majority,race,none,4,0.0,0.0,1.0,0.545042,0.5,0.0,0.0,0.0,,,,,1.0,1543.0,12746.0,,3.11.15,"{""tinyaudit"": ""0.1.0"", ""numpy"": ""1.26.4"", ""pandas"": ""3.0.3"", ""scikit-learn"": ""1.9.0"", ""torch"": ""2.12.0""}"
compas,prevalence,race,none,4,0.0,0.0,1.0,0.545042,0.5,0.0,0.455174,0.0,,,,,1.0,1543.0,12746.0,,3.11.15,"{""tinyaudit"": ""0.1.0"", ""numpy"": ""1.26.4"", ""pandas"": ""3.0.3"", ""scikit-learn"": ""1.9.0"", ""torch"": ""2.12.0""}"
adult,logreg,sex,none,5,0.173204,0.095093,0.295786,0.852182,0.760571,0.188437,0.235361,0.282081,0.308793,0.012093,0.011617,0.108963,102.0,1245522.0,344718.0,,3.11.15,"{""tinyaudit"": ""0.1.0"", ""numpy"": ""1.26.4"", ""pandas"": ""3.0.3"", ""scikit-learn"": ""1.9.0"", ""torch"": ""2.12.0""}"
adult,logreg,sex,int8,5,0.173204,0.095093,0.295786,0.852182,0.760571,0.188437,0.235361,0.282081,,,,,102.0,1245522.0,13282288.0,,3.11.15,"{""tinyaudit"": ""0.1.0"", ""numpy"": ""1.26.4"", ""pandas"": ""3.0.3"", ""scikit-learn"": ""1.9.0"", ""torch"": ""2.12.0""}"
adult,logreg,sex,prune:0.3,5,0.171856,0.086764,0.297417,0.851937,0.759589,0.187536,0.235147,0.281745,0.308787,0.012157,0.009826,0.108605,102.0,1245522.0,343486.0,,3.11.15,"{""tinyaudit"": ""0.1.0"", ""numpy"": ""1.26.4"", ""pandas"": ""3.0.3"", ""scikit-learn"": ""1.9.0"", ""torch"": ""2.12.0""}"
adult,logreg,sex,prune:0.5,5,0.169279,0.088291,0.301294,0.851773,0.758308,0.186062,0.234073,0.280969,0.308825,0.011827,0.009995,0.107406,102.0,1245522.0,343486.0,,3.11.15,"{""tinyaudit"": ""0.1.0"", ""numpy"": ""1.26.4"", ""pandas"": ""3.0.3"", ""scikit-learn"": ""1.9.0"", ""torch"": ""2.12.0""}"
adult,logreg,sex,prune:0.7,5,0.15667,0.071226,0.307425,0.848743,0.745643,0.174187,0.229571,0.273007,0.312932,0.011707,0.008702,0.099302,102.0,1245522.0,343486.0,,3.11.15,"{""tinyaudit"": ""0.1.0"", ""numpy"": ""1.26.4"", ""pandas"": ""3.0.3"", ""scikit-learn"": ""1.9.0"", ""torch"": ""2.12.0""}"
adult,logreg,sex,prune:0.9,5,0.119969,0.116688,0.217225,0.825158,0.669737,0.113422,0.205878,0.238978,0.318565,0.027445,0.024486,0.084722,102.0,1245522.0,343486.0,,3.11.15,"{""tinyaudit"": ""0.1.0"", ""numpy"": ""1.26.4"", ""pandas"": ""3.0.3"", ""scikit-learn"": ""1.9.0"", ""torch"": ""2.12.0""}"
adult,logreg,race,none,5,0.177053,0.321429,0.242947,0.852182,0.760571,0.188437,0.235361,0.282081,0.286736,0.030811,0.043733,0.101305,102.0,1245522.0,343486.0,,3.11.15,"{""tinyaudit"": ""0.1.0"", ""numpy"": ""1.26.4"", ""pandas"": ""3.0.3"", ""scikit-learn"": ""1.9.0"", ""torch"": ""2.12.0""}"
adult,logreg,race,int8,5,0.177053,0.321429,0.242947,0.852182,0.760571,0.188437,0.235361,0.282081,,,,,102.0,1245522.0,13278470.0,,3.11.15,"{""tinyaudit"": ""0.1.0"", ""numpy"": ""1.26.4"", ""pandas"": ""3.0.3"", ""scikit-learn"": ""1.9.0"", ""torch"": ""2.12.0""}"
adult,logreg,race,prune:0.3,5,0.174365,0.321429,0.245772,0.851937,0.759589,0.187536,0.235147,0.281745,0.287527,0.023818,0.030021,0.101936,102.0,1245522.0,343486.0,,3.11.15,"{""tinyaudit"": ""0.1.0"", ""numpy"": ""1.26.4"", ""pandas"": ""3.0.3"", ""scikit-learn"": ""1.9.0"", ""torch"": ""2.12.0""}"
adult,logreg,race,prune:0.5,5,0.169599,0.357143,0.211364,0.851773,0.758308,0.186062,0.234073,0.280969,0.287512,0.028694,0.039503,0.097246,102.0,1245522.0,343486.0,,3.11.15,"{""tinyaudit"": ""0.1.0"", ""numpy"": ""1.26.4"", ""pandas"": ""3.0.3"", ""scikit-learn"": ""1.9.0"", ""torch"": ""2.12.0""}"
adult,logreg,race,prune:0.7,5,0.154936,0.202381,0.305586,0.848743,0.745643,0.174187,0.229571,0.273007,0.301157,0.02709,0.046122,0.095003,102.0,1245522.0,343486.0,,3.11.15,"{""tinyaudit"": ""0.1.0"", ""numpy"": ""1.26.4"", ""pandas"": ""3.0.3"", ""scikit-learn"": ""1.9.0"", ""torch"": ""2.12.0""}"
adult,logreg,race,prune:0.9,5,0.078843,0.075609,0.362403,0.825158,0.669737,0.113422,0.205878,0.238978,0.31422,0.032421,0.031059,0.067343,102.0,1245522.0,343486.0,,3.11.15,"{""tinyaudit"": ""0.1.0"", ""numpy"": ""1.26.4"", ""pandas"": ""3.0.3"", ""scikit-learn"": ""1.9.0"", ""torch"": ""2.12.0""}"
adult,tree,sex,none,5,0.193319,0.096201,0.372827,0.818852,0.754615,0.244042,0.244083,0.429518,,,,,10575.0,129131325.0,5326200.0,,3.11.15,"{""tinyaudit"": ""0.1.0"", ""numpy"": ""1.26.4"", ""pandas"": ""3.0.3"", ""scikit-learn"": ""1.9.0"", ""torch"": ""2.12.0""}"
adult,tree,sex,int8,5,,,,,,,,,,,,,,,,"NotImplementedError: quantize_int8 supports sklearn LogisticRegression and MLPClassifier; got 'DecisionTreeClassifier'. For other sklearn families, wrap the model in ONNX manually.",3.11.15,"{""tinyaudit"": ""0.1.0"", ""numpy"": ""1.26.4"", ""pandas"": ""3.0.3"", ""scikit-learn"": ""1.9.0"", ""torch"": ""2.12.0""}"
adult,tree,sex,prune:0.3,5,,,,,,,,,,,,,,,,"RuntimeError: magnitude_prune supports the sklearn weight-array families LogisticRegression (coef_) and MLPClassifier (coefs_); got 'DecisionTreeClassifier', which has no prunable dense weight matrix.",3.11.15,"{""tinyaudit"": ""0.1.0"", ""numpy"": ""1.26.4"", ""pandas"": ""3.0.3"", ""scikit-learn"": ""1.9.0"", ""torch"": ""2.12.0""}"
adult,tree,sex,prune:0.5,5,,,,,,,,,,,,,,,,"RuntimeError: magnitude_prune supports the sklearn weight-array families LogisticRegression (coef_) and MLPClassifier (coefs_); got 'DecisionTreeClassifier', which has no prunable dense weight matrix.",3.11.15,"{""tinyaudit"": ""0.1.0"", ""numpy"": ""1.26.4"", ""pandas"": ""3.0.3"", ""scikit-learn"": ""1.9.0"", ""torch"": ""2.12.0""}"
adult,tree,sex,prune:0.7,5,,,,,,,,,,,,,,,,"RuntimeError: magnitude_prune supports the sklearn weight-array families LogisticRegression (coef_) and MLPClassifier (coefs_); got 'DecisionTreeClassifier', which has no prunable dense weight matrix.",3.11.15,"{""tinyaudit"": ""0.1.0"", ""numpy"": ""1.26.4"", ""pandas"": ""3.0.3"", ""scikit-learn"": ""1.9.0"", ""torch"": ""2.12.0""}"
adult,tree,sex,prune:0.9,5,,,,,,,,,,,,,,,,"RuntimeError: magnitude_prune supports the sklearn weight-array families LogisticRegression (coef_) and MLPClassifier (coefs_); got 'DecisionTreeClassifier', which has no prunable dense weight matrix.",3.11.15,"{""tinyaudit"": ""0.1.0"", ""numpy"": ""1.26.4"", ""pandas"": ""3.0.3"", ""scikit-learn"": ""1.9.0"", ""torch"": ""2.12.0""}"
adult,tree,race,none,5,0.126224,0.166667,0.512657,0.818852,0.754615,0.244042,0.244083,0.429518,,,,,10575.0,129131325.0,5325096.0,,3.11.15,"{""tinyaudit"": ""0.1.0"", ""numpy"": ""1.26.4"", ""pandas"": ""3.0.3"", ""scikit-learn"": ""1.9.0"", ""torch"": ""2.12.0""}"
adult,tree,race,int8,5,,,,,,,,,,,,,,,,"NotImplementedError: quantize_int8 supports sklearn LogisticRegression and MLPClassifier; got 'DecisionTreeClassifier'. For other sklearn families, wrap the model in ONNX manually.",3.11.15,"{""tinyaudit"": ""0.1.0"", ""numpy"": ""1.26.4"", ""pandas"": ""3.0.3"", ""scikit-learn"": ""1.9.0"", ""torch"": ""2.12.0""}"
adult,tree,race,prune:0.3,5,,,,,,,,,,,,,,,,"RuntimeError: magnitude_prune supports the sklearn weight-array families LogisticRegression (coef_) and MLPClassifier (coefs_); got 'DecisionTreeClassifier', which has no prunable dense weight matrix.",3.11.15,"{""tinyaudit"": ""0.1.0"", ""numpy"": ""1.26.4"", ""pandas"": ""3.0.3"", ""scikit-learn"": ""1.9.0"", ""torch"": ""2.12.0""}"
adult,tree,race,prune:0.5,5,,,,,,,,,,,,,,,,"RuntimeError: magnitude_prune supports the sklearn weight-array families LogisticRegression (coef_) and MLPClassifier (coefs_); got 'DecisionTreeClassifier', which has no prunable dense weight matrix.",3.11.15,"{""tinyaudit"": ""0.1.0"", ""numpy"": ""1.26.4"", ""pandas"": ""3.0.3"", ""scikit-learn"": ""1.9.0"", ""torch"": ""2.12.0""}"
adult,tree,race,prune:0.7,5,,,,,,,,,,,,,,,,"RuntimeError: magnitude_prune supports the sklearn weight-array families LogisticRegression (coef_) and MLPClassifier (coefs_); got 'DecisionTreeClassifier', which has no prunable dense weight matrix.",3.11.15,"{""tinyaudit"": ""0.1.0"", ""numpy"": ""1.26.4"", ""pandas"": ""3.0.3"", ""scikit-learn"": ""1.9.0"", ""torch"": ""2.12.0""}"
adult,tree,race,prune:0.9,5,,,,,,,,,,,,,,,,"RuntimeError: magnitude_prune supports the sklearn weight-array families LogisticRegression (coef_) and MLPClassifier (coefs_); got 'DecisionTreeClassifier', which has no prunable dense weight matrix.",3.11.15,"{""tinyaudit"": ""0.1.0"", ""numpy"": ""1.26.4"", ""pandas"": ""3.0.3"", ""scikit-learn"": ""1.9.0"", ""torch"": ""2.12.0""}"
adult,mlp,sex,none,5,0.193613,0.095252,0.354411,0.834493,0.770056,0.235607,0.254002,0.335797,0.268697,0.02123,0.019073,0.135816,4353.0,53154483.0,6253180.0,,3.11.15,"{""tinyaudit"": ""0.1.0"", ""numpy"": ""1.26.4"", ""pandas"": ""3.0.3"", ""scikit-learn"": ""1.9.0"", ""torch"": ""2.12.0""}"
adult,mlp,sex,int8,5,0.21642,0.114305,0.328851,0.826222,0.769429,0.250594,0.26069,0.343274,,,,,4353.0,53154483.0,13277022.0,,3.11.15,"{""tinyaudit"": ""0.1.0"", ""numpy"": ""1.26.4"", ""pandas"": ""3.0.3"", ""scikit-learn"": ""1.9.0"", ""torch"": ""2.12.0""}"
adult,mlp,sex,prune:0.3,5,0.271955,0.215801,0.575165,0.621325,0.702311,0.549832,0.529629,0.396308,0.377291,0.196684,0.081746,0.256484,4353.0,53154483.0,6253180.0,,3.11.15,"{""tinyaudit"": ""0.1.0"", ""numpy"": ""1.26.4"", ""pandas"": ""3.0.3"", ""scikit-learn"": ""1.9.0"", ""torch"": ""2.12.0""}"
adult,mlp,sex,prune:0.5,5,0.254028,0.196635,0.344765,0.724347,0.667281,0.303333,0.302764,0.353793,0.298432,0.100232,0.088115,0.147753,4353.0,53154483.0,6253180.0,,3.11.15,"{""tinyaudit"": ""0.1.0"", ""numpy"": ""1.26.4"", ""pandas"": ""3.0.3"", ""scikit-learn"": ""1.9.0"", ""torch"": ""2.12.0""}"
adult,mlp,sex,prune:0.7,5,0.025813,0.10846,0.675613,0.767505,0.56018,0.071002,0.148104,0.220732,0.260354,0.08921,0.12448,0.024905,4353.0,53154483.0,6253180.0,,3.11.15,"{""tinyaudit"": ""0.1.0"", ""numpy"": ""1.26.4"", ""pandas"": ""3.0.3"", ""scikit-learn"": ""1.9.0"", ""torch"": ""2.12.0""}"
adult,mlp,sex,prune:0.9,5,0.0,0.0,1.0,0.760708,0.5,0.0,0.415508,0.0,0.679373,0.211846,0.202085,0.0,4353.0,53154483.0,6253180.0,,3.11.15,"{""tinyaudit"": ""0.1.0"", ""numpy"": ""1.26.4"", ""pandas"": ""3.0.3"", ""scikit-learn"": ""1.9.0"", ""torch"": ""2.12.0""}"
adult,mlp,race,none,5,0.165934,0.285714,0.406469,0.834493,0.770056,0.235607,0.254002,0.335797,0.243719,0.048589,0.050429,0.120637,4353.0,53154483.0,6253126.0,,3.11.15,"{""tinyaudit"": ""0.1.0"", ""numpy"": ""1.26.4"", ""pandas"": ""3.0.3"", ""scikit-learn"": ""1.9.0"", ""torch"": ""2.12.0""}"
adult,mlp,race,int8,5,0.171921,0.27381,0.372995,0.826222,0.769429,0.250594,0.26069,0.343274,,,,,4353.0,53154483.0,13278582.0,,3.11.15,"{""tinyaudit"": ""0.1.0"", ""numpy"": ""1.26.4"", ""pandas"": ""3.0.3"", ""scikit-learn"": ""1.9.0"", ""torch"": ""2.12.0""}"
adult,mlp,race,prune:0.3,5,0.20381,0.18234,0.661529,0.621325,0.702311,0.549832,0.529629,0.396308,0.347566,0.243519,0.155775,0.286868,4353.0,53154483.0,6253180.0,,3.11.15,"{""tinyaudit"": ""0.1.0"", ""numpy"": ""1.26.4"", ""pandas"": ""3.0.3"", ""scikit-learn"": ""1.9.0"", ""torch"": ""2.12.0""}"
adult,mlp,race,prune:0.5,5,0.131254,0.314342,0.589363,0.724347,0.667281,0.303333,0.302764,0.353793,0.269041,0.131811,0.127264,0.097148,4353.0,53154483.0,6253180.0,,3.11.15,"{""tinyaudit"": ""0.1.0"", ""numpy"": ""1.26.4"", ""pandas"": ""3.0.3"", ""scikit-learn"": ""1.9.0"", ""torch"": ""2.12.0""}"
adult,mlp,race,prune:0.7,5,0.060408,0.065519,0.319039,0.767505,0.56018,0.071002,0.148104,0.220732,0.223517,0.097217,0.098414,0.041082,4353.0,53154483.0,6253126.0,,3.11.15,"{""tinyaudit"": ""0.1.0"", ""numpy"": ""1.26.4"", ""pandas"": ""3.0.3"", ""scikit-learn"": ""1.9.0"", ""torch"": ""2.12.0""}"
adult,mlp,race,prune:0.9,5,0.0,0.0,1.0,0.760708,0.5,0.0,0.415508,0.0,0.679373,0.245252,0.148087,0.0,4353.0,53154483.0,6253180.0,,3.11.15,"{""tinyaudit"": ""0.1.0"", ""numpy"": ""1.26.4"", ""pandas"": ""3.0.3"", ""scikit-learn"": ""1.9.0"", ""torch"": ""2.12.0""}"
adult,majority,sex,none,5,0.0,0.0,1.0,0.760708,0.5,0.0,0.0,0.0,,,,,1.0,12211.0,98090.0,,3.11.15,"{""tinyaudit"": ""0.1.0"", ""numpy"": ""1.26.4"", ""pandas"": ""3.0.3"", ""scikit-learn"": ""1.9.0"", ""torch"": ""2.12.0""}"
adult,prevalence,sex,none,5,0.0,0.0,1.0,0.760708,0.5,0.0,0.239278,0.0,,,,,1.0,12211.0,98090.0,,3.11.15,"{""tinyaudit"": ""0.1.0"", ""numpy"": ""1.26.4"", ""pandas"": ""3.0.3"", ""scikit-learn"": ""1.9.0"", ""torch"": ""2.12.0""}"
adult,majority,race,none,5,0.0,0.0,1.0,0.760708,0.5,0.0,0.0,0.0,,,,,1.0,12211.0,98090.0,,3.11.15,"{""tinyaudit"": ""0.1.0"", ""numpy"": ""1.26.4"", ""pandas"": ""3.0.3"", ""scikit-learn"": ""1.9.0"", ""torch"": ""2.12.0""}"
adult,prevalence,race,none,5,0.0,0.0,1.0,0.760708,0.5,0.0,0.239278,0.0,,,,,1.0,12211.0,98090.0,,3.11.15,"{""tinyaudit"": ""0.1.0"", ""numpy"": ""1.26.4"", ""pandas"": ""3.0.3"", ""scikit-learn"": ""1.9.0"", ""torch"": ""2.12.0""}"
compas,logreg,sex,none,5,0.151474,0.123746,0.592159,0.683085,0.670309,0.342839,0.456158,0.182298,0.623708,0.070641,0.080823,0.196048,6.0,9258.0,63955.0,,3.11.15,"{""tinyaudit"": ""0.1.0"", ""numpy"": ""1.26.4"", ""pandas"": ""3.0.3"", ""scikit-learn"": ""1.9.0"", ""torch"": ""2.12.0""}"
compas,logreg,sex,int8,5,0.151474,0.123746,0.592159,0.683085,0.670309,0.342839,0.456158,0.182298,,,,,6.0,9258.0,674858.0,,3.11.15,"{""tinyaudit"": ""0.1.0"", ""numpy"": ""1.26.4"", ""pandas"": ""3.0.3"", ""scikit-learn"": ""1.9.0"", ""torch"": ""2.12.0""}"
compas,logreg,sex,prune:0.3,5,0.155468,0.130435,0.585859,0.685029,0.672564,0.346079,0.456009,0.182764,0.623339,0.07115,0.078622,0.192127,6.0,9258.0,63901.0,,3.11.15,"{""tinyaudit"": ""0.1.0"", ""numpy"": ""1.26.4"", ""pandas"": ""3.0.3"", ""scikit-learn"": ""1.9.0"", ""torch"": ""2.12.0""}"
compas,logreg,sex,prune:0.5,5,0.144286,0.122074,0.603846,0.687622,0.674353,0.337006,0.456141,0.176021,0.628011,0.083546,0.089459,0.184133,6.0,9258.0,63901.0,,3.11.15,"{""tinyaudit"": ""0.1.0"", ""numpy"": ""1.26.4"", ""pandas"": ""3.0.3"", ""scikit-learn"": ""1.9.0"", ""torch"": ""2.12.0""}"
compas,logreg,sex,prune:0.7,5,0.129632,0.15092,0.526825,0.631238,0.609562,0.249514,0.44881,0.153987,0.64017,0.071863,0.085448,0.181394,6.0,9258.0,63955.0,,3.11.15,"{""tinyaudit"": ""0.1.0"", ""numpy"": ""1.26.4"", ""pandas"": ""3.0.3"", ""scikit-learn"": ""1.9.0"", ""torch"": ""2.12.0""}"
compas,logreg,sex,prune:0.9,5,0.0,0.0,1.0,0.545042,0.5,0.0,0.456361,0.0,0.689373,0.060124,0.078154,0.0,6.0,9258.0,63955.0,,3.11.15,"{""tinyaudit"": ""0.1.0"", ""numpy"": ""1.26.4"", ""pandas"": ""3.0.3"", ""scikit-learn"": ""1.9.0"", ""torch"": ""2.12.0""}"
compas,logreg,race,none,5,0.88172,1.0,0.11828,0.683085,0.670309,0.342839,0.456158,0.182298,0.631094,0.198368,0.503708,0.741572,6.0,9258.0,63955.0,,3.11.15,"{""tinyaudit"": ""0.1.0"", ""numpy"": ""1.26.4"", ""pandas"": ""3.0.3"", ""scikit-learn"": ""1.9.0"", ""torch"": ""2.12.0""}"
compas,logreg,race,int8,5,0.88172,1.0,0.11828,0.683085,0.670309,0.342839,0.456158,0.182298,,,,,6.0,9258.0,674602.0,,3.11.15,"{""tinyaudit"": ""0.1.0"", ""numpy"": ""1.26.4"", ""pandas"": ""3.0.3"", ""scikit-learn"": ""1.9.0"", ""torch"": ""2.12.0""}"
compas,logreg,race,prune:0.3,5,0.88172,1.0,0.11828,0.685029,0.672564,0.346079,0.456009,0.182764,0.630865,0.199603,0.504755,0.73801,6.0,9258.0,63955.0,,3.11.15,"{""tinyaudit"": ""0.1.0"", ""numpy"": ""1.26.4"", ""pandas"": ""3.0.3"", ""scikit-learn"": ""1.9.0"", ""torch"": ""2.12.0""}"
compas,logreg,race,prune:0.5,5,0.537634,0.947368,0.193548,0.687622,0.674353,0.337006,0.456141,0.176021,0.633652,0.159829,0.321758,0.682581,6.0,9258.0,63955.0,,3.11.15,"{""tinyaudit"": ""0.1.0"", ""numpy"": ""1.26.4"", ""pandas"": ""3.0.3"", ""scikit-learn"": ""1.9.0"", ""torch"": ""2.12.0""}"
compas,logreg,race,prune:0.7,5,0.537634,0.964912,0.193548,0.631238,0.609562,0.249514,0.44881,0.153987,0.646441,0.187546,0.54859,0.45081,6.0,9258.0,63955.0,,3.11.15,"{""tinyaudit"": ""0.1.0"", ""numpy"": ""1.26.4"", ""pandas"": ""3.0.3"", ""scikit-learn"": ""1.9.0"", ""torch"": ""2.12.0""}"
compas,logreg,race,prune:0.9,5,0.0,0.0,1.0,0.545042,0.5,0.0,0.456361,0.0,0.689373,0.118203,0.179487,0.0,6.0,9258.0,63955.0,,3.11.15,"{""tinyaudit"": ""0.1.0"", ""numpy"": ""1.26.4"", ""pandas"": ""3.0.3"", ""scikit-learn"": ""1.9.0"", ""torch"": ""2.12.0""}"
compas,tree,sex,none,5,0.101229,0.071203,0.694605,0.651329,0.635527,0.312378,0.452744,0.300173,,,,,1387.0,2140141.0,81336.0,,3.11.15,"{""tinyaudit"": ""0.1.0"", ""numpy"": ""1.26.4"", ""pandas"": ""3.0.3"", ""scikit-learn"": ""1.9.0"", ""torch"": ""2.12.0""}"
compas,tree,sex,int8,5,,,,,,,,,,,,,,,,"NotImplementedError: quantize_int8 supports sklearn LogisticRegression and MLPClassifier; got 'DecisionTreeClassifier'. For other sklearn families, wrap the model in ONNX manually.",3.11.15,"{""tinyaudit"": ""0.1.0"", ""numpy"": ""1.26.4"", ""pandas"": ""3.0.3"", ""scikit-learn"": ""1.9.0"", ""torch"": ""2.12.0""}"
compas,tree,sex,prune:0.3,5,,,,,,,,,,,,,,,,"RuntimeError: magnitude_prune supports the sklearn weight-array families LogisticRegression (coef_) and MLPClassifier (coefs_); got 'DecisionTreeClassifier', which has no prunable dense weight matrix.",3.11.15,"{""tinyaudit"": ""0.1.0"", ""numpy"": ""1.26.4"", ""pandas"": ""3.0.3"", ""scikit-learn"": ""1.9.0"", ""torch"": ""2.12.0""}"
compas,tree,sex,prune:0.5,5,,,,,,,,,,,,,,,,"RuntimeError: magnitude_prune supports the sklearn weight-array families LogisticRegression (coef_) and MLPClassifier (coefs_); got 'DecisionTreeClassifier', which has no prunable dense weight matrix.",3.11.15,"{""tinyaudit"": ""0.1.0"", ""numpy"": ""1.26.4"", ""pandas"": ""3.0.3"", ""scikit-learn"": ""1.9.0"", ""torch"": ""2.12.0""}"
compas,tree,sex,prune:0.7,5,,,,,,,,,,,,,,,,"RuntimeError: magnitude_prune supports the sklearn weight-array families LogisticRegression (coef_) and MLPClassifier (coefs_); got 'DecisionTreeClassifier', which has no prunable dense weight matrix.",3.11.15,"{""tinyaudit"": ""0.1.0"", ""numpy"": ""1.26.4"", ""pandas"": ""3.0.3"", ""scikit-learn"": ""1.9.0"", ""torch"": ""2.12.0""}"
compas,tree,sex,prune:0.9,5,,,,,,,,,,,,,,,,"RuntimeError: magnitude_prune supports the sklearn weight-array families LogisticRegression (coef_) and MLPClassifier (coefs_); got 'DecisionTreeClassifier', which has no prunable dense weight matrix.",3.11.15,"{""tinyaudit"": ""0.1.0"", ""numpy"": ""1.26.4"", ""pandas"": ""3.0.3"", ""scikit-learn"": ""1.9.0"", ""torch"": ""2.12.0""}"
compas,tree,race,none,5,0.774194,1.0,0.225806,0.651329,0.635527,0.312378,0.452744,0.300173,,,,,1387.0,2140141.0,81336.0,,3.11.15,"{""tinyaudit"": ""0.1.0"", ""numpy"": ""1.26.4"", ""pandas"": ""3.0.3"", ""scikit-learn"": ""1.9.0"", ""torch"": ""2.12.0""}"
compas,tree,race,int8,5,,,,,,,,,,,,,,,,"NotImplementedError: quantize_int8 supports sklearn LogisticRegression and MLPClassifier; got 'DecisionTreeClassifier'. For other sklearn families, wrap the model in ONNX manually.",3.11.15,"{""tinyaudit"": ""0.1.0"", ""numpy"": ""1.26.4"", ""pandas"": ""3.0.3"", ""scikit-learn"": ""1.9.0"", ""torch"": ""2.12.0""}"
compas,tree,race,prune:0.3,5,,,,,,,,,,,,,,,,"RuntimeError: magnitude_prune supports the sklearn weight-array families LogisticRegression (coef_) and MLPClassifier (coefs_); got 'DecisionTreeClassifier', which has no prunable dense weight matrix.",3.11.15,"{""tinyaudit"": ""0.1.0"", ""numpy"": ""1.26.4"", ""pandas"": ""3.0.3"", ""scikit-learn"": ""1.9.0"", ""torch"": ""2.12.0""}"
compas,tree,race,prune:0.5,5,,,,,,,,,,,,,,,,"RuntimeError: magnitude_prune supports the sklearn weight-array families LogisticRegression (coef_) and MLPClassifier (coefs_); got 'DecisionTreeClassifier', which has no prunable dense weight matrix.",3.11.15,"{""tinyaudit"": ""0.1.0"", ""numpy"": ""1.26.4"", ""pandas"": ""3.0.3"", ""scikit-learn"": ""1.9.0"", ""torch"": ""2.12.0""}"
compas,tree,race,prune:0.7,5,,,,,,,,,,,,,,,,"RuntimeError: magnitude_prune supports the sklearn weight-array families LogisticRegression (coef_) and MLPClassifier (coefs_); got 'DecisionTreeClassifier', which has no prunable dense weight matrix.",3.11.15,"{""tinyaudit"": ""0.1.0"", ""numpy"": ""1.26.4"", ""pandas"": ""3.0.3"", ""scikit-learn"": ""1.9.0"", ""torch"": ""2.12.0""}"
compas,tree,race,prune:0.9,5,,,,,,,,,,,,,,,,"RuntimeError: magnitude_prune supports the sklearn weight-array families LogisticRegression (coef_) and MLPClassifier (coefs_); got 'DecisionTreeClassifier', which has no prunable dense weight matrix.",3.11.15,"{""tinyaudit"": ""0.1.0"", ""numpy"": ""1.26.4"", ""pandas"": ""3.0.3"", ""scikit-learn"": ""1.9.0"", ""torch"": ""2.12.0""}"
compas,mlp,sex,none,5,0.129871,0.113294,0.689699,0.685029,0.676919,0.394038,0.450125,0.200439,0.60058,0.029428,0.024081,0.184396,1281.0,1976583.0,791164.0,,3.11.15,"{""tinyaudit"": ""0.1.0"", ""numpy"": ""1.26.4"", ""pandas"": ""3.0.3"", ""scikit-learn"": ""1.9.0"", ""torch"": ""2.12.0""}"
compas,mlp,sex,int8,5,0.140273,0.107441,0.64449,0.688918,0.678485,0.368114,0.448937,0.200714,,,,,1281.0,1976583.0,675082.0,,3.11.15,"{""tinyaudit"": ""0.1.0"", ""numpy"": ""1.26.4"", ""pandas"": ""3.0.3"", ""scikit-learn"": ""1.9.0"", ""torch"": ""2.12.0""}"
compas,mlp,sex,prune:0.3,5,0.133903,0.102007,0.621566,0.680493,0.666401,0.328581,0.432048,0.173033,0.618247,0.053296,0.049869,0.162306,1281.0,1976583.0,791164.0,,3.11.15,"{""tinyaudit"": ""0.1.0"", ""numpy"": ""1.26.4"", ""pandas"": ""3.0.3"", ""scikit-learn"": ""1.9.0"", ""torch"": ""2.12.0""}"
compas,mlp,sex,prune:0.5,5,0.135223,0.157191,0.516289,0.657809,0.636763,0.254051,0.419241,0.147475,0.635669,0.041091,0.017573,0.167532,1281.0,1976583.0,791164.0,,3.11.15,"{""tinyaudit"": ""0.1.0"", ""numpy"": ""1.26.4"", ""pandas"": ""3.0.3"", ""scikit-learn"": ""1.9.0"", ""torch"": ""2.12.0""}"
compas,mlp,sex,prune:0.7,5,0.028581,0.02592,0.915405,0.635126,0.621017,0.332469,0.481058,0.048479,0.687966,0.12474,0.054048,0.078063,1281.0,1976583.0,791164.0,,3.11.15,"{""tinyaudit"": ""0.1.0"", ""numpy"": ""1.26.4"", ""pandas"": ""3.0.3"", ""scikit-learn"": ""1.9.0"", ""torch"": ""2.12.0""}"
compas,mlp,sex,prune:0.9,5,0.013512,0.043271,0.970211,0.587168,0.582672,0.442644,0.499548,0.01874,0.692419,0.067619,0.008539,0.007378,1281.0,1976583.0,791164.0,,3.11.15,"{""tinyaudit"": ""0.1.0"", ""numpy"": ""1.26.4"", ""pandas"": ""3.0.3"", ""scikit-learn"": ""1.9.0"", ""torch"": ""2.12.0""}"
compas,mlp,race,none,5,0.795699,1.0,0.204301,0.685029,0.676919,0.394038,0.450125,0.200439,0.603892,0.160425,0.537597,0.802509,1281.0,1976583.0,791164.0,,3.11.15,"{""tinyaudit"": ""0.1.0"", ""numpy"": ""1.26.4"", ""pandas"": ""3.0.3"", ""scikit-learn"": ""1.9.0"", ""torch"": ""2.12.0""}"
compas,mlp,race,int8,5,0.827957,1.0,0.172043,0.688918,0.678485,0.368114,0.448937,0.200714,,,,,1281.0,1976583.0,674410.0,,3.11.15,"{""tinyaudit"": ""0.1.0"", ""numpy"": ""1.26.4"", ""pandas"": ""3.0.3"", ""scikit-learn"": ""1.9.0"", ""torch"": ""2.12.0""}"
compas,mlp,race,prune:0.3,5,0.505376,0.957143,0.241935,0.680493,0.666401,0.328581,0.432048,0.173033,0.622836,0.168126,0.550285,0.782834,1281.0,1976583.0,791164.0,,3.11.15,"{""tinyaudit"": ""0.1.0"", ""numpy"": ""1.26.4"", ""pandas"": ""3.0.3"", ""scikit-learn"": ""1.9.0"", ""torch"": ""2.12.0""}"
compas,mlp,race,prune:0.5,5,0.580645,0.964912,0.129032,0.657809,0.636763,0.254051,0.419241,0.147475,0.639149,0.113916,0.234638,0.705464,1281.0,1976583.0,791164.0,,3.11.15,"{""tinyaudit"": ""0.1.0"", ""numpy"": ""1.26.4"", ""pandas"": ""3.0.3"", ""scikit-learn"": ""1.9.0"", ""torch"": ""2.12.0""}"
compas,mlp,race,prune:0.7,5,0.430108,0.857143,0.354839,0.635126,0.621017,0.332469,0.481058,0.048479,0.688843,0.124749,0.114558,0.575412,1281.0,1976583.0,791164.0,,3.11.15,"{""tinyaudit"": ""0.1.0"", ""numpy"": ""1.26.4"", ""pandas"": ""3.0.3"", ""scikit-learn"": ""1.9.0"", ""torch"": ""2.12.0""}"
compas,mlp,race,prune:0.9,5,0.365591,0.754386,0.451613,0.587168,0.582672,0.442644,0.499548,0.01874,0.692361,0.134673,0.225751,0.340566,1281.0,1976583.0,791164.0,,3.11.15,"{""tinyaudit"": ""0.1.0"", ""numpy"": ""1.26.4"", ""pandas"": ""3.0.3"", ""scikit-learn"": ""1.9.0"", ""torch"": ""2.12.0""}"
compas,majority,sex,none,5,0.0,0.0,1.0,0.545042,0.5,0.0,0.0,0.0,,,,,1.0,1543.0,12746.0,,3.11.15,"{""tinyaudit"": ""0.1.0"", ""numpy"": ""1.26.4"", ""pandas"": ""3.0.3"", ""scikit-learn"": ""1.9.0"", ""torch"": ""2.12.0""}"
compas,prevalence,sex,none,5,0.0,0.0,1.0,0.545042,0.5,0.0,0.455174,0.0,,,,,1.0,1543.0,12746.0,,3.11.15,"{""tinyaudit"": ""0.1.0"", ""numpy"": ""1.26.4"", ""pandas"": ""3.0.3"", ""scikit-learn"": ""1.9.0"", ""torch"": ""2.12.0""}"
compas,majority,race,none,5,0.0,0.0,1.0,0.545042,0.5,0.0,0.0,0.0,,,,,1.0,1543.0,12746.0,,3.11.15,"{""tinyaudit"": ""0.1.0"", ""numpy"": ""1.26.4"", ""pandas"": ""3.0.3"", ""scikit-learn"": ""1.9.0"", ""torch"": ""2.12.0""}"
compas,prevalence,race,none,5,0.0,0.0,1.0,0.545042,0.5,0.0,0.455174,0.0,,,,,1.0,1543.0,12746.0,,3.11.15,"{""tinyaudit"": ""0.1.0"", ""numpy"": ""1.26.4"", ""pandas"": ""3.0.3"", ""scikit-learn"": ""1.9.0"", ""torch"": ""2.12.0""}"
adult,logreg,sex,none,6,0.172054,0.07336,0.305021,0.853329,0.763201,0.189911,0.235127,0.282631,0.30377,0.015098,0.010793,0.099958,102.0,1245522.0,344718.0,,3.11.15,"{""tinyaudit"": ""0.1.0"", ""numpy"": ""1.26.4"", ""pandas"": ""3.0.3"", ""scikit-learn"": ""1.9.0"", ""torch"": ""2.12.0""}"
adult,logreg,sex,int8,6,0.172054,0.07336,0.305021,0.853329,0.763201,0.189911,0.235127,0.282631,,,,,102.0,1245522.0,13282288.0,,3.11.15,"{""tinyaudit"": ""0.1.0"", ""numpy"": ""1.26.4"", ""pandas"": ""3.0.3"", ""scikit-learn"": ""1.9.0"", ""torch"": ""2.12.0""}"
adult,logreg,sex,prune:0.3,6,0.171927,0.073279,0.303802,0.853247,0.762678,0.189337,0.235257,0.282612,0.303715,0.014194,0.011481,0.099757,102.0,1245522.0,343486.0,,3.11.15,"{""tinyaudit"": ""0.1.0"", ""numpy"": ""1.26.4"", ""pandas"": ""3.0.3"", ""scikit-learn"": ""1.9.0"", ""torch"": ""2.12.0""}"
adult,logreg,sex,prune:0.5,6,0.170821,0.072909,0.30586,0.852264,0.760977,0.188846,0.234398,0.282239,0.303588,0.015584,0.010412,0.099113,102.0,1245522.0,343486.0,,3.11.15,"{""tinyaudit"": ""0.1.0"", ""numpy"": ""1.26.4"", ""pandas"": ""3.0.3"", ""scikit-learn"": ""1.9.0"", ""torch"": ""2.12.0""}"
adult,logreg,sex,prune:0.7,6,0.149258,0.061376,0.332326,0.847596,0.743599,0.173532,0.227354,0.272361,0.308349,0.01721,0.006997,0.088482,102.0,1245522.0,343486.0,,3.11.15,"{""tinyaudit"": ""0.1.0"", ""numpy"": ""1.26.4"", ""pandas"": ""3.0.3"", ""scikit-learn"": ""1.9.0"", ""torch"": ""2.12.0""}"
adult,logreg,sex,prune:0.9,6,0.098558,0.064549,0.254942,0.818524,0.650482,0.099255,0.200937,0.228931,0.322958,0.03645,0.01407,0.068939,102.0,1245522.0,343486.0,,3.11.15,"{""tinyaudit"": ""0.1.0"", ""numpy"": ""1.26.4"", ""pandas"": ""3.0.3"", ""scikit-learn"": ""1.9.0"", ""torch"": ""2.12.0""}"
adult,logreg,race,none,6,0.166416,0.172566,0.286022,0.853329,0.763201,0.189911,0.235127,0.282631,0.28315,0.031155,0.054739,0.091384,102.0,1245522.0,343486.0,,3.11.15,"{""tinyaudit"": ""0.1.0"", ""numpy"": ""1.26.4"", ""pandas"": ""3.0.3"", ""scikit-learn"": ""1.9.0"", ""torch"": ""2.12.0""}"
adult,logreg,race,int8,6,0.166416,0.172566,0.286022,0.853329,0.763201,0.189911,0.235127,0.282631,,,,,102.0,1245522.0,13278470.0,,3.11.15,"{""tinyaudit"": ""0.1.0"", ""numpy"": ""1.26.4"", ""pandas"": ""3.0.3"", ""scikit-learn"": ""1.9.0"", ""torch"": ""2.12.0""}"
adult,logreg,race,prune:0.3,6,0.166416,0.184772,0.286022,0.853247,0.762678,0.189337,0.235257,0.282612,0.284168,0.033268,0.054362,0.093478,102.0,1245522.0,343378.0,,3.11.15,"{""tinyaudit"": ""0.1.0"", ""numpy"": ""1.26.4"", ""pandas"": ""3.0.3"", ""scikit-learn"": ""1.9.0"", ""torch"": ""2.12.0""}"
adult,logreg,race,prune:0.5,6,0.17594,0.238201,0.245161,0.852264,0.760977,0.188846,0.234398,0.282239,0.283484,0.031367,0.039946,0.0901,102.0,1245522.0,343486.0,,3.11.15,"{""tinyaudit"": ""0.1.0"", ""numpy"": ""1.26.4"", ""pandas"": ""3.0.3"", ""scikit-learn"": ""1.9.0"", ""torch"": ""2.12.0""}"
adult,logreg,race,prune:0.7,6,0.154386,0.171646,0.330435,0.847596,0.743599,0.173532,0.227354,0.272361,0.295613,0.02689,0.034412,0.095537,102.0,1245522.0,343486.0,,3.11.15,"{""tinyaudit"": ""0.1.0"", ""numpy"": ""1.26.4"", ""pandas"": ""3.0.3"", ""scikit-learn"": ""1.9.0"", ""torch"": ""2.12.0""}"
adult,logreg,race,prune:0.9,6,0.069323,0.125,0.354644,0.818524,0.650482,0.099255,0.200937,0.228931,0.316136,0.057176,0.061176,0.067973,102.0,1245522.0,343486.0,,3.11.15,"{""tinyaudit"": ""0.1.0"", ""numpy"": ""1.26.4"", ""pandas"": ""3.0.3"", ""scikit-learn"": ""1.9.0"", ""torch"": ""2.12.0""}"
adult,tree,sex,none,6,0.179705,0.091266,0.407143,0.816067,0.74997,0.242896,0.242978,0.428834,,,,,10833.0,132281763.0,5326200.0,,3.11.15,"{""tinyaudit"": ""0.1.0"", ""numpy"": ""1.26.4"", ""pandas"": ""3.0.3"", ""scikit-learn"": ""1.9.0"", ""torch"": ""2.12.0""}"
adult,tree,sex,int8,6,,,,,,,,,,,,,,,,"NotImplementedError: quantize_int8 supports sklearn LogisticRegression and MLPClassifier; got 'DecisionTreeClassifier'. For other sklearn families, wrap the model in ONNX manually.",3.11.15,"{""tinyaudit"": ""0.1.0"", ""numpy"": ""1.26.4"", ""pandas"": ""3.0.3"", ""scikit-learn"": ""1.9.0"", ""torch"": ""2.12.0""}"
adult,tree,sex,prune:0.3,6,,,,,,,,,,,,,,,,"RuntimeError: magnitude_prune supports the sklearn weight-array families LogisticRegression (coef_) and MLPClassifier (coefs_); got 'DecisionTreeClassifier', which has no prunable dense weight matrix.",3.11.15,"{""tinyaudit"": ""0.1.0"", ""numpy"": ""1.26.4"", ""pandas"": ""3.0.3"", ""scikit-learn"": ""1.9.0"", ""torch"": ""2.12.0""}"
adult,tree,sex,prune:0.5,6,,,,,,,,,,,,,,,,"RuntimeError: magnitude_prune supports the sklearn weight-array families LogisticRegression (coef_) and MLPClassifier (coefs_); got 'DecisionTreeClassifier', which has no prunable dense weight matrix.",3.11.15,"{""tinyaudit"": ""0.1.0"", ""numpy"": ""1.26.4"", ""pandas"": ""3.0.3"", ""scikit-learn"": ""1.9.0"", ""torch"": ""2.12.0""}"
adult,tree,sex,prune:0.7,6,,,,,,,,,,,,,,,,"RuntimeError: magnitude_prune supports the sklearn weight-array families LogisticRegression (coef_) and MLPClassifier (coefs_); got 'DecisionTreeClassifier', which has no prunable dense weight matrix.",3.11.15,"{""tinyaudit"": ""0.1.0"", ""numpy"": ""1.26.4"", ""pandas"": ""3.0.3"", ""scikit-learn"": ""1.9.0"", ""torch"": ""2.12.0""}"
adult,tree,sex,prune:0.9,6,,,,,,,,,,,,,,,,"RuntimeError: magnitude_prune supports the sklearn weight-array families LogisticRegression (coef_) and MLPClassifier (coefs_); got 'DecisionTreeClassifier', which has no prunable dense weight matrix.",3.11.15,"{""tinyaudit"": ""0.1.0"", ""numpy"": ""1.26.4"", ""pandas"": ""3.0.3"", ""scikit-learn"": ""1.9.0"", ""torch"": ""2.12.0""}"
adult,tree,race,none,6,0.13183,0.12728,0.484314,0.816067,0.74997,0.242896,0.242978,0.428834,,,,,10833.0,132281763.0,5325042.0,,3.11.15,"{""tinyaudit"": ""0.1.0"", ""numpy"": ""1.26.4"", ""pandas"": ""3.0.3"", ""scikit-learn"": ""1.9.0"", ""torch"": ""2.12.0""}"
adult,tree,race,int8,6,,,,,,,,,,,,,,,,"NotImplementedError: quantize_int8 supports sklearn LogisticRegression and MLPClassifier; got 'DecisionTreeClassifier'. For other sklearn families, wrap the model in ONNX manually.",3.11.15,"{""tinyaudit"": ""0.1.0"", ""numpy"": ""1.26.4"", ""pandas"": ""3.0.3"", ""scikit-learn"": ""1.9.0"", ""torch"": ""2.12.0""}"
adult,tree,race,prune:0.3,6,,,,,,,,,,,,,,,,"RuntimeError: magnitude_prune supports the sklearn weight-array families LogisticRegression (coef_) and MLPClassifier (coefs_); got 'DecisionTreeClassifier', which has no prunable dense weight matrix.",3.11.15,"{""tinyaudit"": ""0.1.0"", ""numpy"": ""1.26.4"", ""pandas"": ""3.0.3"", ""scikit-learn"": ""1.9.0"", ""torch"": ""2.12.0""}"
adult,tree,race,prune:0.5,6,,,,,,,,,,,,,,,,"RuntimeError: magnitude_prune supports the sklearn weight-array families LogisticRegression (coef_) and MLPClassifier (coefs_); got 'DecisionTreeClassifier', which has no prunable dense weight matrix.",3.11.15,"{""tinyaudit"": ""0.1.0"", ""numpy"": ""1.26.4"", ""pandas"": ""3.0.3"", ""scikit-learn"": ""1.9.0"", ""torch"": ""2.12.0""}"
adult,tree,race,prune:0.7,6,,,,,,,,,,,,,,,,"RuntimeError: magnitude_prune supports the sklearn weight-array families LogisticRegression (coef_) and MLPClassifier (coefs_); got 'DecisionTreeClassifier', which has no prunable dense weight matrix.",3.11.15,"{""tinyaudit"": ""0.1.0"", ""numpy"": ""1.26.4"", ""pandas"": ""3.0.3"", ""scikit-learn"": ""1.9.0"", ""torch"": ""2.12.0""}"
adult,tree,race,prune:0.9,6,,,,,,,,,,,,,,,,"RuntimeError: magnitude_prune supports the sklearn weight-array families LogisticRegression (coef_) and MLPClassifier (coefs_); got 'DecisionTreeClassifier', which has no prunable dense weight matrix.",3.11.15,"{""tinyaudit"": ""0.1.0"", ""numpy"": ""1.26.4"", ""pandas"": ""3.0.3"", ""scikit-learn"": ""1.9.0"", ""torch"": ""2.12.0""}"
adult,mlp,sex,none,6,0.173818,0.083763,0.35531,0.837278,0.756522,0.211367,0.234746,0.32362,0.266796,0.023322,0.024015,0.12615,4353.0,53154483.0,6253180.0,,3.11.15,"{""tinyaudit"": ""0.1.0"", ""numpy"": ""1.26.4"", ""pandas"": ""3.0.3"", ""scikit-learn"": ""1.9.0"", ""torch"": ""2.12.0""}"
adult,mlp,sex,int8,6,0.192655,0.096462,0.329836,0.832938,0.75883,0.222914,0.238446,0.329305,,,,,4353.0,53154483.0,13277022.0,,3.11.15,"{""tinyaudit"": ""0.1.0"", ""numpy"": ""1.26.4"", ""pandas"": ""3.0.3"", ""scikit-learn"": ""1.9.0"", ""torch"": ""2.12.0""}"
adult,mlp,sex,prune:0.3,6,0.257057,0.191663,0.568881,0.682827,0.758335,0.510114,0.502624,0.419724,0.298992,0.166775,0.077165,0.268802,4353.0,53154483.0,6253180.0,,3.11.15,"{""tinyaudit"": ""0.1.0"", ""numpy"": ""1.26.4"", ""pandas"": ""3.0.3"", ""scikit-learn"": ""1.9.0"", ""torch"": ""2.12.0""}"
adult,mlp,sex,prune:0.5,6,0.178938,0.144761,0.662141,0.653182,0.68865,0.469659,0.451966,0.373201,0.375203,0.139709,0.061274,0.19744,4353.0,53154483.0,6253180.0,,3.11.15,"{""tinyaudit"": ""0.1.0"", ""numpy"": ""1.26.4"", ""pandas"": ""3.0.3"", ""scikit-learn"": ""1.9.0"", ""torch"": ""2.12.0""}"
adult,mlp,sex,prune:0.7,6,0.030118,0.01837,0.965344,0.344116,0.542978,0.85898,0.702646,0.251937,0.476265,0.425063,0.122543,0.039106,4353.0,53154483.0,6253180.0,,3.11.15,"{""tinyaudit"": ""0.1.0"", ""numpy"": ""1.26.4"", ""pandas"": ""3.0.3"", ""scikit-learn"": ""1.9.0"", ""torch"": ""2.12.0""}"
adult,mlp,sex,prune:0.9,6,0.008029,0.009409,0.991947,0.244288,0.500938,0.991729,0.575247,0.028499,0.680858,0.367838,0.202082,0.014645,4353.0,53154483.0,6253126.0,,3.11.15,"{""tinyaudit"": ""0.1.0"", ""numpy"": ""1.26.4"", ""pandas"": ""3.0.3"", ""scikit-learn"": ""1.9.0"", ""torch"": ""2.12.0""}"
adult,mlp,race,none,6,0.13985,0.108283,0.38,0.837278,0.756522,0.211367,0.234746,0.32362,0.24191,0.047388,0.07181,0.106048,4353.0,53154483.0,6253180.0,,3.11.15,"{""tinyaudit"": ""0.1.0"", ""numpy"": ""1.26.4"", ""pandas"": ""3.0.3"", ""scikit-learn"": ""1.9.0"", ""torch"": ""2.12.0""}"
adult,mlp,race,int8,6,0.153399,0.12766,0.358467,0.832938,0.75883,0.222914,0.238446,0.329305,,,,,4353.0,53154483.0,13278430.0,,3.11.15,"{""tinyaudit"": ""0.1.0"", ""numpy"": ""1.26.4"", ""pandas"": ""3.0.3"", ""scikit-learn"": ""1.9.0"", ""torch"": ""2.12.0""}"
adult,mlp,race,prune:0.3,6,0.28477,0.22654,0.552664,0.682827,0.758335,0.510114,0.502624,0.419724,0.302293,0.194328,0.095367,0.304303,4353.0,53154483.0,6253126.0,,3.11.15,"{""tinyaudit"": ""0.1.0"", ""numpy"": ""1.26.4"", ""pandas"": ""3.0.3"", ""scikit-learn"": ""1.9.0"", ""torch"": ""2.12.0""}"
adult,mlp,race,prune:0.5,6,0.158352,0.141734,0.674838,0.653182,0.68865,0.469659,0.451966,0.373201,0.349049,0.168001,0.140193,0.17751,4353.0,53154483.0,6253180.0,,3.11.15,"{""tinyaudit"": ""0.1.0"", ""numpy"": ""1.26.4"", ""pandas"": ""3.0.3"", ""scikit-learn"": ""1.9.0"", ""torch"": ""2.12.0""}"
adult,mlp,race,prune:0.7,6,0.059137,0.1875,0.932506,0.344116,0.542978,0.85898,0.702646,0.251937,0.460162,0.45212,0.200211,0.071686,4353.0,53154483.0,6253180.0,,3.11.15,"{""tinyaudit"": ""0.1.0"", ""numpy"": ""1.26.4"", ""pandas"": ""3.0.3"", ""scikit-learn"": ""1.9.0"", ""torch"": ""2.12.0""}"
adult,mlp,race,prune:0.9,6,0.009345,0.010067,0.990655,0.244288,0.500938,0.991729,0.575247,0.028499,0.681076,0.395839,0.166366,0.017901,4353.0,53154483.0,6253180.0,,3.11.15,"{""tinyaudit"": ""0.1.0"", ""numpy"": ""1.26.4"", ""pandas"": ""3.0.3"", ""scikit-learn"": ""1.9.0"", ""torch"": ""2.12.0""}"
adult,majority,sex,none,6,0.0,0.0,1.0,0.760708,0.5,0.0,0.0,0.0,,,,,1.0,12211.0,98090.0,,3.11.15,"{""tinyaudit"": ""0.1.0"", ""numpy"": ""1.26.4"", ""pandas"": ""3.0.3"", ""scikit-learn"": ""1.9.0"", ""torch"": ""2.12.0""}"
adult,prevalence,sex,none,6,0.0,0.0,1.0,0.760708,0.5,0.0,0.239278,0.0,,,,,1.0,12211.0,98090.0,,3.11.15,"{""tinyaudit"": ""0.1.0"", ""numpy"": ""1.26.4"", ""pandas"": ""3.0.3"", ""scikit-learn"": ""1.9.0"", ""torch"": ""2.12.0""}"
adult,majority,race,none,6,0.0,0.0,1.0,0.760708,0.5,0.0,0.0,0.0,,,,,1.0,12211.0,98090.0,,3.11.15,"{""tinyaudit"": ""0.1.0"", ""numpy"": ""1.26.4"", ""pandas"": ""3.0.3"", ""scikit-learn"": ""1.9.0"", ""torch"": ""2.12.0""}"
adult,prevalence,race,none,6,0.0,0.0,1.0,0.760708,0.5,0.0,0.239278,0.0,,,,,1.0,12211.0,98090.0,,3.11.15,"{""tinyaudit"": ""0.1.0"", ""numpy"": ""1.26.4"", ""pandas"": ""3.0.3"", ""scikit-learn"": ""1.9.0"", ""torch"": ""2.12.0""}"
compas,logreg,sex,none,6,0.141474,0.125095,0.614133,0.683085,0.669956,0.33895,0.452514,0.186286,0.620893,0.056723,0.043508,0.18142,6.0,9258.0,63955.0,,3.11.15,"{""tinyaudit"": ""0.1.0"", ""numpy"": ""1.26.4"", ""pandas"": ""3.0.3"", ""scikit-learn"": ""1.9.0"", ""torch"": ""2.12.0""}"
compas,logreg,sex,int8,6,0.141474,0.125095,0.614133,0.683085,0.669956,0.33895,0.452514,0.186286,,,,,6.0,9258.0,674858.0,,3.11.15,"{""tinyaudit"": ""0.1.0"", ""numpy"": ""1.26.4"", ""pandas"": ""3.0.3"", ""scikit-learn"": ""1.9.0"", ""torch"": ""2.12.0""}"
compas,logreg,sex,prune:0.3,6,0.135658,0.118725,0.630809,0.685029,0.672093,0.340894,0.452251,0.184695,0.621997,0.058389,0.041878,0.178568,6.0,9258.0,63955.0,,3.11.15,"{""tinyaudit"": ""0.1.0"", ""numpy"": ""1.26.4"", ""pandas"": ""3.0.3"", ""scikit-learn"": ""1.9.0"", ""torch"": ""2.12.0""}"
compas,logreg,sex,prune:0.5,6,0.123482,0.126457,0.655637,0.679844,0.666277,0.334413,0.452683,0.177446,0.627408,0.058272,0.043025,0.168166,6.0,9258.0,63955.0,,3.11.15,"{""tinyaudit"": ""0.1.0"", ""numpy"": ""1.26.4"", ""pandas"": ""3.0.3"", ""scikit-learn"": ""1.9.0"", ""torch"": ""2.12.0""}"
compas,logreg,sex,prune:0.7,6,0.130695,0.105759,0.527137,0.632534,0.610987,0.25081,0.449527,0.157336,0.641112,0.055159,0.057334,0.163899,6.0,9258.0,63955.0,,3.11.15,"{""tinyaudit"": ""0.1.0"", ""numpy"": ""1.26.4"", ""pandas"": ""3.0.3"", ""scikit-learn"": ""1.9.0"", ""torch"": ""2.12.0""}"
compas,logreg,sex,prune:0.9,6,0.0,0.0,1.0,0.545042,0.5,0.0,0.457265,0.0,0.689525,0.070808,0.091199,0.0,6.0,9258.0,63955.0,,3.11.15,"{""tinyaudit"": ""0.1.0"", ""numpy"": ""1.26.4"", ""pandas"": ""3.0.3"", ""scikit-learn"": ""1.9.0"", ""torch"": ""2.12.0""}"
compas,logreg,race,none,6,0.4379,0.612591,0.0,0.683085,0.669956,0.33895,0.452514,0.186286,0.61415,0.082953,0.150225,0.451191,6.0,9258.0,63955.0,,3.11.15,"{""tinyaudit"": ""0.1.0"", ""numpy"": ""1.26.4"", ""pandas"": ""3.0.3"", ""scikit-learn"": ""1.9.0"", ""torch"": ""2.12.0""}"
compas,logreg,race,int8,6,0.4379,0.612591,0.0,0.683085,0.669956,0.33895,0.452514,0.186286,,,,,6.0,9258.0,674602.0,,3.11.15,"{""tinyaudit"": ""0.1.0"", ""numpy"": ""1.26.4"", ""pandas"": ""3.0.3"", ""scikit-learn"": ""1.9.0"", ""torch"": ""2.12.0""}"
compas,logreg,race,prune:0.3,6,0.439181,0.617433,0.0,0.685029,0.672093,0.340894,0.452251,0.184695,0.615069,0.083285,0.15228,0.455308,6.0,9258.0,63955.0,,3.11.15,"{""tinyaudit"": ""0.1.0"", ""numpy"": ""1.26.4"", ""pandas"": ""3.0.3"", ""scikit-learn"": ""1.9.0"", ""torch"": ""2.12.0""}"
compas,logreg,race,prune:0.5,6,0.441741,0.610169,0.0,0.679844,0.666277,0.334413,0.452683,0.177446,0.620448,0.074109,0.065142,0.453127,6.0,9258.0,63955.0,,3.11.15,"{""tinyaudit"": ""0.1.0"", ""numpy"": ""1.26.4"", ""pandas"": ""3.0.3"", ""scikit-learn"": ""1.9.0"", ""torch"": ""2.12.0""}"
compas,logreg,race,prune:0.7,6,0.338028,0.435835,0.0,0.632534,0.610987,0.25081,0.449527,0.157336,0.639717,0.063709,0.083584,0.376145,6.0,9258.0,63955.0,,3.11.15,"{""tinyaudit"": ""0.1.0"", ""numpy"": ""1.26.4"", ""pandas"": ""3.0.3"", ""scikit-learn"": ""1.9.0"", ""torch"": ""2.12.0""}"
compas,logreg,race,prune:0.9,6,0.0,0.0,1.0,0.545042,0.5,0.0,0.457265,0.0,0.689525,0.11199,0.165102,0.0,6.0,9258.0,63955.0,,3.11.15,"{""tinyaudit"": ""0.1.0"", ""numpy"": ""1.26.4"", ""pandas"": ""3.0.3"", ""scikit-learn"": ""1.9.0"", ""torch"": ""2.12.0""}"
compas,tree,sex,none,6,0.078824,0.066357,0.779185,0.626053,0.612693,0.341542,0.442203,0.306354,,,,,1409.0,2174087.0,81336.0,,3.11.15,"{""tinyaudit"": ""0.1.0"", ""numpy"": ""1.26.4"", ""pandas"": ""3.0.3"", ""scikit-learn"": ""1.9.0"", ""torch"": ""2.12.0""}"
compas,tree,sex,int8,6,,,,,,,,,,,,,,,,"NotImplementedError: quantize_int8 supports sklearn LogisticRegression and MLPClassifier; got 'DecisionTreeClassifier'. For other sklearn families, wrap the model in ONNX manually.",3.11.15,"{""tinyaudit"": ""0.1.0"", ""numpy"": ""1.26.4"", ""pandas"": ""3.0.3"", ""scikit-learn"": ""1.9.0"", ""torch"": ""2.12.0""}"
compas,tree,sex,prune:0.3,6,,,,,,,,,,,,,,,,"RuntimeError: magnitude_prune supports the sklearn weight-array families LogisticRegression (coef_) and MLPClassifier (coefs_); got 'DecisionTreeClassifier', which has no prunable dense weight matrix.",3.11.15,"{""tinyaudit"": ""0.1.0"", ""numpy"": ""1.26.4"", ""pandas"": ""3.0.3"", ""scikit-learn"": ""1.9.0"", ""torch"": ""2.12.0""}"
compas,tree,sex,prune:0.5,6,,,,,,,,,,,,,,,,"RuntimeError: magnitude_prune supports the sklearn weight-array families LogisticRegression (coef_) and MLPClassifier (coefs_); got 'DecisionTreeClassifier', which has no prunable dense weight matrix.",3.11.15,"{""tinyaudit"": ""0.1.0"", ""numpy"": ""1.26.4"", ""pandas"": ""3.0.3"", ""scikit-learn"": ""1.9.0"", ""torch"": ""2.12.0""}"
compas,tree,sex,prune:0.7,6,,,,,,,,,,,,,,,,"RuntimeError: magnitude_prune supports the sklearn weight-array families LogisticRegression (coef_) and MLPClassifier (coefs_); got 'DecisionTreeClassifier', which has no prunable dense weight matrix.",3.11.15,"{""tinyaudit"": ""0.1.0"", ""numpy"": ""1.26.4"", ""pandas"": ""3.0.3"", ""scikit-learn"": ""1.9.0"", ""torch"": ""2.12.0""}"
compas,tree,sex,prune:0.9,6,,,,,,,,,,,,,,,,"RuntimeError: magnitude_prune supports the sklearn weight-array families LogisticRegression (coef_) and MLPClassifier (coefs_); got 'DecisionTreeClassifier', which has no prunable dense weight matrix.",3.11.15,"{""tinyaudit"": ""0.1.0"", ""numpy"": ""1.26.4"", ""pandas"": ""3.0.3"", ""scikit-learn"": ""1.9.0"", ""torch"": ""2.12.0""}"
compas,tree,race,none,6,0.385403,0.5,0.0,0.626053,0.612693,0.341542,0.442203,0.306354,,,,,1409.0,2174087.0,81336.0,,3.11.15,"{""tinyaudit"": ""0.1.0"", ""numpy"": ""1.26.4"", ""pandas"": ""3.0.3"", ""scikit-learn"": ""1.9.0"", ""torch"": ""2.12.0""}"
compas,tree,race,int8,6,,,,,,,,,,,,,,,,"NotImplementedError: quantize_int8 supports sklearn LogisticRegression and MLPClassifier; got 'DecisionTreeClassifier'. For other sklearn families, wrap the model in ONNX manually.",3.11.15,"{""tinyaudit"": ""0.1.0"", ""numpy"": ""1.26.4"", ""pandas"": ""3.0.3"", ""scikit-learn"": ""1.9.0"", ""torch"": ""2.12.0""}"
compas,tree,race,prune:0.3,6,,,,,,,,,,,,,,,,"RuntimeError: magnitude_prune supports the sklearn weight-array families LogisticRegression (coef_) and MLPClassifier (coefs_); got 'DecisionTreeClassifier', which has no prunable dense weight matrix.",3.11.15,"{""tinyaudit"": ""0.1.0"", ""numpy"": ""1.26.4"", ""pandas"": ""3.0.3"", ""scikit-learn"": ""1.9.0"", ""torch"": ""2.12.0""}"
compas,tree,race,prune:0.5,6,,,,,,,,,,,,,,,,"RuntimeError: magnitude_prune supports the sklearn weight-array families LogisticRegression (coef_) and MLPClassifier (coefs_); got 'DecisionTreeClassifier', which has no prunable dense weight matrix.",3.11.15,"{""tinyaudit"": ""0.1.0"", ""numpy"": ""1.26.4"", ""pandas"": ""3.0.3"", ""scikit-learn"": ""1.9.0"", ""torch"": ""2.12.0""}"
compas,tree,race,prune:0.7,6,,,,,,,,,,,,,,,,"RuntimeError: magnitude_prune supports the sklearn weight-array families LogisticRegression (coef_) and MLPClassifier (coefs_); got 'DecisionTreeClassifier', which has no prunable dense weight matrix.",3.11.15,"{""tinyaudit"": ""0.1.0"", ""numpy"": ""1.26.4"", ""pandas"": ""3.0.3"", ""scikit-learn"": ""1.9.0"", ""torch"": ""2.12.0""}"
compas,tree,race,prune:0.9,6,,,,,,,,,,,,,,,,"RuntimeError: magnitude_prune supports the sklearn weight-array families LogisticRegression (coef_) and MLPClassifier (coefs_); got 'DecisionTreeClassifier', which has no prunable dense weight matrix.",3.11.15,"{""tinyaudit"": ""0.1.0"", ""numpy"": ""1.26.4"", ""pandas"": ""3.0.3"", ""scikit-learn"": ""1.9.0"", ""torch"": ""2.12.0""}"
compas,mlp,sex,none,6,0.131655,0.123912,0.688792,0.685677,0.677867,0.397278,0.44465,0.212865,0.590078,0.034185,0.018603,0.195364,1281.0,1976583.0,791164.0,,3.11.15,"{""tinyaudit"": ""0.1.0"", ""numpy"": ""1.26.4"", ""pandas"": ""3.0.3"", ""scikit-learn"": ""1.9.0"", ""torch"": ""2.12.0""}"
compas,mlp,sex,int8,6,0.119304,0.114203,0.716367,0.686973,0.679174,0.397278,0.438337,0.216246,,,,,1281.0,1976583.0,675082.0,,3.11.15,"{""tinyaudit"": ""0.1.0"", ""numpy"": ""1.26.4"", ""pandas"": ""3.0.3"", ""scikit-learn"": ""1.9.0"", ""torch"": ""2.12.0""}"
compas,mlp,sex,prune:0.3,6,0.139828,0.161564,0.713179,0.678548,0.676389,0.460143,0.469194,0.181395,0.622492,0.048634,0.04546,0.194698,1281.0,1976583.0,791164.0,,3.11.15,"{""tinyaudit"": ""0.1.0"", ""numpy"": ""1.26.4"", ""pandas"": ""3.0.3"", ""scikit-learn"": ""1.9.0"", ""torch"": ""2.12.0""}"
compas,mlp,sex,prune:0.5,6,0.141223,0.096893,0.652265,0.67466,0.665052,0.378483,0.463242,0.159972,0.637004,0.03378,0.018295,0.198664,1281.0,1976583.0,791164.0,,3.11.15,"{""tinyaudit"": ""0.1.0"", ""numpy"": ""1.26.4"", ""pandas"": ""3.0.3"", ""scikit-learn"": ""1.9.0"", ""torch"": ""2.12.0""}"
compas,mlp,sex,prune:0.7,6,0.109947,0.091836,0.64375,0.664938,0.646952,0.287103,0.444774,0.083991,0.672231,0.099256,0.05239,0.091009,1281.0,1976583.0,791164.0,,3.11.15,"{""tinyaudit"": ""0.1.0"", ""numpy"": ""1.26.4"", ""pandas"": ""3.0.3"", ""scikit-learn"": ""1.9.0"", ""torch"": ""2.12.0""}"
compas,mlp,sex,prune:0.9,6,0.016223,0.101626,0.93629,0.558004,0.535906,0.251458,0.486182,0.023462,0.691486,0.031442,0.004013,0.046502,1281.0,1976583.0,791164.0,,3.11.15,"{""tinyaudit"": ""0.1.0"", ""numpy"": ""1.26.4"", ""pandas"": ""3.0.3"", ""scikit-learn"": ""1.9.0"", ""torch"": ""2.12.0""}"
compas,mlp,race,none,6,0.496799,0.675545,0.0,0.685677,0.677867,0.397278,0.44465,0.212865,0.568092,0.067974,0.108418,0.467549,1281.0,1976583.0,791164.0,,3.11.15,"{""tinyaudit"": ""0.1.0"", ""numpy"": ""1.26.4"", ""pandas"": ""3.0.3"", ""scikit-learn"": ""1.9.0"", ""torch"": ""2.12.0""}"
compas,mlp,race,int8,6,0.50064,0.680387,0.0,0.686973,0.679174,0.397278,0.438337,0.216246,,,,,1281.0,1976583.0,674410.0,,3.11.15,"{""tinyaudit"": ""0.1.0"", ""numpy"": ""1.26.4"", ""pandas"": ""3.0.3"", ""scikit-learn"": ""1.9.0"", ""torch"": ""2.12.0""}"
compas,mlp,race,prune:0.3,6,0.571063,0.738499,0.0,0.678548,0.676389,0.460143,0.469194,0.181395,0.609229,0.080194,0.148019,0.525579,1281.0,1976583.0,791164.0,,3.11.15,"{""tinyaudit"": ""0.1.0"", ""numpy"": ""1.26.4"", ""pandas"": ""3.0.3"", ""scikit-learn"": ""1.9.0"", ""torch"": ""2.12.0""}"
compas,mlp,race,prune:0.5,6,0.471191,0.636804,0.0,0.67466,0.665052,0.378483,0.463242,0.159972,0.626564,0.079643,0.162263,0.514522,1281.0,1976583.0,791110.0,,3.11.15,"{""tinyaudit"": ""0.1.0"", ""numpy"": ""1.26.4"", ""pandas"": ""3.0.3"", ""scikit-learn"": ""1.9.0"", ""torch"": ""2.12.0""}"
compas,mlp,race,prune:0.7,6,0.372599,0.525424,0.0,0.664938,0.646952,0.287103,0.444774,0.083991,0.667345,0.120598,0.210909,0.229303,1281.0,1976583.0,791164.0,,3.11.15,"{""tinyaudit"": ""0.1.0"", ""numpy"": ""1.26.4"", ""pandas"": ""3.0.3"", ""scikit-learn"": ""1.9.0"", ""torch"": ""2.12.0""}"
compas,mlp,race,prune:0.9,6,0.316901,0.5,0.0,0.558004,0.535906,0.251458,0.486182,0.023462,0.691334,0.097066,0.230368,0.211033,1281.0,1976583.0,791164.0,,3.11.15,"{""tinyaudit"": ""0.1.0"", ""numpy"": ""1.26.4"", ""pandas"": ""3.0.3"", ""scikit-learn"": ""1.9.0"", ""torch"": ""2.12.0""}"
compas,majority,sex,none,6,0.0,0.0,1.0,0.545042,0.5,0.0,0.0,0.0,,,,,1.0,1543.0,12746.0,,3.11.15,"{""tinyaudit"": ""0.1.0"", ""numpy"": ""1.26.4"", ""pandas"": ""3.0.3"", ""scikit-learn"": ""1.9.0"", ""torch"": ""2.12.0""}"
compas,prevalence,sex,none,6,0.0,0.0,1.0,0.545042,0.5,0.0,0.455174,0.0,,,,,1.0,1543.0,12746.0,,3.11.15,"{""tinyaudit"": ""0.1.0"", ""numpy"": ""1.26.4"", ""pandas"": ""3.0.3"", ""scikit-learn"": ""1.9.0"", ""torch"": ""2.12.0""}"
compas,majority,race,none,6,0.0,0.0,1.0,0.545042,0.5,0.0,0.0,0.0,,,,,1.0,1543.0,12746.0,,3.11.15,"{""tinyaudit"": ""0.1.0"", ""numpy"": ""1.26.4"", ""pandas"": ""3.0.3"", ""scikit-learn"": ""1.9.0"", ""torch"": ""2.12.0""}"
compas,prevalence,race,none,6,0.0,0.0,1.0,0.545042,0.5,0.0,0.455174,0.0,,,,,1.0,1543.0,12746.0,,3.11.15,"{""tinyaudit"": ""0.1.0"", ""numpy"": ""1.26.4"", ""pandas"": ""3.0.3"", ""scikit-learn"": ""1.9.0"", ""torch"": ""2.12.0""}"
adult,logreg,sex,none,7,0.168435,0.091462,0.333966,0.85423,0.77001,0.197691,0.24128,0.287135,0.305747,0.013276,0.009001,0.101102,102.0,1245522.0,344718.0,,3.11.15,"{""tinyaudit"": ""0.1.0"", ""numpy"": ""1.26.4"", ""pandas"": ""3.0.3"", ""scikit-learn"": ""1.9.0"", ""torch"": ""2.12.0""}"
adult,logreg,sex,int8,7,0.168435,0.091462,0.333966,0.85423,0.77001,0.197691,0.24128,0.287135,,,,,102.0,1245522.0,13282288.0,,3.11.15,"{""tinyaudit"": ""0.1.0"", ""numpy"": ""1.26.4"", ""pandas"": ""3.0.3"", ""scikit-learn"": ""1.9.0"", ""torch"": ""2.12.0""}"
adult,logreg,sex,prune:0.3,7,0.167851,0.091661,0.332094,0.854639,0.769575,0.196298,0.241292,0.287271,0.305578,0.013422,0.009004,0.100936,102.0,1245522.0,343486.0,,3.11.15,"{""tinyaudit"": ""0.1.0"", ""numpy"": ""1.26.4"", ""pandas"": ""3.0.3"", ""scikit-learn"": ""1.9.0"", ""torch"": ""2.12.0""}"
adult,logreg,sex,prune:0.5,7,0.167754,0.092265,0.329554,0.854885,0.76915,0.195234,0.240398,0.286445,0.30562,0.011858,0.007991,0.100395,102.0,1245522.0,343486.0,,3.11.15,"{""tinyaudit"": ""0.1.0"", ""numpy"": ""1.26.4"", ""pandas"": ""3.0.3"", ""scikit-learn"": ""1.9.0"", ""torch"": ""2.12.0""}"
adult,logreg,sex,prune:0.7,7,0.142216,0.054218,0.362047,0.849889,0.748742,0.176316,0.231743,0.275358,0.310443,0.015754,0.017407,0.086807,102.0,1245522.0,343486.0,,3.11.15,"{""tinyaudit"": ""0.1.0"", ""numpy"": ""1.26.4"", ""pandas"": ""3.0.3"", ""scikit-learn"": ""1.9.0"", ""torch"": ""2.12.0""}"
adult,logreg,sex,prune:0.9,7,0.128163,0.126597,0.253309,0.833347,0.692596,0.129637,0.213415,0.243699,0.323193,0.02577,0.004606,0.073887,102.0,1245522.0,343486.0,,3.11.15,"{""tinyaudit"": ""0.1.0"", ""numpy"": ""1.26.4"", ""pandas"": ""3.0.3"", ""scikit-learn"": ""1.9.0"", ""torch"": ""2.12.0""}"
adult,logreg,race,none,7,0.147562,0.283608,0.334215,0.85423,0.77001,0.197691,0.24128,0.287135,0.283597,0.03563,0.061597,0.116099,102.0,1245522.0,343486.0,,3.11.15,"{""tinyaudit"": ""0.1.0"", ""numpy"": ""1.26.4"", ""pandas"": ""3.0.3"", ""scikit-learn"": ""1.9.0"", ""torch"": ""2.12.0""}"
adult,logreg,race,int8,7,0.147562,0.283608,0.334215,0.85423,0.77001,0.197691,0.24128,0.287135,,,,,102.0,1245522.0,13278470.0,,3.11.15,"{""tinyaudit"": ""0.1.0"", ""numpy"": ""1.26.4"", ""pandas"": ""3.0.3"", ""scikit-learn"": ""1.9.0"", ""torch"": ""2.12.0""}"
adult,logreg,race,prune:0.3,7,0.1502,0.281359,0.330283,0.854639,0.769575,0.196298,0.241292,0.287271,0.283638,0.034281,0.053888,0.114752,102.0,1245522.0,343486.0,,3.11.15,"{""tinyaudit"": ""0.1.0"", ""numpy"": ""1.26.4"", ""pandas"": ""3.0.3"", ""scikit-learn"": ""1.9.0"", ""torch"": ""2.12.0""}"
adult,logreg,race,prune:0.5,7,0.15946,0.362819,0.288998,0.854885,0.76915,0.195234,0.240398,0.286445,0.285948,0.036812,0.06847,0.1127,102.0,1245522.0,343486.0,,3.11.15,"{""tinyaudit"": ""0.1.0"", ""numpy"": ""1.26.4"", ""pandas"": ""3.0.3"", ""scikit-learn"": ""1.9.0"", ""torch"": ""2.12.0""}"
adult,logreg,race,prune:0.7,7,0.155477,0.254296,0.322691,0.849889,0.748742,0.176316,0.231743,0.275358,0.29588,0.034342,0.050092,0.124874,102.0,1245522.0,343486.0,,3.11.15,"{""tinyaudit"": ""0.1.0"", ""numpy"": ""1.26.4"", ""pandas"": ""3.0.3"", ""scikit-learn"": ""1.9.0"", ""torch"": ""2.12.0""}"
adult,logreg,race,prune:0.9,7,0.104099,0.1875,0.30783,0.833347,0.692596,0.129637,0.213415,0.243699,0.315001,0.037908,0.04198,0.084363,102.0,1245522.0,343432.0,,3.11.15,"{""tinyaudit"": ""0.1.0"", ""numpy"": ""1.26.4"", ""pandas"": ""3.0.3"", ""scikit-learn"": ""1.9.0"", ""torch"": ""2.12.0""}"
adult,tree,sex,none,7,0.177223,0.087553,0.418768,0.820326,0.758633,0.246827,0.246827,0.431165,,,,,10917.0,133307487.0,5326146.0,,3.11.15,"{""tinyaudit"": ""0.1.0"", ""numpy"": ""1.26.4"", ""pandas"": ""3.0.3"", ""scikit-learn"": ""1.9.0"", ""torch"": ""2.12.0""}"
adult,tree,sex,int8,7,,,,,,,,,,,,,,,,"NotImplementedError: quantize_int8 supports sklearn LogisticRegression and MLPClassifier; got 'DecisionTreeClassifier'. For other sklearn families, wrap the model in ONNX manually.",3.11.15,"{""tinyaudit"": ""0.1.0"", ""numpy"": ""1.26.4"", ""pandas"": ""3.0.3"", ""scikit-learn"": ""1.9.0"", ""torch"": ""2.12.0""}"
adult,tree,sex,prune:0.3,7,,,,,,,,,,,,,,,,"RuntimeError: magnitude_prune supports the sklearn weight-array families LogisticRegression (coef_) and MLPClassifier (coefs_); got 'DecisionTreeClassifier', which has no prunable dense weight matrix.",3.11.15,"{""tinyaudit"": ""0.1.0"", ""numpy"": ""1.26.4"", ""pandas"": ""3.0.3"", ""scikit-learn"": ""1.9.0"", ""torch"": ""2.12.0""}"
adult,tree,sex,prune:0.5,7,,,,,,,,,,,,,,,,"RuntimeError: magnitude_prune supports the sklearn weight-array families LogisticRegression (coef_) and MLPClassifier (coefs_); got 'DecisionTreeClassifier', which has no prunable dense weight matrix.",3.11.15,"{""tinyaudit"": ""0.1.0"", ""numpy"": ""1.26.4"", ""pandas"": ""3.0.3"", ""scikit-learn"": ""1.9.0"", ""torch"": ""2.12.0""}"
adult,tree,sex,prune:0.7,7,,,,,,,,,,,,,,,,"RuntimeError: magnitude_prune supports the sklearn weight-array families LogisticRegression (coef_) and MLPClassifier (coefs_); got 'DecisionTreeClassifier', which has no prunable dense weight matrix.",3.11.15,"{""tinyaudit"": ""0.1.0"", ""numpy"": ""1.26.4"", ""pandas"": ""3.0.3"", ""scikit-learn"": ""1.9.0"", ""torch"": ""2.12.0""}"
adult,tree,sex,prune:0.9,7,,,,,,,,,,,,,,,,"RuntimeError: magnitude_prune supports the sklearn weight-array families LogisticRegression (coef_) and MLPClassifier (coefs_); got 'DecisionTreeClassifier', which has no prunable dense weight matrix.",3.11.15,"{""tinyaudit"": ""0.1.0"", ""numpy"": ""1.26.4"", ""pandas"": ""3.0.3"", ""scikit-learn"": ""1.9.0"", ""torch"": ""2.12.0""}"
adult,tree,race,none,7,0.163246,0.190722,0.442609,0.820326,0.758633,0.246827,0.246827,0.431165,,,,,10917.0,133307487.0,5325096.0,,3.11.15,"{""tinyaudit"": ""0.1.0"", ""numpy"": ""1.26.4"", ""pandas"": ""3.0.3"", ""scikit-learn"": ""1.9.0"", ""torch"": ""2.12.0""}"
adult,tree,race,int8,7,,,,,,,,,,,,,,,,"NotImplementedError: quantize_int8 supports sklearn LogisticRegression and MLPClassifier; got 'DecisionTreeClassifier'. For other sklearn families, wrap the model in ONNX manually.",3.11.15,"{""tinyaudit"": ""0.1.0"", ""numpy"": ""1.26.4"", ""pandas"": ""3.0.3"", ""scikit-learn"": ""1.9.0"", ""torch"": ""2.12.0""}"
adult,tree,race,prune:0.3,7,,,,,,,,,,,,,,,,"RuntimeError: magnitude_prune supports the sklearn weight-array families LogisticRegression (coef_) and MLPClassifier (coefs_); got 'DecisionTreeClassifier', which has no prunable dense weight matrix.",3.11.15,"{""tinyaudit"": ""0.1.0"", ""numpy"": ""1.26.4"", ""pandas"": ""3.0.3"", ""scikit-learn"": ""1.9.0"", ""torch"": ""2.12.0""}"
adult,tree,race,prune:0.5,7,,,,,,,,,,,,,,,,"RuntimeError: magnitude_prune supports the sklearn weight-array families LogisticRegression (coef_) and MLPClassifier (coefs_); got 'DecisionTreeClassifier', which has no prunable dense weight matrix.",3.11.15,"{""tinyaudit"": ""0.1.0"", ""numpy"": ""1.26.4"", ""pandas"": ""3.0.3"", ""scikit-learn"": ""1.9.0"", ""torch"": ""2.12.0""}"
adult,tree,race,prune:0.7,7,,,,,,,,,,,,,,,,"RuntimeError: magnitude_prune supports the sklearn weight-array families LogisticRegression (coef_) and MLPClassifier (coefs_); got 'DecisionTreeClassifier', which has no prunable dense weight matrix.",3.11.15,"{""tinyaudit"": ""0.1.0"", ""numpy"": ""1.26.4"", ""pandas"": ""3.0.3"", ""scikit-learn"": ""1.9.0"", ""torch"": ""2.12.0""}"
adult,tree,race,prune:0.9,7,,,,,,,,,,,,,,,,"RuntimeError: magnitude_prune supports the sklearn weight-array families LogisticRegression (coef_) and MLPClassifier (coefs_); got 'DecisionTreeClassifier', which has no prunable dense weight matrix.",3.11.15,"{""tinyaudit"": ""0.1.0"", ""numpy"": ""1.26.4"", ""pandas"": ""3.0.3"", ""scikit-learn"": ""1.9.0"", ""torch"": ""2.12.0""}"
adult,mlp,sex,none,7,0.164666,0.095475,0.363288,0.836131,0.750138,0.204652,0.231463,0.319782,0.255738,0.035064,0.02546,0.10209,4353.0,53154483.0,6253180.0,,3.11.15,"{""tinyaudit"": ""0.1.0"", ""numpy"": ""1.26.4"", ""pandas"": ""3.0.3"", ""scikit-learn"": ""1.9.0"", ""torch"": ""2.12.0""}"
adult,mlp,sex,int8,7,0.161208,0.076059,0.406566,0.827533,0.748474,0.218819,0.249754,0.331654,,,,,4353.0,53154483.0,13277022.0,,3.11.15,"{""tinyaudit"": ""0.1.0"", ""numpy"": ""1.26.4"", ""pandas"": ""3.0.3"", ""scikit-learn"": ""1.9.0"", ""torch"": ""2.12.0""}"
adult,mlp,sex,prune:0.3,7,0.207331,0.142952,0.641386,0.647858,0.710368,0.510196,0.5016,0.384776,0.380597,0.184729,0.027032,0.226769,4353.0,53154483.0,6253180.0,,3.11.15,"{""tinyaudit"": ""0.1.0"", ""numpy"": ""1.26.4"", ""pandas"": ""3.0.3"", ""scikit-learn"": ""1.9.0"", ""torch"": ""2.12.0""}"
adult,mlp,sex,prune:0.5,7,0.148993,0.115082,0.760368,0.541888,0.609752,0.572926,0.551385,0.358401,0.422691,0.28091,0.003812,0.179685,4353.0,53154483.0,6253180.0,,3.11.15,"{""tinyaudit"": ""0.1.0"", ""numpy"": ""1.26.4"", ""pandas"": ""3.0.3"", ""scikit-learn"": ""1.9.0"", ""torch"": ""2.12.0""}"
adult,mlp,sex,prune:0.7,7,0.077375,0.055874,0.907611,0.389157,0.571293,0.812137,0.710464,0.267968,0.433175,0.436714,0.080936,0.05144,4353.0,53154483.0,6253180.0,,3.11.15,"{""tinyaudit"": ""0.1.0"", ""numpy"": ""1.26.4"", ""pandas"": ""3.0.3"", ""scikit-learn"": ""1.9.0"", ""torch"": ""2.12.0""}"
adult,mlp,sex,prune:0.9,7,0.0,0.0,1.0,0.239292,0.5,1.0,0.641092,0.046929,0.653299,0.425937,0.186803,0.0,4353.0,53154483.0,6253180.0,,3.11.15,"{""tinyaudit"": ""0.1.0"", ""numpy"": ""1.26.4"", ""pandas"": ""3.0.3"", ""scikit-learn"": ""1.9.0"", ""torch"": ""2.12.0""}"
adult,mlp,race,none,7,0.125972,0.229167,0.444845,0.836131,0.750138,0.204652,0.231463,0.319782,0.238222,0.043911,0.079337,0.080361,4353.0,53154483.0,6253180.0,,3.11.15,"{""tinyaudit"": ""0.1.0"", ""numpy"": ""1.26.4"", ""pandas"": ""3.0.3"", ""scikit-learn"": ""1.9.0"", ""torch"": ""2.12.0""}"
adult,mlp,race,int8,7,0.125079,0.164824,0.462865,0.827533,0.748474,0.218819,0.249754,0.331654,,,,,4353.0,53154483.0,13278430.0,,3.11.15,"{""tinyaudit"": ""0.1.0"", ""numpy"": ""1.26.4"", ""pandas"": ""3.0.3"", ""scikit-learn"": ""1.9.0"", ""torch"": ""2.12.0""}"
adult,mlp,race,prune:0.3,7,0.203963,0.193699,0.68057,0.647858,0.710368,0.510196,0.5016,0.384776,0.353838,0.260721,0.158132,0.247136,4353.0,53154483.0,6253180.0,,3.11.15,"{""tinyaudit"": ""0.1.0"", ""numpy"": ""1.26.4"", ""pandas"": ""3.0.3"", ""scikit-learn"": ""1.9.0"", ""torch"": ""2.12.0""}"
adult,mlp,race,prune:0.5,7,0.127457,0.197674,0.785306,0.541888,0.609752,0.572926,0.551385,0.358401,0.380172,0.33307,0.096349,0.174598,4353.0,53154483.0,6253180.0,,3.11.15,"{""tinyaudit"": ""0.1.0"", ""numpy"": ""1.26.4"", ""pandas"": ""3.0.3"", ""scikit-learn"": ""1.9.0"", ""torch"": ""2.12.0""}"
adult,mlp,race,prune:0.7,7,0.059777,0.133236,0.929406,0.389157,0.571293,0.812137,0.710464,0.267968,0.37823,0.517262,0.198755,0.079913,4353.0,53154483.0,6253180.0,,3.11.15,"{""tinyaudit"": ""0.1.0"", ""numpy"": ""1.26.4"", ""pandas"": ""3.0.3"", ""scikit-learn"": ""1.9.0"", ""torch"": ""2.12.0""}"
adult,mlp,race,prune:0.9,7,0.0,0.0,1.0,0.239292,0.5,1.0,0.641092,0.046929,0.654663,0.458844,0.148238,0.0,4353.0,53154483.0,6253180.0,,3.11.15,"{""tinyaudit"": ""0.1.0"", ""numpy"": ""1.26.4"", ""pandas"": ""3.0.3"", ""scikit-learn"": ""1.9.0"", ""torch"": ""2.12.0""}"
adult,majority,sex,none,7,0.0,0.0,1.0,0.760708,0.5,0.0,0.0,0.0,,,,,1.0,12211.0,98090.0,,3.11.15,"{""tinyaudit"": ""0.1.0"", ""numpy"": ""1.26.4"", ""pandas"": ""3.0.3"", ""scikit-learn"": ""1.9.0"", ""torch"": ""2.12.0""}"
adult,prevalence,sex,none,7,0.0,0.0,1.0,0.760708,0.5,0.0,0.239278,0.0,,,,,1.0,12211.0,98090.0,,3.11.15,"{""tinyaudit"": ""0.1.0"", ""numpy"": ""1.26.4"", ""pandas"": ""3.0.3"", ""scikit-learn"": ""1.9.0"", ""torch"": ""2.12.0""}"
adult,majority,race,none,7,0.0,0.0,1.0,0.760708,0.5,0.0,0.0,0.0,,,,,1.0,12211.0,98090.0,,3.11.15,"{""tinyaudit"": ""0.1.0"", ""numpy"": ""1.26.4"", ""pandas"": ""3.0.3"", ""scikit-learn"": ""1.9.0"", ""torch"": ""2.12.0""}"
adult,prevalence,race,none,7,0.0,0.0,1.0,0.760708,0.5,0.0,0.239278,0.0,,,,,1.0,12211.0,98090.0,,3.11.15,"{""tinyaudit"": ""0.1.0"", ""numpy"": ""1.26.4"", ""pandas"": ""3.0.3"", ""scikit-learn"": ""1.9.0"", ""torch"": ""2.12.0""}"
compas,logreg,sex,none,7,0.129443,0.093145,0.638907,0.674012,0.66022,0.332469,0.460198,0.187093,0.627168,0.056006,0.061022,0.158907,6.0,9258.0,63901.0,,3.11.15,"{""tinyaudit"": ""0.1.0"", ""numpy"": ""1.26.4"", ""pandas"": ""3.0.3"", ""scikit-learn"": ""1.9.0"", ""torch"": ""2.12.0""}"
compas,logreg,sex,int8,7,0.129443,0.093145,0.638907,0.674012,0.66022,0.332469,0.460198,0.187093,,,,,6.0,9258.0,674858.0,,3.11.15,"{""tinyaudit"": ""0.1.0"", ""numpy"": ""1.26.4"", ""pandas"": ""3.0.3"", ""scikit-learn"": ""1.9.0"", ""torch"": ""2.12.0""}"
compas,logreg,sex,prune:0.3,7,0.127821,0.091587,0.641811,0.674012,0.660102,0.331173,0.460219,0.186709,0.62745,0.056012,0.061312,0.157834,6.0,9258.0,63955.0,,3.11.15,"{""tinyaudit"": ""0.1.0"", ""numpy"": ""1.26.4"", ""pandas"": ""3.0.3"", ""scikit-learn"": ""1.9.0"", ""torch"": ""2.12.0""}"
compas,logreg,sex,prune:0.5,7,0.133516,0.094702,0.634976,0.679196,0.666036,0.33895,0.4616,0.179754,0.632554,0.067761,0.0579,0.153711,6.0,9258.0,63955.0,,3.11.15,"{""tinyaudit"": ""0.1.0"", ""numpy"": ""1.26.4"", ""pandas"": ""3.0.3"", ""scikit-learn"": ""1.9.0"", ""torch"": ""2.12.0""}"
compas,logreg,sex,prune:0.7,7,0.088562,0.063401,0.65876,0.629942,0.607549,0.241737,0.450251,0.158096,0.643756,0.072235,0.059501,0.139776,6.0,9258.0,63955.0,,3.11.15,"{""tinyaudit"": ""0.1.0"", ""numpy"": ""1.26.4"", ""pandas"": ""3.0.3"", ""scikit-learn"": ""1.9.0"", ""torch"": ""2.12.0""}"
compas,logreg,sex,prune:0.9,7,0.0,0.0,1.0,0.545042,0.5,0.0,0.457323,0.0,0.68993,0.060627,0.08245,0.0,6.0,9258.0,63955.0,,3.11.15,"{""tinyaudit"": ""0.1.0"", ""numpy"": ""1.26.4"", ""pandas"": ""3.0.3"", ""scikit-learn"": ""1.9.0"", ""torch"": ""2.12.0""}"
compas,logreg,race,none,7,0.333333,0.697674,0.333333,0.674012,0.66022,0.332469,0.460198,0.187093,0.607293,0.14074,0.320942,0.595908,6.0,9258.0,63955.0,,3.11.15,"{""tinyaudit"": ""0.1.0"", ""numpy"": ""1.26.4"", ""pandas"": ""3.0.3"", ""scikit-learn"": ""1.9.0"", ""torch"": ""2.12.0""}"
compas,logreg,race,int8,7,0.333333,0.697674,0.333333,0.674012,0.66022,0.332469,0.460198,0.187093,,,,,6.0,9258.0,674602.0,,3.11.15,"{""tinyaudit"": ""0.1.0"", ""numpy"": ""1.26.4"", ""pandas"": ""3.0.3"", ""scikit-learn"": ""1.9.0"", ""torch"": ""2.12.0""}"
compas,logreg,race,prune:0.3,7,0.333333,0.697674,0.333333,0.674012,0.660102,0.331173,0.460219,0.186709,0.610115,0.142392,0.319077,0.588994,6.0,9258.0,63955.0,,3.11.15,"{""tinyaudit"": ""0.1.0"", ""numpy"": ""1.26.4"", ""pandas"": ""3.0.3"", ""scikit-learn"": ""1.9.0"", ""torch"": ""2.12.0""}"
compas,logreg,race,prune:0.5,7,0.333333,0.651163,0.333333,0.679196,0.666036,0.33895,0.4616,0.179754,0.613864,0.138994,0.326491,0.574738,6.0,9258.0,63955.0,,3.11.15,"{""tinyaudit"": ""0.1.0"", ""numpy"": ""1.26.4"", ""pandas"": ""3.0.3"", ""scikit-learn"": ""1.9.0"", ""torch"": ""2.12.0""}"
compas,logreg,race,prune:0.7,7,0.5,1.0,0.0,0.629942,0.607549,0.241737,0.450251,0.158096,0.620038,0.141875,0.343641,0.580263,6.0,9258.0,63955.0,,3.11.15,"{""tinyaudit"": ""0.1.0"", ""numpy"": ""1.26.4"", ""pandas"": ""3.0.3"", ""scikit-learn"": ""1.9.0"", ""torch"": ""2.12.0""}"
compas,logreg,race,prune:0.9,7,0.0,0.0,1.0,0.545042,0.5,0.0,0.457323,0.0,0.68993,0.091756,0.267677,0.0,6.0,9258.0,63901.0,,3.11.15,"{""tinyaudit"": ""0.1.0"", ""numpy"": ""1.26.4"", ""pandas"": ""3.0.3"", ""scikit-learn"": ""1.9.0"", ""torch"": ""2.12.0""}"
compas,tree,sex,none,7,0.112558,0.103901,0.693634,0.648736,0.635856,0.344783,0.456788,0.309533,,,,,1431.0,2208033.0,81336.0,,3.11.15,"{""tinyaudit"": ""0.1.0"", ""numpy"": ""1.26.4"", ""pandas"": ""3.0.3"", ""scikit-learn"": ""1.9.0"", ""torch"": ""2.12.0""}"
compas,tree,sex,int8,7,,,,,,,,,,,,,,,,"NotImplementedError: quantize_int8 supports sklearn LogisticRegression and MLPClassifier; got 'DecisionTreeClassifier'. For other sklearn families, wrap the model in ONNX manually.",3.11.15,"{""tinyaudit"": ""0.1.0"", ""numpy"": ""1.26.4"", ""pandas"": ""3.0.3"", ""scikit-learn"": ""1.9.0"", ""torch"": ""2.12.0""}"
compas,tree,sex,prune:0.3,7,,,,,,,,,,,,,,,,"RuntimeError: magnitude_prune supports the sklearn weight-array families LogisticRegression (coef_) and MLPClassifier (coefs_); got 'DecisionTreeClassifier', which has no prunable dense weight matrix.",3.11.15,"{""tinyaudit"": ""0.1.0"", ""numpy"": ""1.26.4"", ""pandas"": ""3.0.3"", ""scikit-learn"": ""1.9.0"", ""torch"": ""2.12.0""}"
compas,tree,sex,prune:0.5,7,,,,,,,,,,,,,,,,"RuntimeError: magnitude_prune supports the sklearn weight-array families LogisticRegression (coef_) and MLPClassifier (coefs_); got 'DecisionTreeClassifier', which has no prunable dense weight matrix.",3.11.15,"{""tinyaudit"": ""0.1.0"", ""numpy"": ""1.26.4"", ""pandas"": ""3.0.3"", ""scikit-learn"": ""1.9.0"", ""torch"": ""2.12.0""}"
compas,tree,sex,prune:0.7,7,,,,,,,,,,,,,,,,"RuntimeError: magnitude_prune supports the sklearn weight-array families LogisticRegression (coef_) and MLPClassifier (coefs_); got 'DecisionTreeClassifier', which has no prunable dense weight matrix.",3.11.15,"{""tinyaudit"": ""0.1.0"", ""numpy"": ""1.26.4"", ""pandas"": ""3.0.3"", ""scikit-learn"": ""1.9.0"", ""torch"": ""2.12.0""}"
compas,tree,sex,prune:0.9,7,,,,,,,,,,,,,,,,"RuntimeError: magnitude_prune supports the sklearn weight-array families LogisticRegression (coef_) and MLPClassifier (coefs_); got 'DecisionTreeClassifier', which has no prunable dense weight matrix.",3.11.15,"{""tinyaudit"": ""0.1.0"", ""numpy"": ""1.26.4"", ""pandas"": ""3.0.3"", ""scikit-learn"": ""1.9.0"", ""torch"": ""2.12.0""}"
compas,tree,race,none,7,0.333333,0.651163,0.333333,0.648736,0.635856,0.344783,0.456788,0.309533,,,,,1431.0,2208033.0,81336.0,,3.11.15,"{""tinyaudit"": ""0.1.0"", ""numpy"": ""1.26.4"", ""pandas"": ""3.0.3"", ""scikit-learn"": ""1.9.0"", ""torch"": ""2.12.0""}"
compas,tree,race,int8,7,,,,,,,,,,,,,,,,"NotImplementedError: quantize_int8 supports sklearn LogisticRegression and MLPClassifier; got 'DecisionTreeClassifier'. For other sklearn families, wrap the model in ONNX manually.",3.11.15,"{""tinyaudit"": ""0.1.0"", ""numpy"": ""1.26.4"", ""pandas"": ""3.0.3"", ""scikit-learn"": ""1.9.0"", ""torch"": ""2.12.0""}"
compas,tree,race,prune:0.3,7,,,,,,,,,,,,,,,,"RuntimeError: magnitude_prune supports the sklearn weight-array families LogisticRegression (coef_) and MLPClassifier (coefs_); got 'DecisionTreeClassifier', which has no prunable dense weight matrix.",3.11.15,"{""tinyaudit"": ""0.1.0"", ""numpy"": ""1.26.4"", ""pandas"": ""3.0.3"", ""scikit-learn"": ""1.9.0"", ""torch"": ""2.12.0""}"
compas,tree,race,prune:0.5,7,,,,,,,,,,,,,,,,"RuntimeError: magnitude_prune supports the sklearn weight-array families LogisticRegression (coef_) and MLPClassifier (coefs_); got 'DecisionTreeClassifier', which has no prunable dense weight matrix.",3.11.15,"{""tinyaudit"": ""0.1.0"", ""numpy"": ""1.26.4"", ""pandas"": ""3.0.3"", ""scikit-learn"": ""1.9.0"", ""torch"": ""2.12.0""}"
compas,tree,race,prune:0.7,7,,,,,,,,,,,,,,,,"RuntimeError: magnitude_prune supports the sklearn weight-array families LogisticRegression (coef_) and MLPClassifier (coefs_); got 'DecisionTreeClassifier', which has no prunable dense weight matrix.",3.11.15,"{""tinyaudit"": ""0.1.0"", ""numpy"": ""1.26.4"", ""pandas"": ""3.0.3"", ""scikit-learn"": ""1.9.0"", ""torch"": ""2.12.0""}"
compas,tree,race,prune:0.9,7,,,,,,,,,,,,,,,,"RuntimeError: magnitude_prune supports the sklearn weight-array families LogisticRegression (coef_) and MLPClassifier (coefs_); got 'DecisionTreeClassifier', which has no prunable dense weight matrix.",3.11.15,"{""tinyaudit"": ""0.1.0"", ""numpy"": ""1.26.4"", ""pandas"": ""3.0.3"", ""scikit-learn"": ""1.9.0"", ""torch"": ""2.12.0""}"
compas,mlp,sex,none,7,0.141237,0.130013,0.68452,0.684381,0.678562,0.419313,0.467196,0.214076,0.606728,0.027153,0.015599,0.188193,1281.0,1976583.0,791164.0,,3.11.15,"{""tinyaudit"": ""0.1.0"", ""numpy"": ""1.26.4"", ""pandas"": ""3.0.3"", ""scikit-learn"": ""1.9.0"", ""torch"": ""2.12.0""}"
compas,mlp,sex,int8,7,0.147006,0.119358,0.686946,0.68827,0.684365,0.440052,0.485516,0.214558,,,,,1281.0,1976583.0,675082.0,,3.11.15,"{""tinyaudit"": ""0.1.0"", ""numpy"": ""1.26.4"", ""pandas"": ""3.0.3"", ""scikit-learn"": ""1.9.0"", ""torch"": ""2.12.0""}"
compas,mlp,sex,prune:0.3,7,0.136834,0.106233,0.641792,0.681789,0.670062,0.354504,0.437667,0.198276,0.611166,0.040155,0.012806,0.151263,1281.0,1976583.0,791164.0,,3.11.15,"{""tinyaudit"": ""0.1.0"", ""numpy"": ""1.26.4"", ""pandas"": ""3.0.3"", ""scikit-learn"": ""1.9.0"", ""torch"": ""2.12.0""}"
compas,mlp,sex,prune:0.5,7,0.129498,0.100562,0.648302,0.673364,0.66045,0.342191,0.430132,0.181411,0.620755,0.034806,0.03269,0.139075,1281.0,1976583.0,791164.0,,3.11.15,"{""tinyaudit"": ""0.1.0"", ""numpy"": ""1.26.4"", ""pandas"": ""3.0.3"", ""scikit-learn"": ""1.9.0"", ""torch"": ""2.12.0""}"
compas,mlp,sex,prune:0.7,7,0.050977,0.042576,0.931531,0.597537,0.619613,0.734284,0.55135,0.092682,0.675825,0.044714,0.025758,0.05064,1281.0,1976583.0,791110.0,,3.11.15,"{""tinyaudit"": ""0.1.0"", ""numpy"": ""1.26.4"", ""pandas"": ""3.0.3"", ""scikit-learn"": ""1.9.0"", ""torch"": ""2.12.0""}"
compas,mlp,sex,prune:0.9,7,0.0,0.0,1.0,0.454958,0.5,1.0,0.5667,0.025886,0.683303,0.167642,0.094737,0.0,1281.0,1976583.0,791164.0,,3.11.15,"{""tinyaudit"": ""0.1.0"", ""numpy"": ""1.26.4"", ""pandas"": ""3.0.3"", ""scikit-learn"": ""1.9.0"", ""torch"": ""2.12.0""}"
compas,mlp,race,none,7,0.357263,0.55814,0.318109,0.684381,0.678562,0.419313,0.467196,0.214076,0.601402,0.125722,0.314678,0.482964,1281.0,1976583.0,791164.0,,3.11.15,"{""tinyaudit"": ""0.1.0"", ""numpy"": ""1.26.4"", ""pandas"": ""3.0.3"", ""scikit-learn"": ""1.9.0"", ""torch"": ""2.12.0""}"
compas,mlp,race,int8,7,0.583333,0.55814,0.222222,0.68827,0.684365,0.440052,0.485516,0.214558,,,,,1281.0,1976583.0,674410.0,,3.11.15,"{""tinyaudit"": ""0.1.0"", ""numpy"": ""1.26.4"", ""pandas"": ""3.0.3"", ""scikit-learn"": ""1.9.0"", ""torch"": ""2.12.0""}"
compas,mlp,race,prune:0.3,7,0.333333,0.627907,0.333333,0.681789,0.670062,0.354504,0.437667,0.198276,0.601008,0.126255,0.309893,0.419383,1281.0,1976583.0,791164.0,,3.11.15,"{""tinyaudit"": ""0.1.0"", ""numpy"": ""1.26.4"", ""pandas"": ""3.0.3"", ""scikit-learn"": ""1.9.0"", ""torch"": ""2.12.0""}"
compas,mlp,race,prune:0.5,7,0.27288,0.674419,0.379179,0.673364,0.66045,0.342191,0.430132,0.181411,0.616879,0.143266,0.3613,0.343862,1281.0,1976583.0,791164.0,,3.11.15,"{""tinyaudit"": ""0.1.0"", ""numpy"": ""1.26.4"", ""pandas"": ""3.0.3"", ""scikit-learn"": ""1.9.0"", ""torch"": ""2.12.0""}"
compas,mlp,race,prune:0.7,7,0.336272,0.348718,0.597892,0.597537,0.619613,0.734284,0.55135,0.092682,0.674005,0.081627,0.137302,0.30044,1281.0,1976583.0,791164.0,,3.11.15,"{""tinyaudit"": ""0.1.0"", ""numpy"": ""1.26.4"", ""pandas"": ""3.0.3"", ""scikit-learn"": ""1.9.0"", ""torch"": ""2.12.0""}"
compas,mlp,race,prune:0.9,7,0.0,0.0,1.0,0.454958,0.5,1.0,0.5667,0.025886,0.682159,0.214628,0.289882,0.0,1281.0,1976583.0,791164.0,,3.11.15,"{""tinyaudit"": ""0.1.0"", ""numpy"": ""1.26.4"", ""pandas"": ""3.0.3"", ""scikit-learn"": ""1.9.0"", ""torch"": ""2.12.0""}"
compas,majority,sex,none,7,0.0,0.0,1.0,0.545042,0.5,0.0,0.0,0.0,,,,,1.0,1543.0,12746.0,,3.11.15,"{""tinyaudit"": ""0.1.0"", ""numpy"": ""1.26.4"", ""pandas"": ""3.0.3"", ""scikit-learn"": ""1.9.0"", ""torch"": ""2.12.0""}"
compas,prevalence,sex,none,7,0.0,0.0,1.0,0.545042,0.5,0.0,0.455174,0.0,,,,,1.0,1543.0,12746.0,,3.11.15,"{""tinyaudit"": ""0.1.0"", ""numpy"": ""1.26.4"", ""pandas"": ""3.0.3"", ""scikit-learn"": ""1.9.0"", ""torch"": ""2.12.0""}"
compas,majority,race,none,7,0.0,0.0,1.0,0.545042,0.5,0.0,0.0,0.0,,,,,1.0,1543.0,12746.0,,3.11.15,"{""tinyaudit"": ""0.1.0"", ""numpy"": ""1.26.4"", ""pandas"": ""3.0.3"", ""scikit-learn"": ""1.9.0"", ""torch"": ""2.12.0""}"
compas,prevalence,race,none,7,0.0,0.0,1.0,0.545042,0.5,0.0,0.455174,0.0,,,,,1.0,1543.0,12746.0,,3.11.15,"{""tinyaudit"": ""0.1.0"", ""numpy"": ""1.26.4"", ""pandas"": ""3.0.3"", ""scikit-learn"": ""1.9.0"", ""torch"": ""2.12.0""}"
adult,logreg,sex,none,8,0.184446,0.11631,0.285753,0.847924,0.760587,0.196626,0.240866,0.287739,0.298018,0.013236,0.000741,0.112449,102.0,1245522.0,344718.0,,3.11.15,"{""tinyaudit"": ""0.1.0"", ""numpy"": ""1.26.4"", ""pandas"": ""3.0.3"", ""scikit-learn"": ""1.9.0"", ""torch"": ""2.12.0""}"
adult,logreg,sex,int8,8,0.184446,0.11631,0.285753,0.847924,0.760587,0.196626,0.240866,0.287739,,,,,102.0,1245522.0,13282288.0,,3.11.15,"{""tinyaudit"": ""0.1.0"", ""numpy"": ""1.26.4"", ""pandas"": ""3.0.3"", ""scikit-learn"": ""1.9.0"", ""torch"": ""2.12.0""}"
adult,logreg,sex,prune:0.3,8,0.185551,0.118577,0.282501,0.84776,0.760362,0.196626,0.240816,0.2877,0.297895,0.012556,0.001704,0.112689,102.0,1245522.0,343486.0,,3.11.15,"{""tinyaudit"": ""0.1.0"", ""numpy"": ""1.26.4"", ""pandas"": ""3.0.3"", ""scikit-learn"": ""1.9.0"", ""torch"": ""2.12.0""}"
adult,logreg,sex,prune:0.5,8,0.178178,0.110113,0.295603,0.847515,0.757737,0.193432,0.238354,0.285725,0.298463,0.014777,0.003996,0.108801,102.0,1245522.0,343486.0,,3.11.15,"{""tinyaudit"": ""0.1.0"", ""numpy"": ""1.26.4"", ""pandas"": ""3.0.3"", ""scikit-learn"": ""1.9.0"", ""torch"": ""2.12.0""}"
adult,logreg,sex,prune:0.7,8,0.180828,0.169276,0.240841,0.845959,0.744399,0.177791,0.231541,0.276175,0.301335,0.013587,0.002084,0.107888,102.0,1245522.0,343486.0,,3.11.15,"{""tinyaudit"": ""0.1.0"", ""numpy"": ""1.26.4"", ""pandas"": ""3.0.3"", ""scikit-learn"": ""1.9.0"", ""torch"": ""2.12.0""}"
adult,logreg,sex,prune:0.9,8,0.133052,0.132364,0.221036,0.822701,0.675629,0.126361,0.215185,0.244298,0.316163,0.028907,0.018055,0.081841,102.0,1245522.0,343486.0,,3.11.15,"{""tinyaudit"": ""0.1.0"", ""numpy"": ""1.26.4"", ""pandas"": ""3.0.3"", ""scikit-learn"": ""1.9.0"", ""torch"": ""2.12.0""}"
adult,logreg,race,none,8,0.156802,0.4125,0.294393,0.847924,0.760587,0.196626,0.240866,0.287739,0.283775,0.03661,0.081562,0.086525,102.0,1245522.0,343486.0,,3.11.15,"{""tinyaudit"": ""0.1.0"", ""numpy"": ""1.26.4"", ""pandas"": ""3.0.3"", ""scikit-learn"": ""1.9.0"", ""torch"": ""2.12.0""}"
adult,logreg,race,int8,8,0.156802,0.4125,0.294393,0.847924,0.760587,0.196626,0.240866,0.287739,,,,,102.0,1245522.0,13278470.0,,3.11.15,"{""tinyaudit"": ""0.1.0"", ""numpy"": ""1.26.4"", ""pandas"": ""3.0.3"", ""scikit-learn"": ""1.9.0"", ""torch"": ""2.12.0""}"
adult,logreg,race,prune:0.3,8,0.142165,0.4125,0.344655,0.84776,0.760362,0.196626,0.240816,0.2877,0.28406,0.039438,0.080963,0.084659,102.0,1245522.0,343486.0,,3.11.15,"{""tinyaudit"": ""0.1.0"", ""numpy"": ""1.26.4"", ""pandas"": ""3.0.3"", ""scikit-learn"": ""1.9.0"", ""torch"": ""2.12.0""}"
adult,logreg,race,prune:0.5,8,0.160683,0.35,0.317547,0.847515,0.757737,0.193432,0.238354,0.285725,0.284508,0.041565,0.069141,0.085066,102.0,1245522.0,343486.0,,3.11.15,"{""tinyaudit"": ""0.1.0"", ""numpy"": ""1.26.4"", ""pandas"": ""3.0.3"", ""scikit-learn"": ""1.9.0"", ""torch"": ""2.12.0""}"
adult,logreg,race,prune:0.7,8,0.173635,0.296875,0.270732,0.845959,0.744399,0.177791,0.231541,0.276175,0.294409,0.040773,0.078161,0.088096,102.0,1245522.0,343486.0,,3.11.15,"{""tinyaudit"": ""0.1.0"", ""numpy"": ""1.26.4"", ""pandas"": ""3.0.3"", ""scikit-learn"": ""1.9.0"", ""torch"": ""2.12.0""}"
adult,logreg,race,prune:0.9,8,0.125402,0.55,0.182726,0.822701,0.675629,0.126361,0.215185,0.244298,0.316503,0.043314,0.060478,0.063694,102.0,1245522.0,343432.0,,3.11.15,"{""tinyaudit"": ""0.1.0"", ""numpy"": ""1.26.4"", ""pandas"": ""3.0.3"", ""scikit-learn"": ""1.9.0"", ""torch"": ""2.12.0""}"
adult,tree,sex,none,8,0.203005,0.112195,0.349552,0.815003,0.749504,0.244288,0.244288,0.429664,,,,,10713.0,130816443.0,5326146.0,,3.11.15,"{""tinyaudit"": ""0.1.0"", ""numpy"": ""1.26.4"", ""pandas"": ""3.0.3"", ""scikit-learn"": ""1.9.0"", ""torch"": ""2.12.0""}"
adult,tree,sex,int8,8,,,,,,,,,,,,,,,,"NotImplementedError: quantize_int8 supports sklearn LogisticRegression and MLPClassifier; got 'DecisionTreeClassifier'. For other sklearn families, wrap the model in ONNX manually.",3.11.15,"{""tinyaudit"": ""0.1.0"", ""numpy"": ""1.26.4"", ""pandas"": ""3.0.3"", ""scikit-learn"": ""1.9.0"", ""torch"": ""2.12.0""}"
adult,tree,sex,prune:0.3,8,,,,,,,,,,,,,,,,"RuntimeError: magnitude_prune supports the sklearn weight-array families LogisticRegression (coef_) and MLPClassifier (coefs_); got 'DecisionTreeClassifier', which has no prunable dense weight matrix.",3.11.15,"{""tinyaudit"": ""0.1.0"", ""numpy"": ""1.26.4"", ""pandas"": ""3.0.3"", ""scikit-learn"": ""1.9.0"", ""torch"": ""2.12.0""}"
adult,tree,sex,prune:0.5,8,,,,,,,,,,,,,,,,"RuntimeError: magnitude_prune supports the sklearn weight-array families LogisticRegression (coef_) and MLPClassifier (coefs_); got 'DecisionTreeClassifier', which has no prunable dense weight matrix.",3.11.15,"{""tinyaudit"": ""0.1.0"", ""numpy"": ""1.26.4"", ""pandas"": ""3.0.3"", ""scikit-learn"": ""1.9.0"", ""torch"": ""2.12.0""}"
adult,tree,sex,prune:0.7,8,,,,,,,,,,,,,,,,"RuntimeError: magnitude_prune supports the sklearn weight-array families LogisticRegression (coef_) and MLPClassifier (coefs_); got 'DecisionTreeClassifier', which has no prunable dense weight matrix.",3.11.15,"{""tinyaudit"": ""0.1.0"", ""numpy"": ""1.26.4"", ""pandas"": ""3.0.3"", ""scikit-learn"": ""1.9.0"", ""torch"": ""2.12.0""}"
adult,tree,sex,prune:0.9,8,,,,,,,,,,,,,,,,"RuntimeError: magnitude_prune supports the sklearn weight-array families LogisticRegression (coef_) and MLPClassifier (coefs_); got 'DecisionTreeClassifier', which has no prunable dense weight matrix.",3.11.15,"{""tinyaudit"": ""0.1.0"", ""numpy"": ""1.26.4"", ""pandas"": ""3.0.3"", ""scikit-learn"": ""1.9.0"", ""torch"": ""2.12.0""}"
adult,tree,race,none,8,0.14069,0.28125,0.457125,0.815003,0.749504,0.244288,0.244288,0.429664,,,,,10713.0,130816443.0,5325042.0,,3.11.15,"{""tinyaudit"": ""0.1.0"", ""numpy"": ""1.26.4"", ""pandas"": ""3.0.3"", ""scikit-learn"": ""1.9.0"", ""torch"": ""2.12.0""}"
adult,tree,race,int8,8,,,,,,,,,,,,,,,,"NotImplementedError: quantize_int8 supports sklearn LogisticRegression and MLPClassifier; got 'DecisionTreeClassifier'. For other sklearn families, wrap the model in ONNX manually.",3.11.15,"{""tinyaudit"": ""0.1.0"", ""numpy"": ""1.26.4"", ""pandas"": ""3.0.3"", ""scikit-learn"": ""1.9.0"", ""torch"": ""2.12.0""}"
adult,tree,race,prune:0.3,8,,,,,,,,,,,,,,,,"RuntimeError: magnitude_prune supports the sklearn weight-array families LogisticRegression (coef_) and MLPClassifier (coefs_); got 'DecisionTreeClassifier', which has no prunable dense weight matrix.",3.11.15,"{""tinyaudit"": ""0.1.0"", ""numpy"": ""1.26.4"", ""pandas"": ""3.0.3"", ""scikit-learn"": ""1.9.0"", ""torch"": ""2.12.0""}"
adult,tree,race,prune:0.5,8,,,,,,,,,,,,,,,,"RuntimeError: magnitude_prune supports the sklearn weight-array families LogisticRegression (coef_) and MLPClassifier (coefs_); got 'DecisionTreeClassifier', which has no prunable dense weight matrix.",3.11.15,"{""tinyaudit"": ""0.1.0"", ""numpy"": ""1.26.4"", ""pandas"": ""3.0.3"", ""scikit-learn"": ""1.9.0"", ""torch"": ""2.12.0""}"
adult,tree,race,prune:0.7,8,,,,,,,,,,,,,,,,"RuntimeError: magnitude_prune supports the sklearn weight-array families LogisticRegression (coef_) and MLPClassifier (coefs_); got 'DecisionTreeClassifier', which has no prunable dense weight matrix.",3.11.15,"{""tinyaudit"": ""0.1.0"", ""numpy"": ""1.26.4"", ""pandas"": ""3.0.3"", ""scikit-learn"": ""1.9.0"", ""torch"": ""2.12.0""}"
adult,tree,race,prune:0.9,8,,,,,,,,,,,,,,,,"RuntimeError: magnitude_prune supports the sklearn weight-array families LogisticRegression (coef_) and MLPClassifier (coefs_); got 'DecisionTreeClassifier', which has no prunable dense weight matrix.",3.11.15,"{""tinyaudit"": ""0.1.0"", ""numpy"": ""1.26.4"", ""pandas"": ""3.0.3"", ""scikit-learn"": ""1.9.0"", ""torch"": ""2.12.0""}"
adult,mlp,sex,none,8,0.186352,0.091681,0.33271,0.834739,0.757081,0.217017,0.239185,0.32963,0.256655,0.02892,0.018785,0.089265,4353.0,53154483.0,6253126.0,,3.11.15,"{""tinyaudit"": ""0.1.0"", ""numpy"": ""1.26.4"", ""pandas"": ""3.0.3"", ""scikit-learn"": ""1.9.0"", ""torch"": ""2.12.0""}"
adult,mlp,sex,int8,8,0.179487,0.089764,0.356726,0.828106,0.749437,0.219065,0.238674,0.329281,,,,,4353.0,53154483.0,13277022.0,,3.11.15,"{""tinyaudit"": ""0.1.0"", ""numpy"": ""1.26.4"", ""pandas"": ""3.0.3"", ""scikit-learn"": ""1.9.0"", ""torch"": ""2.12.0""}"
adult,mlp,sex,prune:0.3,8,0.006405,0.006649,0.348885,0.760052,0.504613,0.007698,0.027515,0.087144,0.091771,0.172762,0.159299,0.000285,4353.0,53154483.0,6253180.0,,3.11.15,"{""tinyaudit"": ""0.1.0"", ""numpy"": ""1.26.4"", ""pandas"": ""3.0.3"", ""scikit-learn"": ""1.9.0"", ""torch"": ""2.12.0""}"
adult,mlp,sex,prune:0.5,8,0.002902,0.027115,0.888156,0.752928,0.507202,0.024977,0.060372,0.143336,0.148485,0.156448,0.168388,0.000817,4353.0,53154483.0,6253126.0,,3.11.15,"{""tinyaudit"": ""0.1.0"", ""numpy"": ""1.26.4"", ""pandas"": ""3.0.3"", ""scikit-learn"": ""1.9.0"", ""torch"": ""2.12.0""}"
adult,mlp,sex,prune:0.7,8,0.031099,0.075314,0.930903,0.476619,0.424698,0.439686,0.512027,0.307861,0.506553,0.313614,0.001064,0.069528,4353.0,53154483.0,6253180.0,,3.11.15,"{""tinyaudit"": ""0.1.0"", ""numpy"": ""1.26.4"", ""pandas"": ""3.0.3"", ""scikit-learn"": ""1.9.0"", ""torch"": ""2.12.0""}"
adult,mlp,sex,prune:0.9,8,0.003834,0.00471,0.641627,0.754893,0.498759,0.009418,0.45447,0.042413,0.685338,0.242866,0.196374,0.017089,4353.0,53154483.0,6253180.0,,3.11.15,"{""tinyaudit"": ""0.1.0"", ""numpy"": ""1.26.4"", ""pandas"": ""3.0.3"", ""scikit-learn"": ""1.9.0"", ""torch"": ""2.12.0""}"
adult,mlp,race,none,8,0.170506,0.320312,0.361869,0.834739,0.757081,0.217017,0.239185,0.32963,0.243478,0.051649,0.05503,0.104606,4353.0,53154483.0,6253180.0,,3.11.15,"{""tinyaudit"": ""0.1.0"", ""numpy"": ""1.26.4"", ""pandas"": ""3.0.3"", ""scikit-learn"": ""1.9.0"", ""torch"": ""2.12.0""}"
adult,mlp,race,int8,8,0.135437,0.398438,0.455371,0.828106,0.749437,0.219065,0.238674,0.329281,,,,,4353.0,53154483.0,13278430.0,,3.11.15,"{""tinyaudit"": ""0.1.0"", ""numpy"": ""1.26.4"", ""pandas"": ""3.0.3"", ""scikit-learn"": ""1.9.0"", ""torch"": ""2.12.0""}"
adult,mlp,race,prune:0.3,8,0.018692,0.133333,0.0,0.760052,0.504613,0.007698,0.027515,0.087144,0.088445,0.154524,0.124615,0.001515,4353.0,53154483.0,6253180.0,,3.11.15,"{""tinyaudit"": ""0.1.0"", ""numpy"": ""1.26.4"", ""pandas"": ""3.0.3"", ""scikit-learn"": ""1.9.0"", ""torch"": ""2.12.0""}"
adult,mlp,race,prune:0.5,8,0.02821,0.037523,0.396296,0.752928,0.507202,0.024977,0.060372,0.143336,0.14341,0.150475,0.140405,0.009286,4353.0,53154483.0,6253180.0,,3.11.15,"{""tinyaudit"": ""0.1.0"", ""numpy"": ""1.26.4"", ""pandas"": ""3.0.3"", ""scikit-learn"": ""1.9.0"", ""torch"": ""2.12.0""}"
adult,mlp,race,prune:0.7,8,0.136854,0.17955,0.76001,0.476619,0.424698,0.439686,0.512027,0.307861,0.457018,0.359518,0.196669,0.13047,4353.0,53154483.0,6253180.0,,3.11.15,"{""tinyaudit"": ""0.1.0"", ""numpy"": ""1.26.4"", ""pandas"": ""3.0.3"", ""scikit-learn"": ""1.9.0"", ""torch"": ""2.12.0""}"
adult,mlp,race,prune:0.9,8,0.010755,0.023438,0.424603,0.754893,0.498759,0.009418,0.45447,0.042413,0.683472,0.266512,0.142317,0.027936,4353.0,53154483.0,6253180.0,,3.11.15,"{""tinyaudit"": ""0.1.0"", ""numpy"": ""1.26.4"", ""pandas"": ""3.0.3"", ""scikit-learn"": ""1.9.0"", ""torch"": ""2.12.0""}"
adult,majority,sex,none,8,0.0,0.0,1.0,0.760708,0.5,0.0,0.0,0.0,,,,,1.0,12211.0,98090.0,,3.11.15,"{""tinyaudit"": ""0.1.0"", ""numpy"": ""1.26.4"", ""pandas"": ""3.0.3"", ""scikit-learn"": ""1.9.0"", ""torch"": ""2.12.0""}"
adult,prevalence,sex,none,8,0.0,0.0,1.0,0.760708,0.5,0.0,0.239278,0.0,,,,,1.0,12211.0,98090.0,,3.11.15,"{""tinyaudit"": ""0.1.0"", ""numpy"": ""1.26.4"", ""pandas"": ""3.0.3"", ""scikit-learn"": ""1.9.0"", ""torch"": ""2.12.0""}"
adult,majority,race,none,8,0.0,0.0,1.0,0.760708,0.5,0.0,0.0,0.0,,,,,1.0,12211.0,98090.0,,3.11.15,"{""tinyaudit"": ""0.1.0"", ""numpy"": ""1.26.4"", ""pandas"": ""3.0.3"", ""scikit-learn"": ""1.9.0"", ""torch"": ""2.12.0""}"
adult,prevalence,race,none,8,0.0,0.0,1.0,0.760708,0.5,0.0,0.239278,0.0,,,,,1.0,12211.0,98090.0,,3.11.15,"{""tinyaudit"": ""0.1.0"", ""numpy"": ""1.26.4"", ""pandas"": ""3.0.3"", ""scikit-learn"": ""1.9.0"", ""torch"": ""2.12.0""}"
compas,logreg,sex,none,8,0.135333,0.120401,0.633254,0.679844,0.667101,0.343487,0.467267,0.195063,0.617053,0.049505,0.038886,0.203174,6.0,9258.0,63955.0,,3.11.15,"{""tinyaudit"": ""0.1.0"", ""numpy"": ""1.26.4"", ""pandas"": ""3.0.3"", ""scikit-learn"": ""1.9.0"", ""torch"": ""2.12.0""}"
compas,logreg,sex,int8,8,0.135333,0.120401,0.633254,0.679844,0.667101,0.343487,0.467267,0.195063,,,,,6.0,9258.0,674858.0,,3.11.15,"{""tinyaudit"": ""0.1.0"", ""numpy"": ""1.26.4"", ""pandas"": ""3.0.3"", ""scikit-learn"": ""1.9.0"", ""torch"": ""2.12.0""}"
compas,logreg,sex,prune:0.3,8,0.140366,0.133361,0.621253,0.680493,0.667813,0.344135,0.467123,0.196427,0.615917,0.044091,0.03294,0.201148,6.0,9258.0,63955.0,,3.11.15,"{""tinyaudit"": ""0.1.0"", ""numpy"": ""1.26.4"", ""pandas"": ""3.0.3"", ""scikit-learn"": ""1.9.0"", ""torch"": ""2.12.0""}"
compas,logreg,sex,prune:0.5,8,0.149394,0.14005,0.602885,0.681789,0.669473,0.348023,0.467435,0.190082,0.620967,0.044382,0.018346,0.194923,6.0,9258.0,63955.0,,3.11.15,"{""tinyaudit"": ""0.1.0"", ""numpy"": ""1.26.4"", ""pandas"": ""3.0.3"", ""scikit-learn"": ""1.9.0"", ""torch"": ""2.12.0""}"
compas,logreg,sex,prune:0.7,8,0.110611,0.114548,0.598596,0.641607,0.620487,0.254699,0.457438,0.175164,0.631566,0.052523,0.038882,0.156098,6.0,9258.0,63955.0,,3.11.15,"{""tinyaudit"": ""0.1.0"", ""numpy"": ""1.26.4"", ""pandas"": ""3.0.3"", ""scikit-learn"": ""1.9.0"", ""torch"": ""2.12.0""}"
compas,logreg,sex,prune:0.9,8,0.0,0.0,1.0,0.545042,0.5,0.0,0.458071,0.0,0.690084,0.060124,0.086751,0.0,6.0,9258.0,63955.0,,3.11.15,"{""tinyaudit"": ""0.1.0"", ""numpy"": ""1.26.4"", ""pandas"": ""3.0.3"", ""scikit-learn"": ""1.9.0"", ""torch"": ""2.12.0""}"
compas,logreg,race,none,8,0.390244,0.5,0.219512,0.679844,0.667101,0.343487,0.467267,0.195063,0.606002,0.097681,0.128368,0.591268,6.0,9258.0,63901.0,,3.11.15,"{""tinyaudit"": ""0.1.0"", ""numpy"": ""1.26.4"", ""pandas"": ""3.0.3"", ""scikit-learn"": ""1.9.0"", ""torch"": ""2.12.0""}"
compas,logreg,race,int8,8,0.390244,0.5,0.219512,0.679844,0.667101,0.343487,0.467267,0.195063,,,,,6.0,9258.0,674602.0,,3.11.15,"{""tinyaudit"": ""0.1.0"", ""numpy"": ""1.26.4"", ""pandas"": ""3.0.3"", ""scikit-learn"": ""1.9.0"", ""torch"": ""2.12.0""}"
compas,logreg,race,prune:0.3,8,0.556911,0.75,0.164634,0.680493,0.667813,0.344135,0.467123,0.196427,0.606461,0.102398,0.119476,0.600798,6.0,9258.0,63901.0,,3.11.15,"{""tinyaudit"": ""0.1.0"", ""numpy"": ""1.26.4"", ""pandas"": ""3.0.3"", ""scikit-learn"": ""1.9.0"", ""torch"": ""2.12.0""}"
compas,logreg,race,prune:0.5,8,0.595238,1.0,0.107143,0.681789,0.669473,0.348023,0.467435,0.190082,0.609906,0.100276,0.126622,0.599281,6.0,9258.0,63955.0,,3.11.15,"{""tinyaudit"": ""0.1.0"", ""numpy"": ""1.26.4"", ""pandas"": ""3.0.3"", ""scikit-learn"": ""1.9.0"", ""torch"": ""2.12.0""}"
compas,logreg,race,prune:0.7,8,0.426829,0.607143,0.146341,0.641607,0.620487,0.254699,0.457438,0.175164,0.617279,0.121154,0.178395,0.459422,6.0,9258.0,63901.0,,3.11.15,"{""tinyaudit"": ""0.1.0"", ""numpy"": ""1.26.4"", ""pandas"": ""3.0.3"", ""scikit-learn"": ""1.9.0"", ""torch"": ""2.12.0""}"
compas,logreg,race,prune:0.9,8,0.0,0.0,1.0,0.545042,0.5,0.0,0.458071,0.0,0.690084,0.133924,0.144892,0.0,6.0,9258.0,63955.0,,3.11.15,"{""tinyaudit"": ""0.1.0"", ""numpy"": ""1.26.4"", ""pandas"": ""3.0.3"", ""scikit-learn"": ""1.9.0"", ""torch"": ""2.12.0""}"
compas,tree,sex,none,8,0.112002,0.1079,0.688385,0.646144,0.632654,0.338302,0.461095,0.304517,,,,,1383.0,2133969.0,81336.0,,3.11.15,"{""tinyaudit"": ""0.1.0"", ""numpy"": ""1.26.4"", ""pandas"": ""3.0.3"", ""scikit-learn"": ""1.9.0"", ""torch"": ""2.12.0""}"
compas,tree,sex,int8,8,,,,,,,,,,,,,,,,"NotImplementedError: quantize_int8 supports sklearn LogisticRegression and MLPClassifier; got 'DecisionTreeClassifier'. For other sklearn families, wrap the model in ONNX manually.",3.11.15,"{""tinyaudit"": ""0.1.0"", ""numpy"": ""1.26.4"", ""pandas"": ""3.0.3"", ""scikit-learn"": ""1.9.0"", ""torch"": ""2.12.0""}"
compas,tree,sex,prune:0.3,8,,,,,,,,,,,,,,,,"RuntimeError: magnitude_prune supports the sklearn weight-array families LogisticRegression (coef_) and MLPClassifier (coefs_); got 'DecisionTreeClassifier', which has no prunable dense weight matrix.",3.11.15,"{""tinyaudit"": ""0.1.0"", ""numpy"": ""1.26.4"", ""pandas"": ""3.0.3"", ""scikit-learn"": ""1.9.0"", ""torch"": ""2.12.0""}"
compas,tree,sex,prune:0.5,8,,,,,,,,,,,,,,,,"RuntimeError: magnitude_prune supports the sklearn weight-array families LogisticRegression (coef_) and MLPClassifier (coefs_); got 'DecisionTreeClassifier', which has no prunable dense weight matrix.",3.11.15,"{""tinyaudit"": ""0.1.0"", ""numpy"": ""1.26.4"", ""pandas"": ""3.0.3"", ""scikit-learn"": ""1.9.0"", ""torch"": ""2.12.0""}"
compas,tree,sex,prune:0.7,8,,,,,,,,,,,,,,,,"RuntimeError: magnitude_prune supports the sklearn weight-array families LogisticRegression (coef_) and MLPClassifier (coefs_); got 'DecisionTreeClassifier', which has no prunable dense weight matrix.",3.11.15,"{""tinyaudit"": ""0.1.0"", ""numpy"": ""1.26.4"", ""pandas"": ""3.0.3"", ""scikit-learn"": ""1.9.0"", ""torch"": ""2.12.0""}"
compas,tree,sex,prune:0.9,8,,,,,,,,,,,,,,,,"RuntimeError: magnitude_prune supports the sklearn weight-array families LogisticRegression (coef_) and MLPClassifier (coefs_); got 'DecisionTreeClassifier', which has no prunable dense weight matrix.",3.11.15,"{""tinyaudit"": ""0.1.0"", ""numpy"": ""1.26.4"", ""pandas"": ""3.0.3"", ""scikit-learn"": ""1.9.0"", ""torch"": ""2.12.0""}"
compas,tree,race,none,8,0.626016,0.603175,0.24878,0.646144,0.632654,0.338302,0.461095,0.304517,,,,,1383.0,2133969.0,81336.0,,3.11.15,"{""tinyaudit"": ""0.1.0"", ""numpy"": ""1.26.4"", ""pandas"": ""3.0.3"", ""scikit-learn"": ""1.9.0"", ""torch"": ""2.12.0""}"
compas,tree,race,int8,8,,,,,,,,,,,,,,,,"NotImplementedError: quantize_int8 supports sklearn LogisticRegression and MLPClassifier; got 'DecisionTreeClassifier'. For other sklearn families, wrap the model in ONNX manually.",3.11.15,"{""tinyaudit"": ""0.1.0"", ""numpy"": ""1.26.4"", ""pandas"": ""3.0.3"", ""scikit-learn"": ""1.9.0"", ""torch"": ""2.12.0""}"
compas,tree,race,prune:0.3,8,,,,,,,,,,,,,,,,"RuntimeError: magnitude_prune supports the sklearn weight-array families LogisticRegression (coef_) and MLPClassifier (coefs_); got 'DecisionTreeClassifier', which has no prunable dense weight matrix.",3.11.15,"{""tinyaudit"": ""0.1.0"", ""numpy"": ""1.26.4"", ""pandas"": ""3.0.3"", ""scikit-learn"": ""1.9.0"", ""torch"": ""2.12.0""}"
compas,tree,race,prune:0.5,8,,,,,,,,,,,,,,,,"RuntimeError: magnitude_prune supports the sklearn weight-array families LogisticRegression (coef_) and MLPClassifier (coefs_); got 'DecisionTreeClassifier', which has no prunable dense weight matrix.",3.11.15,"{""tinyaudit"": ""0.1.0"", ""numpy"": ""1.26.4"", ""pandas"": ""3.0.3"", ""scikit-learn"": ""1.9.0"", ""torch"": ""2.12.0""}"
compas,tree,race,prune:0.7,8,,,,,,,,,,,,,,,,"RuntimeError: magnitude_prune supports the sklearn weight-array families LogisticRegression (coef_) and MLPClassifier (coefs_); got 'DecisionTreeClassifier', which has no prunable dense weight matrix.",3.11.15,"{""tinyaudit"": ""0.1.0"", ""numpy"": ""1.26.4"", ""pandas"": ""3.0.3"", ""scikit-learn"": ""1.9.0"", ""torch"": ""2.12.0""}"
compas,tree,race,prune:0.9,8,,,,,,,,,,,,,,,,"RuntimeError: magnitude_prune supports the sklearn weight-array families LogisticRegression (coef_) and MLPClassifier (coefs_); got 'DecisionTreeClassifier', which has no prunable dense weight matrix.",3.11.15,"{""tinyaudit"": ""0.1.0"", ""numpy"": ""1.26.4"", ""pandas"": ""3.0.3"", ""scikit-learn"": ""1.9.0"", ""torch"": ""2.12.0""}"
compas,mlp,sex,none,8,0.138415,0.107441,0.678487,0.687622,0.680475,0.404407,0.460388,0.214107,0.603236,0.032848,0.044775,0.194479,1281.0,1976583.0,791164.0,,3.11.15,"{""tinyaudit"": ""0.1.0"", ""numpy"": ""1.26.4"", ""pandas"": ""3.0.3"", ""scikit-learn"": ""1.9.0"", ""torch"": ""2.12.0""}"
compas,mlp,sex,int8,8,0.136,0.100304,0.705921,0.681141,0.676884,0.436811,0.47992,0.212931,,,,,1281.0,1976583.0,675082.0,,3.11.15,"{""tinyaudit"": ""0.1.0"", ""numpy"": ""1.26.4"", ""pandas"": ""3.0.3"", ""scikit-learn"": ""1.9.0"", ""torch"": ""2.12.0""}"
compas,mlp,sex,prune:0.3,8,0.130763,0.126672,0.669263,0.683733,0.673494,0.370706,0.44509,0.179356,0.626576,0.055296,0.059096,0.176238,1281.0,1976583.0,791164.0,,3.11.15,"{""tinyaudit"": ""0.1.0"", ""numpy"": ""1.26.4"", ""pandas"": ""3.0.3"", ""scikit-learn"": ""1.9.0"", ""torch"": ""2.12.0""}"
compas,mlp,sex,prune:0.5,8,0.117632,0.11413,0.603033,0.648088,0.628787,0.274141,0.419532,0.134409,0.646384,0.041354,0.056682,0.101636,1281.0,1976583.0,791164.0,,3.11.15,"{""tinyaudit"": ""0.1.0"", ""numpy"": ""1.26.4"", ""pandas"": ""3.0.3"", ""scikit-learn"": ""1.9.0"", ""torch"": ""2.12.0""}"
compas,mlp,sex,prune:0.7,8,0.064603,0.075251,0.271323,0.561892,0.523934,0.076474,0.365231,0.082846,0.642062,0.06757,0.052762,0.007104,1281.0,1976583.0,791164.0,,3.11.15,"{""tinyaudit"": ""0.1.0"", ""numpy"": ""1.26.4"", ""pandas"": ""3.0.3"", ""scikit-learn"": ""1.9.0"", ""torch"": ""2.12.0""}"
compas,mlp,sex,prune:0.9,8,0.000557,0.002926,0.999441,0.452366,0.497033,0.996111,0.569502,0.010033,0.683792,0.154001,0.120505,0.003742,1281.0,1976583.0,791164.0,,3.11.15,"{""tinyaudit"": ""0.1.0"", ""numpy"": ""1.26.4"", ""pandas"": ""3.0.3"", ""scikit-learn"": ""1.9.0"", ""torch"": ""2.12.0""}"
compas,mlp,race,none,8,0.48374,0.566138,0.27439,0.687622,0.680475,0.404407,0.460388,0.214107,0.604274,0.112,0.328841,0.5322,1281.0,1976583.0,791164.0,,3.11.15,"{""tinyaudit"": ""0.1.0"", ""numpy"": ""1.26.4"", ""pandas"": ""3.0.3"", ""scikit-learn"": ""1.9.0"", ""torch"": ""2.12.0""}"
compas,mlp,race,int8,8,0.45935,0.555556,0.310976,0.681141,0.676884,0.436811,0.47992,0.212931,,,,,1281.0,1976583.0,674410.0,,3.11.15,"{""tinyaudit"": ""0.1.0"", ""numpy"": ""1.26.4"", ""pandas"": ""3.0.3"", ""scikit-learn"": ""1.9.0"", ""torch"": ""2.12.0""}"
compas,mlp,race,prune:0.3,8,0.495935,0.75,0.256098,0.683733,0.673494,0.370706,0.44509,0.179356,0.619552,0.093732,0.166811,0.496772,1281.0,1976583.0,791164.0,,3.11.15,"{""tinyaudit"": ""0.1.0"", ""numpy"": ""1.26.4"", ""pandas"": ""3.0.3"", ""scikit-learn"": ""1.9.0"", ""torch"": ""2.12.0""}"
compas,mlp,race,prune:0.5,8,0.428571,0.75,0.142857,0.648088,0.628787,0.274141,0.419532,0.134409,0.643234,0.130361,0.273072,0.415573,1281.0,1976583.0,791164.0,,3.11.15,"{""tinyaudit"": ""0.1.0"", ""numpy"": ""1.26.4"", ""pandas"": ""3.0.3"", ""scikit-learn"": ""1.9.0"", ""torch"": ""2.12.0""}"
compas,mlp,race,prune:0.7,8,0.333333,0.5,0.0,0.561892,0.523934,0.076474,0.365231,0.082846,0.639893,0.130936,0.239776,0.056326,1281.0,1976583.0,791164.0,,3.11.15,"{""tinyaudit"": ""0.1.0"", ""numpy"": ""1.26.4"", ""pandas"": ""3.0.3"", ""scikit-learn"": ""1.9.0"", ""torch"": ""2.12.0""}"
compas,mlp,race,prune:0.9,8,0.007453,0.011628,0.992547,0.452366,0.497033,0.996111,0.569502,0.010033,0.683797,0.182086,0.271915,0.005856,1281.0,1976583.0,791164.0,,3.11.15,"{""tinyaudit"": ""0.1.0"", ""numpy"": ""1.26.4"", ""pandas"": ""3.0.3"", ""scikit-learn"": ""1.9.0"", ""torch"": ""2.12.0""}"
compas,majority,sex,none,8,0.0,0.0,1.0,0.545042,0.5,0.0,0.0,0.0,,,,,1.0,1543.0,12746.0,,3.11.15,"{""tinyaudit"": ""0.1.0"", ""numpy"": ""1.26.4"", ""pandas"": ""3.0.3"", ""scikit-learn"": ""1.9.0"", ""torch"": ""2.12.0""}"
compas,prevalence,sex,none,8,0.0,0.0,1.0,0.545042,0.5,0.0,0.455174,0.0,,,,,1.0,1543.0,12746.0,,3.11.15,"{""tinyaudit"": ""0.1.0"", ""numpy"": ""1.26.4"", ""pandas"": ""3.0.3"", ""scikit-learn"": ""1.9.0"", ""torch"": ""2.12.0""}"
compas,majority,race,none,8,0.0,0.0,1.0,0.545042,0.5,0.0,0.0,0.0,,,,,1.0,1543.0,12746.0,,3.11.15,"{""tinyaudit"": ""0.1.0"", ""numpy"": ""1.26.4"", ""pandas"": ""3.0.3"", ""scikit-learn"": ""1.9.0"", ""torch"": ""2.12.0""}"
compas,prevalence,race,none,8,0.0,0.0,1.0,0.545042,0.5,0.0,0.455174,0.0,,,,,1.0,1543.0,12746.0,,3.11.15,"{""tinyaudit"": ""0.1.0"", ""numpy"": ""1.26.4"", ""pandas"": ""3.0.3"", ""scikit-learn"": ""1.9.0"", ""torch"": ""2.12.0""}"
adult,logreg,sex,none,9,0.168323,0.082575,0.331361,0.85079,0.764348,0.19638,0.240546,0.284188,0.289616,0.013302,2.3e-05,0.090813,102.0,1245522.0,344718.0,,3.11.15,"{""tinyaudit"": ""0.1.0"", ""numpy"": ""1.26.4"", ""pandas"": ""3.0.3"", ""scikit-learn"": ""1.9.0"", ""torch"": ""2.12.0""}"
adult,logreg,sex,int8,9,0.168323,0.082575,0.331361,0.85079,0.764348,0.19638,0.240546,0.284188,,,,,102.0,1245522.0,13282288.0,,3.11.15,"{""tinyaudit"": ""0.1.0"", ""numpy"": ""1.26.4"", ""pandas"": ""3.0.3"", ""scikit-learn"": ""1.9.0"", ""torch"": ""2.12.0""}"
adult,logreg,sex,prune:0.3,9,0.168567,0.081172,0.33104,0.851118,0.764915,0.196544,0.240673,0.284256,0.289588,0.012815,0.001056,0.091001,102.0,1245522.0,343486.0,,3.11.15,"{""tinyaudit"": ""0.1.0"", ""numpy"": ""1.26.4"", ""pandas"": ""3.0.3"", ""scikit-learn"": ""1.9.0"", ""torch"": ""2.12.0""}"
adult,logreg,sex,prune:0.5,9,0.165984,0.071513,0.337115,0.852182,0.765849,0.195807,0.240129,0.284013,0.289336,0.013429,0.00209,0.090105,102.0,1245522.0,343486.0,,3.11.15,"{""tinyaudit"": ""0.1.0"", ""numpy"": ""1.26.4"", ""pandas"": ""3.0.3"", ""scikit-learn"": ""1.9.0"", ""torch"": ""2.12.0""}"
adult,logreg,sex,prune:0.7,9,0.161065,0.068552,0.332357,0.848415,0.75528,0.188273,0.236667,0.277794,0.291591,0.013961,0.003545,0.083771,102.0,1245522.0,343486.0,,3.11.15,"{""tinyaudit"": ""0.1.0"", ""numpy"": ""1.26.4"", ""pandas"": ""3.0.3"", ""scikit-learn"": ""1.9.0"", ""torch"": ""2.12.0""}"
adult,logreg,sex,prune:0.9,9,0.139004,0.152556,0.232385,0.831054,0.693552,0.13537,0.212642,0.248513,0.289737,0.023247,0.01411,0.071823,102.0,1245522.0,343486.0,,3.11.15,"{""tinyaudit"": ""0.1.0"", ""numpy"": ""1.26.4"", ""pandas"": ""3.0.3"", ""scikit-learn"": ""1.9.0"", ""torch"": ""2.12.0""}"
adult,logreg,race,none,9,0.171495,0.160993,0.319065,0.85079,0.764348,0.19638,0.240546,0.284188,0.264568,0.035218,0.042756,0.071938,102.0,1245522.0,343486.0,,3.11.15,"{""tinyaudit"": ""0.1.0"", ""numpy"": ""1.26.4"", ""pandas"": ""3.0.3"", ""scikit-learn"": ""1.9.0"", ""torch"": ""2.12.0""}"
adult,logreg,race,int8,9,0.171495,0.160993,0.319065,0.85079,0.764348,0.19638,0.240546,0.284188,,,,,102.0,1245522.0,13278470.0,,3.11.15,"{""tinyaudit"": ""0.1.0"", ""numpy"": ""1.26.4"", ""pandas"": ""3.0.3"", ""scikit-learn"": ""1.9.0"", ""torch"": ""2.12.0""}"
adult,logreg,race,prune:0.3,9,0.173964,0.160993,0.315967,0.851118,0.764915,0.196544,0.240673,0.284256,0.265434,0.031095,0.042024,0.075548,102.0,1245522.0,343432.0,,3.11.15,"{""tinyaudit"": ""0.1.0"", ""numpy"": ""1.26.4"", ""pandas"": ""3.0.3"", ""scikit-learn"": ""1.9.0"", ""torch"": ""2.12.0""}"
adult,logreg,race,prune:0.5,9,0.159149,0.139716,0.335512,0.852182,0.765849,0.195807,0.240129,0.284013,0.265731,0.033534,0.041544,0.07122,102.0,1245522.0,343486.0,,3.11.15,"{""tinyaudit"": ""0.1.0"", ""numpy"": ""1.26.4"", ""pandas"": ""3.0.3"", ""scikit-learn"": ""1.9.0"", ""torch"": ""2.12.0""}"
adult,logreg,race,prune:0.7,9,0.160097,0.188266,0.358027,0.848415,0.75528,0.188273,0.236667,0.277794,0.27505,0.033273,0.043024,0.069833,102.0,1245522.0,343486.0,,3.11.15,"{""tinyaudit"": ""0.1.0"", ""numpy"": ""1.26.4"", ""pandas"": ""3.0.3"", ""scikit-learn"": ""1.9.0"", ""torch"": ""2.12.0""}"
adult,logreg,race,prune:0.9,9,0.101573,0.180851,0.305322,0.831054,0.693552,0.13537,0.212642,0.248513,0.283173,0.045926,0.032454,0.047372,102.0,1245522.0,343486.0,,3.11.15,"{""tinyaudit"": ""0.1.0"", ""numpy"": ""1.26.4"", ""pandas"": ""3.0.3"", ""scikit-learn"": ""1.9.0"", ""torch"": ""2.12.0""}"
adult,tree,sex,none,9,0.185978,0.098034,0.384208,0.818279,0.75154,0.240848,0.240848,0.427598,,,,,10631.0,129815141.0,5326200.0,,3.11.15,"{""tinyaudit"": ""0.1.0"", ""numpy"": ""1.26.4"", ""pandas"": ""3.0.3"", ""scikit-learn"": ""1.9.0"", ""torch"": ""2.12.0""}"
adult,tree,sex,int8,9,,,,,,,,,,,,,,,,"NotImplementedError: quantize_int8 supports sklearn LogisticRegression and MLPClassifier; got 'DecisionTreeClassifier'. For other sklearn families, wrap the model in ONNX manually.",3.11.15,"{""tinyaudit"": ""0.1.0"", ""numpy"": ""1.26.4"", ""pandas"": ""3.0.3"", ""scikit-learn"": ""1.9.0"", ""torch"": ""2.12.0""}"
adult,tree,sex,prune:0.3,9,,,,,,,,,,,,,,,,"RuntimeError: magnitude_prune supports the sklearn weight-array families LogisticRegression (coef_) and MLPClassifier (coefs_); got 'DecisionTreeClassifier', which has no prunable dense weight matrix.",3.11.15,"{""tinyaudit"": ""0.1.0"", ""numpy"": ""1.26.4"", ""pandas"": ""3.0.3"", ""scikit-learn"": ""1.9.0"", ""torch"": ""2.12.0""}"
adult,tree,sex,prune:0.5,9,,,,,,,,,,,,,,,,"RuntimeError: magnitude_prune supports the sklearn weight-array families LogisticRegression (coef_) and MLPClassifier (coefs_); got 'DecisionTreeClassifier', which has no prunable dense weight matrix.",3.11.15,"{""tinyaudit"": ""0.1.0"", ""numpy"": ""1.26.4"", ""pandas"": ""3.0.3"", ""scikit-learn"": ""1.9.0"", ""torch"": ""2.12.0""}"
adult,tree,sex,prune:0.7,9,,,,,,,,,,,,,,,,"RuntimeError: magnitude_prune supports the sklearn weight-array families LogisticRegression (coef_) and MLPClassifier (coefs_); got 'DecisionTreeClassifier', which has no prunable dense weight matrix.",3.11.15,"{""tinyaudit"": ""0.1.0"", ""numpy"": ""1.26.4"", ""pandas"": ""3.0.3"", ""scikit-learn"": ""1.9.0"", ""torch"": ""2.12.0""}"
adult,tree,sex,prune:0.9,9,,,,,,,,,,,,,,,,"RuntimeError: magnitude_prune supports the sklearn weight-array families LogisticRegression (coef_) and MLPClassifier (coefs_); got 'DecisionTreeClassifier', which has no prunable dense weight matrix.",3.11.15,"{""tinyaudit"": ""0.1.0"", ""numpy"": ""1.26.4"", ""pandas"": ""3.0.3"", ""scikit-learn"": ""1.9.0"", ""torch"": ""2.12.0""}"
adult,tree,race,none,9,0.1278,0.277876,0.511708,0.818279,0.75154,0.240848,0.240848,0.427598,,,,,10631.0,129815141.0,5325096.0,,3.11.15,"{""tinyaudit"": ""0.1.0"", ""numpy"": ""1.26.4"", ""pandas"": ""3.0.3"", ""scikit-learn"": ""1.9.0"", ""torch"": ""2.12.0""}"
adult,tree,race,int8,9,,,,,,,,,,,,,,,,"NotImplementedError: quantize_int8 supports sklearn LogisticRegression and MLPClassifier; got 'DecisionTreeClassifier'. For other sklearn families, wrap the model in ONNX manually.",3.11.15,"{""tinyaudit"": ""0.1.0"", ""numpy"": ""1.26.4"", ""pandas"": ""3.0.3"", ""scikit-learn"": ""1.9.0"", ""torch"": ""2.12.0""}"
adult,tree,race,prune:0.3,9,,,,,,,,,,,,,,,,"RuntimeError: magnitude_prune supports the sklearn weight-array families LogisticRegression (coef_) and MLPClassifier (coefs_); got 'DecisionTreeClassifier', which has no prunable dense weight matrix.",3.11.15,"{""tinyaudit"": ""0.1.0"", ""numpy"": ""1.26.4"", ""pandas"": ""3.0.3"", ""scikit-learn"": ""1.9.0"", ""torch"": ""2.12.0""}"
adult,tree,race,prune:0.5,9,,,,,,,,,,,,,,,,"RuntimeError: magnitude_prune supports the sklearn weight-array families LogisticRegression (coef_) and MLPClassifier (coefs_); got 'DecisionTreeClassifier', which has no prunable dense weight matrix.",3.11.15,"{""tinyaudit"": ""0.1.0"", ""numpy"": ""1.26.4"", ""pandas"": ""3.0.3"", ""scikit-learn"": ""1.9.0"", ""torch"": ""2.12.0""}"
adult,tree,race,prune:0.7,9,,,,,,,,,,,,,,,,"RuntimeError: magnitude_prune supports the sklearn weight-array families LogisticRegression (coef_) and MLPClassifier (coefs_); got 'DecisionTreeClassifier', which has no prunable dense weight matrix.",3.11.15,"{""tinyaudit"": ""0.1.0"", ""numpy"": ""1.26.4"", ""pandas"": ""3.0.3"", ""scikit-learn"": ""1.9.0"", ""torch"": ""2.12.0""}"
adult,tree,race,prune:0.9,9,,,,,,,,,,,,,,,,"RuntimeError: magnitude_prune supports the sklearn weight-array families LogisticRegression (coef_) and MLPClassifier (coefs_); got 'DecisionTreeClassifier', which has no prunable dense weight matrix.",3.11.15,"{""tinyaudit"": ""0.1.0"", ""numpy"": ""1.26.4"", ""pandas"": ""3.0.3"", ""scikit-learn"": ""1.9.0"", ""torch"": ""2.12.0""}"
adult,mlp,sex,none,9,0.158359,0.068627,0.400577,0.833756,0.752213,0.212104,0.238125,0.318763,0.278583,0.027203,0.016398,0.078638,4353.0,53154483.0,6253180.0,,3.11.15,"{""tinyaudit"": ""0.1.0"", ""numpy"": ""1.26.4"", ""pandas"": ""3.0.3"", ""scikit-learn"": ""1.9.0"", ""torch"": ""2.12.0""}"
adult,mlp,sex,int8,9,0.133915,0.057341,0.47264,0.827614,0.742194,0.209893,0.23563,0.318739,,,,,4353.0,53154483.0,13277022.0,,3.11.15,"{""tinyaudit"": ""0.1.0"", ""numpy"": ""1.26.4"", ""pandas"": ""3.0.3"", ""scikit-learn"": ""1.9.0"", ""torch"": ""2.12.0""}"
adult,mlp,sex,prune:0.3,9,0.085655,0.03372,0.883668,0.498076,0.646401,0.708132,0.689297,0.378542,0.311008,0.37281,0.063144,0.095047,4353.0,53154483.0,6253126.0,,3.11.15,"{""tinyaudit"": ""0.1.0"", ""numpy"": ""1.26.4"", ""pandas"": ""3.0.3"", ""scikit-learn"": ""1.9.0"", ""torch"": ""2.12.0""}"
adult,mlp,sex,prune:0.5,9,0.08062,0.089287,0.859401,0.595119,0.664209,0.546884,0.540888,0.405315,0.348451,0.247927,0.03804,0.121357,4353.0,53154483.0,6253180.0,,3.11.15,"{""tinyaudit"": ""0.1.0"", ""numpy"": ""1.26.4"", ""pandas"": ""3.0.3"", ""scikit-learn"": ""1.9.0"", ""torch"": ""2.12.0""}"
adult,mlp,sex,prune:0.7,9,0.045046,0.083888,0.923666,0.494636,0.546557,0.575301,0.583975,0.345327,0.428963,0.292767,0.016482,0.048349,4353.0,53154483.0,6253180.0,,3.11.15,"{""tinyaudit"": ""0.1.0"", ""numpy"": ""1.26.4"", ""pandas"": ""3.0.3"", ""scikit-learn"": ""1.9.0"", ""torch"": ""2.12.0""}"
adult,mlp,sex,prune:0.9,9,0.0,0.0,1.0,0.760708,0.5,0.0,0.317722,0.115144,0.571198,0.104759,0.120623,0.0,4353.0,53154483.0,6253180.0,,3.11.15,"{""tinyaudit"": ""0.1.0"", ""numpy"": ""1.26.4"", ""pandas"": ""3.0.3"", ""scikit-learn"": ""1.9.0"", ""torch"": ""2.12.0""}"
adult,mlp,race,none,9,0.181673,0.245003,0.299261,0.833756,0.752213,0.212104,0.238125,0.318763,0.252997,0.048055,0.091926,0.06868,4353.0,53154483.0,6253180.0,,3.11.15,"{""tinyaudit"": ""0.1.0"", ""numpy"": ""1.26.4"", ""pandas"": ""3.0.3"", ""scikit-learn"": ""1.9.0"", ""torch"": ""2.12.0""}"
adult,mlp,race,int8,9,0.140996,0.321728,0.423197,0.827614,0.742194,0.209893,0.23563,0.318739,,,,,4353.0,53154483.0,13278430.0,,3.11.15,"{""tinyaudit"": ""0.1.0"", ""numpy"": ""1.26.4"", ""pandas"": ""3.0.3"", ""scikit-learn"": ""1.9.0"", ""torch"": ""2.12.0""}"
adult,mlp,race,prune:0.3,9,0.23112,0.215624,0.723067,0.498076,0.646401,0.708132,0.689297,0.378542,0.298489,0.410647,0.092593,0.229856,4353.0,53154483.0,6253180.0,,3.11.15,"{""tinyaudit"": ""0.1.0"", ""numpy"": ""1.26.4"", ""pandas"": ""3.0.3"", ""scikit-learn"": ""1.9.0"", ""torch"": ""2.12.0""}"
adult,mlp,race,prune:0.5,9,0.245509,0.258407,0.637113,0.595119,0.664209,0.546884,0.540888,0.405315,0.324675,0.273537,0.109678,0.315756,4353.0,53154483.0,6253180.0,,3.11.15,"{""tinyaudit"": ""0.1.0"", ""numpy"": ""1.26.4"", ""pandas"": ""3.0.3"", ""scikit-learn"": ""1.9.0"", ""torch"": ""2.12.0""}"
adult,mlp,race,prune:0.7,9,0.064039,0.357386,0.894523,0.494636,0.546557,0.575301,0.583975,0.345327,0.405877,0.309543,0.080723,0.090989,4353.0,53154483.0,6253180.0,,3.11.15,"{""tinyaudit"": ""0.1.0"", ""numpy"": ""1.26.4"", ""pandas"": ""3.0.3"", ""scikit-learn"": ""1.9.0"", ""torch"": ""2.12.0""}"
adult,mlp,race,prune:0.9,9,0.0,0.0,1.0,0.760708,0.5,0.0,0.317722,0.115144,0.563201,0.136758,0.175292,0.0,4353.0,53154483.0,6253180.0,,3.11.15,"{""tinyaudit"": ""0.1.0"", ""numpy"": ""1.26.4"", ""pandas"": ""3.0.3"", ""scikit-learn"": ""1.9.0"", ""torch"": ""2.12.0""}"
adult,majority,sex,none,9,0.0,0.0,1.0,0.760708,0.5,0.0,0.0,0.0,,,,,1.0,12211.0,98090.0,,3.11.15,"{""tinyaudit"": ""0.1.0"", ""numpy"": ""1.26.4"", ""pandas"": ""3.0.3"", ""scikit-learn"": ""1.9.0"", ""torch"": ""2.12.0""}"
adult,prevalence,sex,none,9,0.0,0.0,1.0,0.760708,0.5,0.0,0.239278,0.0,,,,,1.0,12211.0,98090.0,,3.11.15,"{""tinyaudit"": ""0.1.0"", ""numpy"": ""1.26.4"", ""pandas"": ""3.0.3"", ""scikit-learn"": ""1.9.0"", ""torch"": ""2.12.0""}"
adult,majority,race,none,9,0.0,0.0,1.0,0.760708,0.5,0.0,0.0,0.0,,,,,1.0,12211.0,98090.0,,3.11.15,"{""tinyaudit"": ""0.1.0"", ""numpy"": ""1.26.4"", ""pandas"": ""3.0.3"", ""scikit-learn"": ""1.9.0"", ""torch"": ""2.12.0""}"
adult,prevalence,race,none,9,0.0,0.0,1.0,0.760708,0.5,0.0,0.239278,0.0,,,,,1.0,12211.0,98090.0,,3.11.15,"{""tinyaudit"": ""0.1.0"", ""numpy"": ""1.26.4"", ""pandas"": ""3.0.3"", ""scikit-learn"": ""1.9.0"", ""torch"": ""2.12.0""}"
compas,logreg,sex,none,9,0.127807,0.149596,0.650051,0.666883,0.653916,0.342191,0.459363,0.197677,0.600332,0.053115,0.031265,0.158491,6.0,9258.0,63955.0,,3.11.15,"{""tinyaudit"": ""0.1.0"", ""numpy"": ""1.26.4"", ""pandas"": ""3.0.3"", ""scikit-learn"": ""1.9.0"", ""torch"": ""2.12.0""}"
compas,logreg,sex,int8,9,0.127807,0.149596,0.650051,0.666883,0.653916,0.342191,0.459363,0.197677,,,,,6.0,9258.0,674858.0,,3.11.15,"{""tinyaudit"": ""0.1.0"", ""numpy"": ""1.26.4"", ""pandas"": ""3.0.3"", ""scikit-learn"": ""1.9.0"", ""torch"": ""2.12.0""}"
compas,logreg,sex,prune:0.3,9,0.128242,0.15558,0.645793,0.666235,0.652968,0.33895,0.459282,0.197171,0.600488,0.050026,0.026083,0.156138,6.0,9258.0,63955.0,,3.11.15,"{""tinyaudit"": ""0.1.0"", ""numpy"": ""1.26.4"", ""pandas"": ""3.0.3"", ""scikit-learn"": ""1.9.0"", ""torch"": ""2.12.0""}"
compas,logreg,sex,prune:0.5,9,0.123499,0.145496,0.654366,0.662346,0.648694,0.335062,0.459602,0.189809,0.607615,0.045315,0.0416,0.160882,6.0,9258.0,63955.0,,3.11.15,"{""tinyaudit"": ""0.1.0"", ""numpy"": ""1.26.4"", ""pandas"": ""3.0.3"", ""scikit-learn"": ""1.9.0"", ""torch"": ""2.12.0""}"
compas,logreg,sex,prune:0.7,9,0.136037,0.174963,0.501199,0.627349,0.605524,0.248218,0.452279,0.171733,0.620264,0.043737,0.004503,0.154818,6.0,9258.0,63955.0,,3.11.15,"{""tinyaudit"": ""0.1.0"", ""numpy"": ""1.26.4"", ""pandas"": ""3.0.3"", ""scikit-learn"": ""1.9.0"", ""torch"": ""2.12.0""}"
compas,logreg,sex,prune:0.9,9,0.0,0.0,1.0,0.545042,0.5,0.0,0.457628,0.0,0.689903,0.042732,0.064247,0.0,6.0,9258.0,63955.0,,3.11.15,"{""tinyaudit"": ""0.1.0"", ""numpy"": ""1.26.4"", ""pandas"": ""3.0.3"", ""scikit-learn"": ""1.9.0"", ""torch"": ""2.12.0""}"
compas,logreg,race,none,9,1.0,1.0,0.0,0.666883,0.653916,0.342191,0.459363,0.197677,0.57125,0.12438,0.250546,0.888158,6.0,9258.0,63955.0,,3.11.15,"{""tinyaudit"": ""0.1.0"", ""numpy"": ""1.26.4"", ""pandas"": ""3.0.3"", ""scikit-learn"": ""1.9.0"", ""torch"": ""2.12.0""}"
compas,logreg,race,int8,9,1.0,1.0,0.0,0.666883,0.653916,0.342191,0.459363,0.197677,,,,,6.0,9258.0,674602.0,,3.11.15,"{""tinyaudit"": ""0.1.0"", ""numpy"": ""1.26.4"", ""pandas"": ""3.0.3"", ""scikit-learn"": ""1.9.0"", ""torch"": ""2.12.0""}"
compas,logreg,race,prune:0.3,9,1.0,1.0,0.0,0.666235,0.652968,0.33895,0.459282,0.197171,0.573687,0.125508,0.25799,0.888158,6.0,9258.0,63955.0,,3.11.15,"{""tinyaudit"": ""0.1.0"", ""numpy"": ""1.26.4"", ""pandas"": ""3.0.3"", ""scikit-learn"": ""1.9.0"", ""torch"": ""2.12.0""}"
compas,logreg,race,prune:0.5,9,1.0,1.0,0.0,0.662346,0.648694,0.335062,0.459602,0.189809,0.577808,0.124661,0.248532,0.888158,6.0,9258.0,63955.0,,3.11.15,"{""tinyaudit"": ""0.1.0"", ""numpy"": ""1.26.4"", ""pandas"": ""3.0.3"", ""scikit-learn"": ""1.9.0"", ""torch"": ""2.12.0""}"
compas,logreg,race,prune:0.7,9,1.0,1.0,0.0,0.627349,0.605524,0.248218,0.452279,0.171733,0.582814,0.109463,0.306438,0.876316,6.0,9258.0,63955.0,,3.11.15,"{""tinyaudit"": ""0.1.0"", ""numpy"": ""1.26.4"", ""pandas"": ""3.0.3"", ""scikit-learn"": ""1.9.0"", ""torch"": ""2.12.0""}"
compas,logreg,race,prune:0.9,9,0.0,0.0,1.0,0.545042,0.5,0.0,0.457628,0.0,0.689903,0.212055,0.479381,0.0,6.0,9258.0,63955.0,,3.11.15,"{""tinyaudit"": ""0.1.0"", ""numpy"": ""1.26.4"", ""pandas"": ""3.0.3"", ""scikit-learn"": ""1.9.0"", ""torch"": ""2.12.0""}"
compas,tree,sex,none,9,0.075511,0.076918,0.790062,0.640959,0.628133,0.346079,0.45797,0.311115,,,,,1417.0,2186431.0,81336.0,,3.11.15,"{""tinyaudit"": ""0.1.0"", ""numpy"": ""1.26.4"", ""pandas"": ""3.0.3"", ""scikit-learn"": ""1.9.0"", ""torch"": ""2.12.0""}"
compas,tree,sex,int8,9,,,,,,,,,,,,,,,,"NotImplementedError: quantize_int8 supports sklearn LogisticRegression and MLPClassifier; got 'DecisionTreeClassifier'. For other sklearn families, wrap the model in ONNX manually.",3.11.15,"{""tinyaudit"": ""0.1.0"", ""numpy"": ""1.26.4"", ""pandas"": ""3.0.3"", ""scikit-learn"": ""1.9.0"", ""torch"": ""2.12.0""}"
compas,tree,sex,prune:0.3,9,,,,,,,,,,,,,,,,"RuntimeError: magnitude_prune supports the sklearn weight-array families LogisticRegression (coef_) and MLPClassifier (coefs_); got 'DecisionTreeClassifier', which has no prunable dense weight matrix.",3.11.15,"{""tinyaudit"": ""0.1.0"", ""numpy"": ""1.26.4"", ""pandas"": ""3.0.3"", ""scikit-learn"": ""1.9.0"", ""torch"": ""2.12.0""}"
compas,tree,sex,prune:0.5,9,,,,,,,,,,,,,,,,"RuntimeError: magnitude_prune supports the sklearn weight-array families LogisticRegression (coef_) and MLPClassifier (coefs_); got 'DecisionTreeClassifier', which has no prunable dense weight matrix.",3.11.15,"{""tinyaudit"": ""0.1.0"", ""numpy"": ""1.26.4"", ""pandas"": ""3.0.3"", ""scikit-learn"": ""1.9.0"", ""torch"": ""2.12.0""}"
compas,tree,sex,prune:0.7,9,,,,,,,,,,,,,,,,"RuntimeError: magnitude_prune supports the sklearn weight-array families LogisticRegression (coef_) and MLPClassifier (coefs_); got 'DecisionTreeClassifier', which has no prunable dense weight matrix.",3.11.15,"{""tinyaudit"": ""0.1.0"", ""numpy"": ""1.26.4"", ""pandas"": ""3.0.3"", ""scikit-learn"": ""1.9.0"", ""torch"": ""2.12.0""}"
compas,tree,sex,prune:0.9,9,,,,,,,,,,,,,,,,"RuntimeError: magnitude_prune supports the sklearn weight-array families LogisticRegression (coef_) and MLPClassifier (coefs_); got 'DecisionTreeClassifier', which has no prunable dense weight matrix.",3.11.15,"{""tinyaudit"": ""0.1.0"", ""numpy"": ""1.26.4"", ""pandas"": ""3.0.3"", ""scikit-learn"": ""1.9.0"", ""torch"": ""2.12.0""}"
compas,tree,race,none,9,1.0,1.0,0.0,0.640959,0.628133,0.346079,0.45797,0.311115,,,,,1417.0,2186431.0,81336.0,,3.11.15,"{""tinyaudit"": ""0.1.0"", ""numpy"": ""1.26.4"", ""pandas"": ""3.0.3"", ""scikit-learn"": ""1.9.0"", ""torch"": ""2.12.0""}"
compas,tree,race,int8,9,,,,,,,,,,,,,,,,"NotImplementedError: quantize_int8 supports sklearn LogisticRegression and MLPClassifier; got 'DecisionTreeClassifier'. For other sklearn families, wrap the model in ONNX manually.",3.11.15,"{""tinyaudit"": ""0.1.0"", ""numpy"": ""1.26.4"", ""pandas"": ""3.0.3"", ""scikit-learn"": ""1.9.0"", ""torch"": ""2.12.0""}"
compas,tree,race,prune:0.3,9,,,,,,,,,,,,,,,,"RuntimeError: magnitude_prune supports the sklearn weight-array families LogisticRegression (coef_) and MLPClassifier (coefs_); got 'DecisionTreeClassifier', which has no prunable dense weight matrix.",3.11.15,"{""tinyaudit"": ""0.1.0"", ""numpy"": ""1.26.4"", ""pandas"": ""3.0.3"", ""scikit-learn"": ""1.9.0"", ""torch"": ""2.12.0""}"
compas,tree,race,prune:0.5,9,,,,,,,,,,,,,,,,"RuntimeError: magnitude_prune supports the sklearn weight-array families LogisticRegression (coef_) and MLPClassifier (coefs_); got 'DecisionTreeClassifier', which has no prunable dense weight matrix.",3.11.15,"{""tinyaudit"": ""0.1.0"", ""numpy"": ""1.26.4"", ""pandas"": ""3.0.3"", ""scikit-learn"": ""1.9.0"", ""torch"": ""2.12.0""}"
compas,tree,race,prune:0.7,9,,,,,,,,,,,,,,,,"RuntimeError: magnitude_prune supports the sklearn weight-array families LogisticRegression (coef_) and MLPClassifier (coefs_); got 'DecisionTreeClassifier', which has no prunable dense weight matrix.",3.11.15,"{""tinyaudit"": ""0.1.0"", ""numpy"": ""1.26.4"", ""pandas"": ""3.0.3"", ""scikit-learn"": ""1.9.0"", ""torch"": ""2.12.0""}"
compas,tree,race,prune:0.9,9,,,,,,,,,,,,,,,,"RuntimeError: magnitude_prune supports the sklearn weight-array families LogisticRegression (coef_) and MLPClassifier (coefs_); got 'DecisionTreeClassifier', which has no prunable dense weight matrix.",3.11.15,"{""tinyaudit"": ""0.1.0"", ""numpy"": ""1.26.4"", ""pandas"": ""3.0.3"", ""scikit-learn"": ""1.9.0"", ""torch"": ""2.12.0""}"
compas,mlp,sex,none,9,0.121478,0.136072,0.718038,0.666235,0.659325,0.408944,0.44802,0.217731,0.58632,0.040667,0.046921,0.134008,1281.0,1976583.0,791164.0,,3.11.15,"{""tinyaudit"": ""0.1.0"", ""numpy"": ""1.26.4"", ""pandas"": ""3.0.3"", ""scikit-learn"": ""1.9.0"", ""torch"": ""2.12.0""}"
compas,mlp,sex,int8,9,0.124284,0.136072,0.710994,0.667531,0.660514,0.407647,0.447495,0.216157,,,,,1281.0,1976583.0,675082.0,,3.11.15,"{""tinyaudit"": ""0.1.0"", ""numpy"": ""1.26.4"", ""pandas"": ""3.0.3"", ""scikit-learn"": ""1.9.0"", ""torch"": ""2.12.0""}"
compas,mlp,sex,prune:0.3,9,0.148827,0.193953,0.694373,0.668179,0.665935,0.460143,0.481787,0.201315,0.608953,0.028023,0.024099,0.149535,1281.0,1976583.0,791164.0,,3.11.15,"{""tinyaudit"": ""0.1.0"", ""numpy"": ""1.26.4"", ""pandas"": ""3.0.3"", ""scikit-learn"": ""1.9.0"", ""torch"": ""2.12.0""}"
compas,mlp,sex,prune:0.5,9,0.146535,0.193214,0.693101,0.668179,0.665111,0.451069,0.49745,0.158106,0.644521,0.036797,0.013126,0.169534,1281.0,1976583.0,791164.0,,3.11.15,"{""tinyaudit"": ""0.1.0"", ""numpy"": ""1.26.4"", ""pandas"": ""3.0.3"", ""scikit-learn"": ""1.9.0"", ""torch"": ""2.12.0""}"
compas,mlp,sex,prune:0.7,9,0.107317,0.149234,0.806064,0.644848,0.649123,0.534025,0.514671,0.065874,0.684501,0.109996,0.011186,0.131234,1281.0,1976583.0,791164.0,,3.11.15,"{""tinyaudit"": ""0.1.0"", ""numpy"": ""1.26.4"", ""pandas"": ""3.0.3"", ""scikit-learn"": ""1.9.0"", ""torch"": ""2.12.0""}"
compas,mlp,sex,prune:0.9,9,0.0,0.0,1.0,0.454958,0.5,1.0,0.587684,0.004997,0.678067,0.161963,0.079375,0.0,1281.0,1976583.0,791164.0,,3.11.15,"{""tinyaudit"": ""0.1.0"", ""numpy"": ""1.26.4"", ""pandas"": ""3.0.3"", ""scikit-learn"": ""1.9.0"", ""torch"": ""2.12.0""}"
compas,mlp,race,none,9,0.666667,0.688119,0.0,0.666235,0.659325,0.408944,0.44802,0.217731,0.594241,0.098868,0.211893,0.590459,1281.0,1976583.0,791164.0,,3.11.15,"{""tinyaudit"": ""0.1.0"", ""numpy"": ""1.26.4"", ""pandas"": ""3.0.3"", ""scikit-learn"": ""1.9.0"", ""torch"": ""2.12.0""}"
compas,mlp,race,int8,9,0.666667,0.688119,0.0,0.667531,0.660514,0.407647,0.447495,0.216157,,,,,1281.0,1976583.0,674410.0,,3.11.15,"{""tinyaudit"": ""0.1.0"", ""numpy"": ""1.26.4"", ""pandas"": ""3.0.3"", ""scikit-learn"": ""1.9.0"", ""torch"": ""2.12.0""}"
compas,mlp,race,prune:0.3,9,1.0,1.0,0.0,0.668179,0.665935,0.460143,0.481787,0.201315,0.613792,0.14375,0.355479,0.751488,1281.0,1976583.0,791164.0,,3.11.15,"{""tinyaudit"": ""0.1.0"", ""numpy"": ""1.26.4"", ""pandas"": ""3.0.3"", ""scikit-learn"": ""1.9.0"", ""torch"": ""2.12.0""}"
compas,mlp,race,prune:0.5,9,1.0,1.0,0.0,0.668179,0.665111,0.451069,0.49745,0.158106,0.64186,0.154869,0.329029,0.851645,1281.0,1976583.0,791164.0,,3.11.15,"{""tinyaudit"": ""0.1.0"", ""numpy"": ""1.26.4"", ""pandas"": ""3.0.3"", ""scikit-learn"": ""1.9.0"", ""torch"": ""2.12.0""}"
compas,mlp,race,prune:0.7,9,1.0,1.0,0.0,0.644848,0.649123,0.534025,0.514671,0.065874,0.680564,0.234279,0.364107,0.774562,1281.0,1976583.0,791164.0,,3.11.15,"{""tinyaudit"": ""0.1.0"", ""numpy"": ""1.26.4"", ""pandas"": ""3.0.3"", ""scikit-learn"": ""1.9.0"", ""torch"": ""2.12.0""}"
compas,mlp,race,prune:0.9,9,0.0,1.0,1.0,0.454958,0.5,1.0,0.587684,0.004997,0.678261,0.278541,0.509691,0.0,1281.0,1976583.0,791164.0,,3.11.15,"{""tinyaudit"": ""0.1.0"", ""numpy"": ""1.26.4"", ""pandas"": ""3.0.3"", ""scikit-learn"": ""1.9.0"", ""torch"": ""2.12.0""}"
compas,majority,sex,none,9,0.0,0.0,1.0,0.545042,0.5,0.0,0.0,0.0,,,,,1.0,1543.0,12746.0,,3.11.15,"{""tinyaudit"": ""0.1.0"", ""numpy"": ""1.26.4"", ""pandas"": ""3.0.3"", ""scikit-learn"": ""1.9.0"", ""torch"": ""2.12.0""}"
compas,prevalence,sex,none,9,0.0,0.0,1.0,0.545042,0.5,0.0,0.455174,0.0,,,,,1.0,1543.0,12746.0,,3.11.15,"{""tinyaudit"": ""0.1.0"", ""numpy"": ""1.26.4"", ""pandas"": ""3.0.3"", ""scikit-learn"": ""1.9.0"", ""torch"": ""2.12.0""}"
compas,majority,race,none,9,0.0,0.0,1.0,0.545042,0.5,0.0,0.0,0.0,,,,,1.0,1543.0,12746.0,,3.11.15,"{""tinyaudit"": ""0.1.0"", ""numpy"": ""1.26.4"", ""pandas"": ""3.0.3"", ""scikit-learn"": ""1.9.0"", ""torch"": ""2.12.0""}"
compas,prevalence,race,none,9,0.0,0.0,1.0,0.545042,0.5,0.0,0.455174,0.0,,,,,1.0,1543.0,12746.0,,3.11.15,"{""tinyaudit"": ""0.1.0"", ""numpy"": ""1.26.4"", ""pandas"": ""3.0.3"", ""scikit-learn"": ""1.9.0"", ""torch"": ""2.12.0""}"
