dataset,model,sensitive,mechanism,level,seed,demographic_parity_difference,equalized_odds_difference,disparate_impact_ratio,accuracy,balanced_accuracy,positive_prediction_rate,mean_predicted_prob,std_predicted_prob,mean_group_predictive_entropy,mean_ece_per_group,ece_disparity,selective_fairness_auc,n_params,n_train_effective,label_flip_fraction,skip_reason,python,versions
adult,logreg,sex,prune,0.0,0,0.177187,0.093685,0.301623,0.853902,0.767449,0.194742,0.238785,0.28496,0.288715,0.008712,0.003306,0.095508,102,36631,0.0,,3.11.15,"{""tinyaudit"": ""0.1.0"", ""numpy"": ""1.26.4"", ""pandas"": ""3.0.3"", ""scikit-learn"": ""1.9.0"", ""torch"": ""2.12.0""}"
adult,logreg,sex,prune,0.0,1,0.190734,0.124504,0.2892,0.856523,0.778202,0.204733,0.242087,0.288425,0.295485,0.00928,0.007379,0.106242,102,36631,0.0,,3.11.15,"{""tinyaudit"": ""0.1.0"", ""numpy"": ""1.26.4"", ""pandas"": ""3.0.3"", ""scikit-learn"": ""1.9.0"", ""torch"": ""2.12.0""}"
adult,logreg,sex,prune,0.0,2,0.165255,0.072526,0.332011,0.848252,0.758926,0.193678,0.238568,0.284144,0.296264,0.013711,0.000267,0.099078,102,36631,0.0,,3.11.15,"{""tinyaudit"": ""0.1.0"", ""numpy"": ""1.26.4"", ""pandas"": ""3.0.3"", ""scikit-learn"": ""1.9.0"", ""torch"": ""2.12.0""}"
adult,logreg,sex,prune,0.0,3,0.164557,0.068316,0.340152,0.849644,0.761483,0.194579,0.238038,0.283732,0.299351,0.01055,0.002651,0.100083,102,36631,0.0,,3.11.15,"{""tinyaudit"": ""0.1.0"", ""numpy"": ""1.26.4"", ""pandas"": ""3.0.3"", ""scikit-learn"": ""1.9.0"", ""torch"": ""2.12.0""}"
adult,logreg,sex,prune,0.0,4,0.17375,0.115883,0.309714,0.853575,0.766881,0.194579,0.237738,0.284909,0.306853,0.00964,0.011176,0.119059,102,36631,0.0,,3.11.15,"{""tinyaudit"": ""0.1.0"", ""numpy"": ""1.26.4"", ""pandas"": ""3.0.3"", ""scikit-learn"": ""1.9.0"", ""torch"": ""2.12.0""}"
adult,logreg,sex,prune,0.3,0,0.177803,0.095917,0.298858,0.854066,0.767439,0.194415,0.238727,0.284985,0.288795,0.009693,0.003783,0.094994,102,36631,0.0,,3.11.15,"{""tinyaudit"": ""0.1.0"", ""numpy"": ""1.26.4"", ""pandas"": ""3.0.3"", ""scikit-learn"": ""1.9.0"", ""torch"": ""2.12.0""}"
adult,logreg,sex,prune,0.3,1,0.185206,0.114561,0.296598,0.856768,0.776253,0.20154,0.240754,0.286866,0.296223,0.009856,0.007521,0.104048,102,36631,0.0,,3.11.15,"{""tinyaudit"": ""0.1.0"", ""numpy"": ""1.26.4"", ""pandas"": ""3.0.3"", ""scikit-learn"": ""1.9.0"", ""torch"": ""2.12.0""}"
adult,logreg,sex,prune,0.3,2,0.163211,0.070025,0.333407,0.849152,0.758814,0.191794,0.23852,0.284004,0.296315,0.012851,0.001227,0.098996,102,36631,0.0,,3.11.15,"{""tinyaudit"": ""0.1.0"", ""numpy"": ""1.26.4"", ""pandas"": ""3.0.3"", ""scikit-learn"": ""1.9.0"", ""torch"": ""2.12.0""}"
adult,logreg,sex,prune,0.3,3,0.161979,0.065774,0.343051,0.850463,0.7612,0.192613,0.237603,0.283291,0.299582,0.010854,0.001776,0.099908,102,36631,0.0,,3.11.15,"{""tinyaudit"": ""0.1.0"", ""numpy"": ""1.26.4"", ""pandas"": ""3.0.3"", ""scikit-learn"": ""1.9.0"", ""torch"": ""2.12.0""}"
adult,logreg,sex,prune,0.3,4,0.172907,0.116532,0.309385,0.85382,0.766456,0.193514,0.237512,0.284628,0.306803,0.009063,0.01042,0.119022,102,36631,0.0,,3.11.15,"{""tinyaudit"": ""0.1.0"", ""numpy"": ""1.26.4"", ""pandas"": ""3.0.3"", ""scikit-learn"": ""1.9.0"", ""torch"": ""2.12.0""}"
adult,logreg,sex,prune,0.5,0,0.170928,0.08358,0.308565,0.85423,0.764732,0.19032,0.236848,0.28324,0.289319,0.010737,0.001619,0.093034,102,36631,0.0,,3.11.15,"{""tinyaudit"": ""0.1.0"", ""numpy"": ""1.26.4"", ""pandas"": ""3.0.3"", ""scikit-learn"": ""1.9.0"", ""torch"": ""2.12.0""}"
adult,logreg,sex,prune,0.5,1,0.182871,0.112853,0.298591,0.856768,0.774962,0.199738,0.240195,0.286413,0.295914,0.008264,0.005679,0.103457,102,36631,0.0,,3.11.15,"{""tinyaudit"": ""0.1.0"", ""numpy"": ""1.26.4"", ""pandas"": ""3.0.3"", ""scikit-learn"": ""1.9.0"", ""torch"": ""2.12.0""}"
adult,logreg,sex,prune,0.5,2,0.157854,0.065808,0.34225,0.849152,0.756586,0.188682,0.236835,0.282771,0.296829,0.0145,0.002158,0.096906,102,36631,0.0,,3.11.15,"{""tinyaudit"": ""0.1.0"", ""numpy"": ""1.26.4"", ""pandas"": ""3.0.3"", ""scikit-learn"": ""1.9.0"", ""torch"": ""2.12.0""}"
adult,logreg,sex,prune,0.5,3,0.160261,0.063686,0.342818,0.851118,0.760575,0.190484,0.235839,0.282044,0.299672,0.012567,0.004649,0.098066,102,36631,0.0,,3.11.15,"{""tinyaudit"": ""0.1.0"", ""numpy"": ""1.26.4"", ""pandas"": ""3.0.3"", ""scikit-learn"": ""1.9.0"", ""torch"": ""2.12.0""}"
adult,logreg,sex,prune,0.5,4,0.168148,0.104346,0.315379,0.85423,0.764732,0.19032,0.235925,0.283454,0.3074,0.009584,0.010322,0.11647,102,36631,0.0,,3.11.15,"{""tinyaudit"": ""0.1.0"", ""numpy"": ""1.26.4"", ""pandas"": ""3.0.3"", ""scikit-learn"": ""1.9.0"", ""torch"": ""2.12.0""}"
adult,logreg,sex,prune,0.7,0,0.162595,0.088189,0.302811,0.848088,0.748262,0.179101,0.231022,0.273278,0.293877,0.010131,0.005787,0.083013,102,36631,0.0,,3.11.15,"{""tinyaudit"": ""0.1.0"", ""numpy"": ""1.26.4"", ""pandas"": ""3.0.3"", ""scikit-learn"": ""1.9.0"", ""torch"": ""2.12.0""}"
adult,logreg,sex,prune,0.7,1,0.165423,0.08573,0.314471,0.852674,0.759604,0.186144,0.235084,0.278872,0.299426,0.00918,0.003878,0.095016,102,36631,0.0,,3.11.15,"{""tinyaudit"": ""0.1.0"", ""numpy"": ""1.26.4"", ""pandas"": ""3.0.3"", ""scikit-learn"": ""1.9.0"", ""torch"": ""2.12.0""}"
adult,logreg,sex,prune,0.7,2,0.139785,0.056439,0.3694,0.844239,0.740923,0.176235,0.230385,0.272409,0.302897,0.015507,0.000128,0.084441,102,36631,0.0,,3.11.15,"{""tinyaudit"": ""0.1.0"", ""numpy"": ""1.26.4"", ""pandas"": ""3.0.3"", ""scikit-learn"": ""1.9.0"", ""torch"": ""2.12.0""}"
adult,logreg,sex,prune,0.7,3,0.133986,0.052186,0.378597,0.843584,0.73627,0.170993,0.226555,0.270355,0.304844,0.017422,0.000939,0.084056,102,36631,0.0,,3.11.15,"{""tinyaudit"": ""0.1.0"", ""numpy"": ""1.26.4"", ""pandas"": ""3.0.3"", ""scikit-learn"": ""1.9.0"", ""torch"": ""2.12.0""}"
adult,logreg,sex,prune,0.7,4,0.146877,0.079233,0.333442,0.850381,0.746368,0.172058,0.226906,0.272173,0.313244,0.010474,0.010955,0.103081,102,36631,0.0,,3.11.15,"{""tinyaudit"": ""0.1.0"", ""numpy"": ""1.26.4"", ""pandas"": ""3.0.3"", ""scikit-learn"": ""1.9.0"", ""torch"": ""2.12.0""}"
adult,logreg,sex,prune,0.9,0,0.140342,0.167524,0.192539,0.823274,0.676944,0.127099,0.216908,0.247791,0.300708,0.02648,0.010641,0.070312,102,36631,0.0,,3.11.15,"{""tinyaudit"": ""0.1.0"", ""numpy"": ""1.26.4"", ""pandas"": ""3.0.3"", ""scikit-learn"": ""1.9.0"", ""torch"": ""2.12.0""}"
adult,logreg,sex,prune,0.9,1,0.139599,0.156472,0.217497,0.826386,0.684619,0.131848,0.217904,0.250281,0.306619,0.022225,0.020324,0.080142,102,36631,0.0,,3.11.15,"{""tinyaudit"": ""0.1.0"", ""numpy"": ""1.26.4"", ""pandas"": ""3.0.3"", ""scikit-learn"": ""1.9.0"", ""torch"": ""2.12.0""}"
adult,logreg,sex,prune,0.9,2,0.108288,0.070221,0.258712,0.819835,0.660609,0.110884,0.204265,0.2373,0.308579,0.026987,0.022099,0.072512,102,36631,0.0,,3.11.15,"{""tinyaudit"": ""0.1.0"", ""numpy"": ""1.26.4"", ""pandas"": ""3.0.3"", ""scikit-learn"": ""1.9.0"", ""torch"": ""2.12.0""}"
adult,logreg,sex,prune,0.9,3,0.123973,0.130499,0.228109,0.821391,0.668786,0.119319,0.209772,0.239674,0.314373,0.025164,0.013071,0.078005,102,36631,0.0,,3.11.15,"{""tinyaudit"": ""0.1.0"", ""numpy"": ""1.26.4"", ""pandas"": ""3.0.3"", ""scikit-learn"": ""1.9.0"", ""torch"": ""2.12.0""}"
adult,logreg,sex,prune,0.9,4,0.128508,0.153125,0.212227,0.82655,0.676986,0.120875,0.211758,0.242514,0.323661,0.021262,0.011446,0.093971,102,36631,0.0,,3.11.15,"{""tinyaudit"": ""0.1.0"", ""numpy"": ""1.26.4"", ""pandas"": ""3.0.3"", ""scikit-learn"": ""1.9.0"", ""torch"": ""2.12.0""}"
adult,logreg,sex,prune,0.95,0,0.065612,0.039011,0.268753,0.803702,0.607664,0.06789,0.18017,0.208856,0.299238,0.048835,0.046971,0.045057,102,36631,0.0,,3.11.15,"{""tinyaudit"": ""0.1.0"", ""numpy"": ""1.26.4"", ""pandas"": ""3.0.3"", ""scikit-learn"": ""1.9.0"", ""torch"": ""2.12.0""}"
adult,logreg,sex,prune,0.95,1,0.064028,0.028584,0.285147,0.796986,0.598676,0.068217,0.186973,0.211673,0.315992,0.04589,0.048339,0.052464,102,36631,0.0,,3.11.15,"{""tinyaudit"": ""0.1.0"", ""numpy"": ""1.26.4"", ""pandas"": ""3.0.3"", ""scikit-learn"": ""1.9.0"", ""torch"": ""2.12.0""}"
adult,logreg,sex,prune,0.95,2,0.035881,0.041392,0.431293,0.800344,0.591265,0.051429,0.168411,0.194258,0.314959,0.05698,0.055857,0.040822,102,36631,0.0,,3.11.15,"{""tinyaudit"": ""0.1.0"", ""numpy"": ""1.26.4"", ""pandas"": ""3.0.3"", ""scikit-learn"": ""1.9.0"", ""torch"": ""2.12.0""}"
adult,logreg,sex,prune,0.95,3,0.049574,0.014318,0.355069,0.80059,0.597994,0.060355,0.17342,0.201147,0.312982,0.054983,0.046451,0.054764,102,36631,0.0,,3.11.15,"{""tinyaudit"": ""0.1.0"", ""numpy"": ""1.26.4"", ""pandas"": ""3.0.3"", ""scikit-learn"": ""1.9.0"", ""torch"": ""2.12.0""}"
adult,logreg,sex,prune,0.95,4,0.059473,0.047073,0.26479,0.804029,0.603422,0.061338,0.175132,0.204179,0.324913,0.045208,0.030244,0.069709,102,36631,0.0,,3.11.15,"{""tinyaudit"": ""0.1.0"", ""numpy"": ""1.26.4"", ""pandas"": ""3.0.3"", ""scikit-learn"": ""1.9.0"", ""torch"": ""2.12.0""}"
adult,logreg,sex,label_noise,0.0,0,0.177187,0.093685,0.301623,0.853902,0.767449,0.194742,0.238785,0.28496,0.288715,0.008712,0.003306,0.095508,102,36631,0.0,,3.11.15,"{""tinyaudit"": ""0.1.0"", ""numpy"": ""1.26.4"", ""pandas"": ""3.0.3"", ""scikit-learn"": ""1.9.0"", ""torch"": ""2.12.0""}"
adult,logreg,sex,label_noise,0.0,1,0.190734,0.124504,0.2892,0.856523,0.778202,0.204733,0.242087,0.288425,0.295485,0.00928,0.007379,0.106242,102,36631,0.0,,3.11.15,"{""tinyaudit"": ""0.1.0"", ""numpy"": ""1.26.4"", ""pandas"": ""3.0.3"", ""scikit-learn"": ""1.9.0"", ""torch"": ""2.12.0""}"
adult,logreg,sex,label_noise,0.0,2,0.165255,0.072526,0.332011,0.848252,0.758926,0.193678,0.238568,0.284144,0.296264,0.013711,0.000267,0.099078,102,36631,0.0,,3.11.15,"{""tinyaudit"": ""0.1.0"", ""numpy"": ""1.26.4"", ""pandas"": ""3.0.3"", ""scikit-learn"": ""1.9.0"", ""torch"": ""2.12.0""}"
adult,logreg,sex,label_noise,0.0,3,0.164557,0.068316,0.340152,0.849644,0.761483,0.194579,0.238038,0.283732,0.299351,0.01055,0.002651,0.100083,102,36631,0.0,,3.11.15,"{""tinyaudit"": ""0.1.0"", ""numpy"": ""1.26.4"", ""pandas"": ""3.0.3"", ""scikit-learn"": ""1.9.0"", ""torch"": ""2.12.0""}"
adult,logreg,sex,label_noise,0.0,4,0.17375,0.115883,0.309714,0.853575,0.766881,0.194579,0.237738,0.284909,0.306853,0.00964,0.011176,0.119059,102,36631,0.0,,3.11.15,"{""tinyaudit"": ""0.1.0"", ""numpy"": ""1.26.4"", ""pandas"": ""3.0.3"", ""scikit-learn"": ""1.9.0"", ""torch"": ""2.12.0""}"
adult,logreg,sex,label_noise,0.05,0,0.171926,0.108381,0.287548,0.853411,0.75915,0.184096,0.266005,0.244723,0.396224,0.046457,0.018481,0.088847,102,36631,0.05,,3.11.15,"{""tinyaudit"": ""0.1.0"", ""numpy"": ""1.26.4"", ""pandas"": ""3.0.3"", ""scikit-learn"": ""1.9.0"", ""torch"": ""2.12.0""}"
adult,logreg,sex,label_noise,0.05,1,0.18606,0.136948,0.26914,0.856113,0.768902,0.192531,0.267198,0.246598,0.403264,0.053869,0.01573,0.096547,102,36631,0.05,,3.11.15,"{""tinyaudit"": ""0.1.0"", ""numpy"": ""1.26.4"", ""pandas"": ""3.0.3"", ""scikit-learn"": ""1.9.0"", ""torch"": ""2.12.0""}"
adult,logreg,sex,label_noise,0.05,2,0.164012,0.070416,0.308195,0.848497,0.752167,0.183769,0.264434,0.244079,0.402707,0.049602,0.02759,0.088717,102,36631,0.05,,3.11.15,"{""tinyaudit"": ""0.1.0"", ""numpy"": ""1.26.4"", ""pandas"": ""3.0.3"", ""scikit-learn"": ""1.9.0"", ""torch"": ""2.12.0""}"
adult,logreg,sex,label_noise,0.05,3,0.156461,0.082777,0.332519,0.850626,0.754036,0.182295,0.262572,0.242159,0.407048,0.051381,0.017933,0.086867,102,36631,0.05,,3.11.15,"{""tinyaudit"": ""0.1.0"", ""numpy"": ""1.26.4"", ""pandas"": ""3.0.3"", ""scikit-learn"": ""1.9.0"", ""torch"": ""2.12.0""}"
adult,logreg,sex,label_noise,0.05,4,0.161376,0.094377,0.315759,0.850135,0.753713,0.182786,0.263295,0.243353,0.417078,0.057659,0.018632,0.106242,102,36631,0.05,,3.11.15,"{""tinyaudit"": ""0.1.0"", ""numpy"": ""1.26.4"", ""pandas"": ""3.0.3"", ""scikit-learn"": ""1.9.0"", ""torch"": ""2.12.0""}"
adult,logreg,sex,label_noise,0.1,0,0.167386,0.094234,0.291589,0.8512,0.753592,0.180575,0.291901,0.215329,0.466675,0.08355,0.02571,0.081559,102,36631,0.1,,3.11.15,"{""tinyaudit"": ""0.1.0"", ""numpy"": ""1.26.4"", ""pandas"": ""3.0.3"", ""scikit-learn"": ""1.9.0"", ""torch"": ""2.12.0""}"
adult,logreg,sex,label_noise,0.1,1,0.175003,0.117865,0.286397,0.856195,0.764968,0.186881,0.292841,0.2165,0.476067,0.092844,0.025076,0.092568,102,36631,0.1,,3.11.15,"{""tinyaudit"": ""0.1.0"", ""numpy"": ""1.26.4"", ""pandas"": ""3.0.3"", ""scikit-learn"": ""1.9.0"", ""torch"": ""2.12.0""}"
adult,logreg,sex,label_noise,0.1,2,0.155892,0.064999,0.308471,0.846204,0.742567,0.17476,0.290703,0.21211,0.478724,0.089834,0.038556,0.08292,102,36631,0.1,,3.11.15,"{""tinyaudit"": ""0.1.0"", ""numpy"": ""1.26.4"", ""pandas"": ""3.0.3"", ""scikit-learn"": ""1.9.0"", ""torch"": ""2.12.0""}"
adult,logreg,sex,label_noise,0.1,3,0.156716,0.115086,0.309737,0.846941,0.743638,0.174842,0.288926,0.211908,0.480153,0.089458,0.025811,0.082824,102,36631,0.1,,3.11.15,"{""tinyaudit"": ""0.1.0"", ""numpy"": ""1.26.4"", ""pandas"": ""3.0.3"", ""scikit-learn"": ""1.9.0"", ""torch"": ""2.12.0""}"
adult,logreg,sex,label_noise,0.1,4,0.164552,0.110953,0.293149,0.850135,0.750781,0.178691,0.289272,0.215344,0.486594,0.097778,0.027336,0.103729,102,36631,0.1,,3.11.15,"{""tinyaudit"": ""0.1.0"", ""numpy"": ""1.26.4"", ""pandas"": ""3.0.3"", ""scikit-learn"": ""1.9.0"", ""torch"": ""2.12.0""}"
adult,logreg,sex,label_noise,0.2,0,0.15722,0.113713,0.274706,0.84211,0.729554,0.164442,0.342284,0.156449,0.574063,0.151177,0.054311,0.06785,102,36631,0.2,,3.11.15,"{""tinyaudit"": ""0.1.0"", ""numpy"": ""1.26.4"", ""pandas"": ""3.0.3"", ""scikit-learn"": ""1.9.0"", ""torch"": ""2.12.0""}"
adult,logreg,sex,label_noise,0.2,1,0.159888,0.104998,0.290056,0.848252,0.743326,0.171894,0.34138,0.158993,0.577376,0.16035,0.04759,0.07119,102,36631,0.2,,3.11.15,"{""tinyaudit"": ""0.1.0"", ""numpy"": ""1.26.4"", ""pandas"": ""3.0.3"", ""scikit-learn"": ""1.9.0"", ""torch"": ""2.12.0""}"
adult,logreg,sex,label_noise,0.2,2,0.129237,0.047591,0.367473,0.840799,0.72623,0.162313,0.340663,0.157282,0.577759,0.155994,0.055102,0.062661,102,36631,0.2,,3.11.15,"{""tinyaudit"": ""0.1.0"", ""numpy"": ""1.26.4"", ""pandas"": ""3.0.3"", ""scikit-learn"": ""1.9.0"", ""torch"": ""2.12.0""}"
adult,logreg,sex,label_noise,0.2,3,0.151194,0.11159,0.309021,0.843502,0.73434,0.168455,0.339973,0.156688,0.581674,0.160163,0.048269,0.068053,102,36631,0.2,,3.11.15,"{""tinyaudit"": ""0.1.0"", ""numpy"": ""1.26.4"", ""pandas"": ""3.0.3"", ""scikit-learn"": ""1.9.0"", ""torch"": ""2.12.0""}"
adult,logreg,sex,label_noise,0.2,4,0.157979,0.125221,0.299353,0.842683,0.736851,0.173532,0.343073,0.160614,0.586739,0.166148,0.04571,0.091111,102,36631,0.2,,3.11.15,"{""tinyaudit"": ""0.1.0"", ""numpy"": ""1.26.4"", ""pandas"": ""3.0.3"", ""scikit-learn"": ""1.9.0"", ""torch"": ""2.12.0""}"
adult,logreg,sex,label_noise,0.3,0,0.164361,0.186197,0.233955,0.836541,0.718622,0.159856,0.39209,0.107897,0.63838,0.211792,0.066222,0.070676,102,36631,0.3,,3.11.15,"{""tinyaudit"": ""0.1.0"", ""numpy"": ""1.26.4"", ""pandas"": ""3.0.3"", ""scikit-learn"": ""1.9.0"", ""torch"": ""2.12.0""}"
adult,logreg,sex,label_noise,0.3,1,0.17131,0.167856,0.253592,0.844648,0.738729,0.172386,0.396933,0.104823,0.64587,0.229192,0.070685,0.074736,102,36631,0.3,,3.11.15,"{""tinyaudit"": ""0.1.0"", ""numpy"": ""1.26.4"", ""pandas"": ""3.0.3"", ""scikit-learn"": ""1.9.0"", ""torch"": ""2.12.0""}"
adult,logreg,sex,label_noise,0.3,2,0.149964,0.110516,0.294115,0.834657,0.718792,0.163705,0.394222,0.10703,0.643782,0.220106,0.079266,0.071663,102,36631,0.3,,3.11.15,"{""tinyaudit"": ""0.1.0"", ""numpy"": ""1.26.4"", ""pandas"": ""3.0.3"", ""scikit-learn"": ""1.9.0"", ""torch"": ""2.12.0""}"
adult,logreg,sex,label_noise,0.3,3,0.14665,0.101735,0.318703,0.83736,0.724438,0.166407,0.395044,0.104491,0.646673,0.224368,0.070549,0.067334,102,36631,0.3,,3.11.15,"{""tinyaudit"": ""0.1.0"", ""numpy"": ""1.26.4"", ""pandas"": ""3.0.3"", ""scikit-learn"": ""1.9.0"", ""torch"": ""2.12.0""}"
adult,logreg,sex,label_noise,0.3,4,0.177352,0.191616,0.242536,0.841373,0.736694,0.175825,0.396615,0.107763,0.648547,0.233348,0.067729,0.09636,102,36631,0.3,,3.11.15,"{""tinyaudit"": ""0.1.0"", ""numpy"": ""1.26.4"", ""pandas"": ""3.0.3"", ""scikit-learn"": ""1.9.0"", ""torch"": ""2.12.0""}"
adult,logreg,sex,label_noise,0.4,0,0.111528,0.042609,0.395062,0.820817,0.687996,0.147244,0.446956,0.055929,0.679732,0.26922,0.109654,0.074911,102,36631,0.4,,3.11.15,"{""tinyaudit"": ""0.1.0"", ""numpy"": ""1.26.4"", ""pandas"": ""3.0.3"", ""scikit-learn"": ""1.9.0"", ""torch"": ""2.12.0""}"
adult,logreg,sex,label_noise,0.4,1,0.173548,0.096884,0.367724,0.834493,0.756451,0.216608,0.45075,0.063234,0.679185,0.282285,0.08428,0.106637,102,36631,0.4,,3.11.15,"{""tinyaudit"": ""0.1.0"", ""numpy"": ""1.26.4"", ""pandas"": ""3.0.3"", ""scikit-learn"": ""1.9.0"", ""torch"": ""2.12.0""}"
adult,logreg,sex,label_noise,0.4,2,0.128456,0.050767,0.411161,0.82524,0.714947,0.176398,0.449299,0.059367,0.680443,0.277311,0.103335,0.069862,102,36631,0.4,,3.11.15,"{""tinyaudit"": ""0.1.0"", ""numpy"": ""1.26.4"", ""pandas"": ""3.0.3"", ""scikit-learn"": ""1.9.0"", ""torch"": ""2.12.0""}"
adult,logreg,sex,label_noise,0.4,3,0.112379,0.049084,0.410298,0.824093,0.696718,0.153141,0.446969,0.053102,0.681709,0.27931,0.103986,0.058952,102,36631,0.4,,3.11.15,"{""tinyaudit"": ""0.1.0"", ""numpy"": ""1.26.4"", ""pandas"": ""3.0.3"", ""scikit-learn"": ""1.9.0"", ""torch"": ""2.12.0""}"
adult,logreg,sex,label_noise,0.4,4,0.157546,0.069845,0.375907,0.828679,0.73703,0.200639,0.446804,0.059144,0.680545,0.278183,0.08943,0.069674,102,36631,0.4,,3.11.15,"{""tinyaudit"": ""0.1.0"", ""numpy"": ""1.26.4"", ""pandas"": ""3.0.3"", ""scikit-learn"": ""1.9.0"", ""torch"": ""2.12.0""}"
adult,logreg,sex,subsample,1.0,0,0.177187,0.093685,0.301623,0.853902,0.767449,0.194742,0.238785,0.28496,0.288715,0.008712,0.003306,0.095508,102,36631,0.0,,3.11.15,"{""tinyaudit"": ""0.1.0"", ""numpy"": ""1.26.4"", ""pandas"": ""3.0.3"", ""scikit-learn"": ""1.9.0"", ""torch"": ""2.12.0""}"
adult,logreg,sex,subsample,1.0,1,0.190734,0.124504,0.2892,0.856523,0.778202,0.204733,0.242087,0.288425,0.295485,0.00928,0.007379,0.106242,102,36631,0.0,,3.11.15,"{""tinyaudit"": ""0.1.0"", ""numpy"": ""1.26.4"", ""pandas"": ""3.0.3"", ""scikit-learn"": ""1.9.0"", ""torch"": ""2.12.0""}"
adult,logreg,sex,subsample,1.0,2,0.165255,0.072526,0.332011,0.848252,0.758926,0.193678,0.238568,0.284144,0.296264,0.013711,0.000267,0.099078,102,36631,0.0,,3.11.15,"{""tinyaudit"": ""0.1.0"", ""numpy"": ""1.26.4"", ""pandas"": ""3.0.3"", ""scikit-learn"": ""1.9.0"", ""torch"": ""2.12.0""}"
adult,logreg,sex,subsample,1.0,3,0.164557,0.068316,0.340152,0.849644,0.761483,0.194579,0.238038,0.283732,0.299351,0.01055,0.002651,0.100083,102,36631,0.0,,3.11.15,"{""tinyaudit"": ""0.1.0"", ""numpy"": ""1.26.4"", ""pandas"": ""3.0.3"", ""scikit-learn"": ""1.9.0"", ""torch"": ""2.12.0""}"
adult,logreg,sex,subsample,1.0,4,0.17375,0.115883,0.309714,0.853575,0.766881,0.194579,0.237738,0.284909,0.306853,0.00964,0.011176,0.119059,102,36631,0.0,,3.11.15,"{""tinyaudit"": ""0.1.0"", ""numpy"": ""1.26.4"", ""pandas"": ""3.0.3"", ""scikit-learn"": ""1.9.0"", ""torch"": ""2.12.0""}"
adult,logreg,sex,subsample,0.5,0,0.175228,0.098185,0.298485,0.852592,0.763303,0.191467,0.237048,0.283516,0.288515,0.010675,0.005976,0.094211,102,18316,0.0,,3.11.15,"{""tinyaudit"": ""0.1.0"", ""numpy"": ""1.26.4"", ""pandas"": ""3.0.3"", ""scikit-learn"": ""1.9.0"", ""torch"": ""2.12.0""}"
adult,logreg,sex,subsample,0.5,1,0.1997,0.158444,0.26554,0.854312,0.775576,0.205307,0.242712,0.288024,0.297654,0.009402,0.006352,0.106438,102,18316,0.0,,3.11.15,"{""tinyaudit"": ""0.1.0"", ""numpy"": ""1.26.4"", ""pandas"": ""3.0.3"", ""scikit-learn"": ""1.9.0"", ""torch"": ""2.12.0""}"
adult,logreg,sex,subsample,0.5,2,0.164975,0.071895,0.335098,0.849234,0.760862,0.194497,0.238902,0.284237,0.297467,0.013604,0.00293,0.098855,102,18316,0.0,,3.11.15,"{""tinyaudit"": ""0.1.0"", ""numpy"": ""1.26.4"", ""pandas"": ""3.0.3"", ""scikit-learn"": ""1.9.0"", ""torch"": ""2.12.0""}"
adult,logreg,sex,subsample,0.5,3,0.168365,0.081941,0.332443,0.849071,0.76181,0.196135,0.239163,0.284527,0.299069,0.010344,0.002647,0.101865,102,18316,0.0,,3.11.15,"{""tinyaudit"": ""0.1.0"", ""numpy"": ""1.26.4"", ""pandas"": ""3.0.3"", ""scikit-learn"": ""1.9.0"", ""torch"": ""2.12.0""}"
adult,logreg,sex,subsample,0.5,4,0.163573,0.096192,0.329677,0.853165,0.763211,0.190238,0.235749,0.285852,0.303782,0.009783,0.011297,0.113898,102,18316,0.0,,3.11.15,"{""tinyaudit"": ""0.1.0"", ""numpy"": ""1.26.4"", ""pandas"": ""3.0.3"", ""scikit-learn"": ""1.9.0"", ""torch"": ""2.12.0""}"
adult,logreg,sex,subsample,0.2,0,0.164163,0.068335,0.334279,0.850463,0.760731,0.191958,0.236685,0.28702,0.282968,0.014468,0.008569,0.09182,102,7326,0.0,,3.11.15,"{""tinyaudit"": ""0.1.0"", ""numpy"": ""1.26.4"", ""pandas"": ""3.0.3"", ""scikit-learn"": ""1.9.0"", ""torch"": ""2.12.0""}"
adult,logreg,sex,subsample,0.2,1,0.194908,0.149203,0.269632,0.853984,0.772663,0.201867,0.236593,0.289081,0.28536,0.00962,0.006254,0.099636,102,7326,0.0,,3.11.15,"{""tinyaudit"": ""0.1.0"", ""numpy"": ""1.26.4"", ""pandas"": ""3.0.3"", ""scikit-learn"": ""1.9.0"", ""torch"": ""2.12.0""}"
adult,logreg,sex,subsample,0.2,2,0.17526,0.079613,0.323739,0.845795,0.761651,0.202195,0.239155,0.292888,0.281581,0.01589,0.013618,0.10344,102,7326,0.0,,3.11.15,"{""tinyaudit"": ""0.1.0"", ""numpy"": ""1.26.4"", ""pandas"": ""3.0.3"", ""scikit-learn"": ""1.9.0"", ""torch"": ""2.12.0""}"
adult,logreg,sex,subsample,0.2,3,0.168238,0.083157,0.341602,0.846204,0.760278,0.199492,0.241584,0.288368,0.29623,0.013925,0.006587,0.102631,102,7326,0.0,,3.11.15,"{""tinyaudit"": ""0.1.0"", ""numpy"": ""1.26.4"", ""pandas"": ""3.0.3"", ""scikit-learn"": ""1.9.0"", ""torch"": ""2.12.0""}"
adult,logreg,sex,subsample,0.2,4,0.168915,0.107997,0.309511,0.851527,0.76014,0.189092,0.231392,0.28284,0.301553,0.011014,0.006393,0.113071,102,7326,0.0,,3.11.15,"{""tinyaudit"": ""0.1.0"", ""numpy"": ""1.26.4"", ""pandas"": ""3.0.3"", ""scikit-learn"": ""1.9.0"", ""torch"": ""2.12.0""}"
adult,logreg,sex,subsample,0.1,0,0.17215,0.087061,0.313169,0.847269,0.757341,0.19335,0.23778,0.290079,0.280638,0.014328,0.017137,0.094834,102,3663,0.0,,3.11.15,"{""tinyaudit"": ""0.1.0"", ""numpy"": ""1.26.4"", ""pandas"": ""3.0.3"", ""scikit-learn"": ""1.9.0"", ""torch"": ""2.12.0""}"
adult,logreg,sex,subsample,0.1,1,0.188888,0.142371,0.276536,0.850545,0.765242,0.1981,0.237685,0.294476,0.275885,0.013049,0.016459,0.097609,102,3663,0.0,,3.11.15,"{""tinyaudit"": ""0.1.0"", ""numpy"": ""1.26.4"", ""pandas"": ""3.0.3"", ""scikit-learn"": ""1.9.0"", ""torch"": ""2.12.0""}"
adult,logreg,sex,subsample,0.1,2,0.167963,0.074158,0.359392,0.84301,0.761697,0.2076,0.252246,0.295438,0.297289,0.014639,0.007241,0.109365,102,3663,0.0,,3.11.15,"{""tinyaudit"": ""0.1.0"", ""numpy"": ""1.26.4"", ""pandas"": ""3.0.3"", ""scikit-learn"": ""1.9.0"", ""torch"": ""2.12.0""}"
adult,logreg,sex,subsample,0.1,3,0.140836,0.053089,0.423055,0.843256,0.754587,0.197199,0.233824,0.288838,0.283877,0.016211,0.013536,0.087922,102,3663,0.0,,3.11.15,"{""tinyaudit"": ""0.1.0"", ""numpy"": ""1.26.4"", ""pandas"": ""3.0.3"", ""scikit-learn"": ""1.9.0"", ""torch"": ""2.12.0""}"
adult,logreg,sex,subsample,0.1,4,0.172717,0.075361,0.364067,0.846122,0.771132,0.214806,0.246238,0.298686,0.290751,0.009842,0.004295,0.116946,102,3663,0.0,,3.11.15,"{""tinyaudit"": ""0.1.0"", ""numpy"": ""1.26.4"", ""pandas"": ""3.0.3"", ""scikit-learn"": ""1.9.0"", ""torch"": ""2.12.0""}"
adult,logreg,sex,subsample,0.05,0,0.179627,0.085619,0.316478,0.840226,0.754589,0.203014,0.23584,0.297712,0.25822,0.026088,0.024165,0.084591,102,1832,0.0,,3.11.15,"{""tinyaudit"": ""0.1.0"", ""numpy"": ""1.26.4"", ""pandas"": ""3.0.3"", ""scikit-learn"": ""1.9.0"", ""torch"": ""2.12.0""}"
adult,logreg,sex,subsample,0.05,1,0.179433,0.113353,0.309829,0.853247,0.770419,0.200147,0.233868,0.291116,0.278566,0.015919,0.020659,0.091672,102,1832,0.0,,3.11.15,"{""tinyaudit"": ""0.1.0"", ""numpy"": ""1.26.4"", ""pandas"": ""3.0.3"", ""scikit-learn"": ""1.9.0"", ""torch"": ""2.12.0""}"
adult,logreg,sex,subsample,0.05,2,0.163872,0.083613,0.309844,0.841045,0.742225,0.184178,0.224999,0.288697,0.268715,0.02154,0.02884,0.09078,102,1832,0.0,,3.11.15,"{""tinyaudit"": ""0.1.0"", ""numpy"": ""1.26.4"", ""pandas"": ""3.0.3"", ""scikit-learn"": ""1.9.0"", ""torch"": ""2.12.0""}"
adult,logreg,sex,subsample,0.05,3,0.183208,0.097363,0.34184,0.841454,0.766539,0.217345,0.255141,0.296049,0.307961,0.016047,0.000688,0.10915,102,1832,0.0,,3.11.15,"{""tinyaudit"": ""0.1.0"", ""numpy"": ""1.26.4"", ""pandas"": ""3.0.3"", ""scikit-learn"": ""1.9.0"", ""torch"": ""2.12.0""}"
adult,logreg,sex,subsample,0.05,4,0.181827,0.164222,0.280069,0.846859,0.756369,0.192777,0.234447,0.286692,0.296621,0.010819,0.005705,0.119048,102,1832,0.0,,3.11.15,"{""tinyaudit"": ""0.1.0"", ""numpy"": ""1.26.4"", ""pandas"": ""3.0.3"", ""scikit-learn"": ""1.9.0"", ""torch"": ""2.12.0""}"
adult,logreg,sex,subsample,0.02,0,0.197938,0.132476,0.270976,0.836295,0.751067,0.205634,0.242726,0.29869,0.268765,0.025108,0.031395,0.1124,102,733,0.0,,3.11.15,"{""tinyaudit"": ""0.1.0"", ""numpy"": ""1.26.4"", ""pandas"": ""3.0.3"", ""scikit-learn"": ""1.9.0"", ""torch"": ""2.12.0""}"
adult,logreg,sex,subsample,0.02,1,0.162006,0.071998,0.411354,0.834166,0.759285,0.221194,0.251849,0.315985,0.267284,0.033181,0.0418,0.103588,102,733,0.0,,3.11.15,"{""tinyaudit"": ""0.1.0"", ""numpy"": ""1.26.4"", ""pandas"": ""3.0.3"", ""scikit-learn"": ""1.9.0"", ""torch"": ""2.12.0""}"
adult,logreg,sex,subsample,0.02,2,0.170528,0.085983,0.329759,0.830153,0.737881,0.199001,0.246714,0.29237,0.288372,0.018191,0.028008,0.108743,102,733,0.0,,3.11.15,"{""tinyaudit"": ""0.1.0"", ""numpy"": ""1.26.4"", ""pandas"": ""3.0.3"", ""scikit-learn"": ""1.9.0"", ""torch"": ""2.12.0""}"
adult,logreg,sex,subsample,0.02,3,0.200435,0.246586,0.247422,0.826959,0.733905,0.199574,0.237451,0.297633,0.277253,0.032948,0.030808,0.123233,102,733,0.0,,3.11.15,"{""tinyaudit"": ""0.1.0"", ""numpy"": ""1.26.4"", ""pandas"": ""3.0.3"", ""scikit-learn"": ""1.9.0"", ""torch"": ""2.12.0""}"
adult,logreg,sex,subsample,0.02,4,0.185148,0.091994,0.36321,0.829089,0.758528,0.229875,0.252459,0.313433,0.278837,0.029124,0.03487,0.108957,102,733,0.0,,3.11.15,"{""tinyaudit"": ""0.1.0"", ""numpy"": ""1.26.4"", ""pandas"": ""3.0.3"", ""scikit-learn"": ""1.9.0"", ""torch"": ""2.12.0""}"
adult,logreg,race,prune,0.0,0,0.150246,0.143382,0.359296,0.853902,0.767449,0.194742,0.238785,0.28496,0.269291,0.046219,0.061498,0.080805,102,36631,0.0,,3.11.15,"{""tinyaudit"": ""0.1.0"", ""numpy"": ""1.26.4"", ""pandas"": ""3.0.3"", ""scikit-learn"": ""1.9.0"", ""torch"": ""2.12.0""}"
adult,logreg,race,prune,0.0,1,0.153883,0.16293,0.387709,0.856523,0.778202,0.204733,0.242087,0.288425,0.271322,0.02654,0.047126,0.084032,102,36631,0.0,,3.11.15,"{""tinyaudit"": ""0.1.0"", ""numpy"": ""1.26.4"", ""pandas"": ""3.0.3"", ""scikit-learn"": ""1.9.0"", ""torch"": ""2.12.0""}"
adult,logreg,race,prune,0.0,2,0.216468,0.464286,0.170973,0.848252,0.758926,0.193678,0.238568,0.284144,0.277558,0.033583,0.055702,0.110454,102,36631,0.0,,3.11.15,"{""tinyaudit"": ""0.1.0"", ""numpy"": ""1.26.4"", ""pandas"": ""3.0.3"", ""scikit-learn"": ""1.9.0"", ""torch"": ""2.12.0""}"
adult,logreg,race,prune,0.0,3,0.17948,0.215357,0.291053,0.849644,0.761483,0.194579,0.238038,0.283732,0.285586,0.033466,0.066571,0.09586,102,36631,0.0,,3.11.15,"{""tinyaudit"": ""0.1.0"", ""numpy"": ""1.26.4"", ""pandas"": ""3.0.3"", ""scikit-learn"": ""1.9.0"", ""torch"": ""2.12.0""}"
adult,logreg,race,prune,0.0,4,0.185135,0.329932,0.212644,0.853575,0.766881,0.194579,0.237738,0.284909,0.294741,0.032123,0.044895,0.09244,102,36631,0.0,,3.11.15,"{""tinyaudit"": ""0.1.0"", ""numpy"": ""1.26.4"", ""pandas"": ""3.0.3"", ""scikit-learn"": ""1.9.0"", ""torch"": ""2.12.0""}"
adult,logreg,race,prune,0.3,0,0.15209,0.141882,0.358801,0.854066,0.767439,0.194415,0.238727,0.284985,0.269588,0.040762,0.054909,0.085569,102,36631,0.0,,3.11.15,"{""tinyaudit"": ""0.1.0"", ""numpy"": ""1.26.4"", ""pandas"": ""3.0.3"", ""scikit-learn"": ""1.9.0"", ""torch"": ""2.12.0""}"
adult,logreg,race,prune,0.3,1,0.141481,0.152292,0.40578,0.856768,0.776253,0.20154,0.240754,0.286866,0.272976,0.030726,0.049375,0.083345,102,36631,0.0,,3.11.15,"{""tinyaudit"": ""0.1.0"", ""numpy"": ""1.26.4"", ""pandas"": ""3.0.3"", ""scikit-learn"": ""1.9.0"", ""torch"": ""2.12.0""}"
adult,logreg,race,prune,0.3,2,0.21369,0.453297,0.172811,0.849152,0.758814,0.191794,0.23852,0.284004,0.278258,0.036382,0.06788,0.111953,102,36631,0.0,,3.11.15,"{""tinyaudit"": ""0.1.0"", ""numpy"": ""1.26.4"", ""pandas"": ""3.0.3"", ""scikit-learn"": ""1.9.0"", ""torch"": ""2.12.0""}"
adult,logreg,race,prune,0.3,3,0.171885,0.205649,0.300054,0.850463,0.7612,0.192613,0.237603,0.283291,0.286565,0.033663,0.062034,0.097611,102,36631,0.0,,3.11.15,"{""tinyaudit"": ""0.1.0"", ""numpy"": ""1.26.4"", ""pandas"": ""3.0.3"", ""scikit-learn"": ""1.9.0"", ""torch"": ""2.12.0""}"
adult,logreg,race,prune,0.3,4,0.187838,0.329932,0.210227,0.85382,0.766456,0.193514,0.237512,0.284628,0.295074,0.030858,0.044226,0.092718,102,36631,0.0,,3.11.15,"{""tinyaudit"": ""0.1.0"", ""numpy"": ""1.26.4"", ""pandas"": ""3.0.3"", ""scikit-learn"": ""1.9.0"", ""torch"": ""2.12.0""}"
adult,logreg,race,prune,0.5,0,0.136769,0.134008,0.381204,0.85423,0.764732,0.19032,0.236848,0.28324,0.269608,0.036697,0.052611,0.078946,102,36631,0.0,,3.11.15,"{""tinyaudit"": ""0.1.0"", ""numpy"": ""1.26.4"", ""pandas"": ""3.0.3"", ""scikit-learn"": ""1.9.0"", ""torch"": ""2.12.0""}"
adult,logreg,race,prune,0.5,1,0.150075,0.155076,0.383388,0.856768,0.774962,0.199738,0.240195,0.286413,0.273354,0.028631,0.044778,0.083919,102,36631,0.0,,3.11.15,"{""tinyaudit"": ""0.1.0"", ""numpy"": ""1.26.4"", ""pandas"": ""3.0.3"", ""scikit-learn"": ""1.9.0"", ""torch"": ""2.12.0""}"
adult,logreg,race,prune,0.5,2,0.194246,0.387363,0.186877,0.849152,0.756586,0.188682,0.236835,0.282771,0.279862,0.034668,0.055713,0.106032,102,36631,0.0,,3.11.15,"{""tinyaudit"": ""0.1.0"", ""numpy"": ""1.26.4"", ""pandas"": ""3.0.3"", ""scikit-learn"": ""1.9.0"", ""torch"": ""2.12.0""}"
adult,logreg,race,prune,0.5,3,0.143638,0.157105,0.369591,0.851118,0.760575,0.190484,0.235839,0.282044,0.288073,0.034643,0.066448,0.091267,102,36631,0.0,,3.11.15,"{""tinyaudit"": ""0.1.0"", ""numpy"": ""1.26.4"", ""pandas"": ""3.0.3"", ""scikit-learn"": ""1.9.0"", ""torch"": ""2.12.0""}"
adult,logreg,race,prune,0.5,4,0.17973,0.309524,0.217647,0.85423,0.764732,0.19032,0.235925,0.283454,0.297115,0.035143,0.063043,0.091453,102,36631,0.0,,3.11.15,"{""tinyaudit"": ""0.1.0"", ""numpy"": ""1.26.4"", ""pandas"": ""3.0.3"", ""scikit-learn"": ""1.9.0"", ""torch"": ""2.12.0""}"
adult,logreg,race,prune,0.7,0,0.157906,0.16243,0.326632,0.848088,0.748262,0.179101,0.231022,0.273278,0.283646,0.034158,0.049888,0.078135,102,36631,0.0,,3.11.15,"{""tinyaudit"": ""0.1.0"", ""numpy"": ""1.26.4"", ""pandas"": ""3.0.3"", ""scikit-learn"": ""1.9.0"", ""torch"": ""2.12.0""}"
adult,logreg,race,prune,0.7,1,0.15139,0.143296,0.364162,0.852674,0.759604,0.186144,0.235084,0.278872,0.285387,0.024876,0.043661,0.085159,102,36631,0.0,,3.11.15,"{""tinyaudit"": ""0.1.0"", ""numpy"": ""1.26.4"", ""pandas"": ""3.0.3"", ""scikit-learn"": ""1.9.0"", ""torch"": ""2.12.0""}"
adult,logreg,race,prune,0.7,2,0.193056,0.273352,0.244565,0.844239,0.740923,0.176235,0.230385,0.272409,0.291097,0.038696,0.05437,0.108424,102,36631,0.0,,3.11.15,"{""tinyaudit"": ""0.1.0"", ""numpy"": ""1.26.4"", ""pandas"": ""3.0.3"", ""scikit-learn"": ""1.9.0"", ""torch"": ""2.12.0""}"
adult,logreg,race,prune,0.7,3,0.156296,0.11541,0.350139,0.843584,0.73627,0.170993,0.226555,0.270355,0.302067,0.036269,0.0622,0.097629,102,36631,0.0,,3.11.15,"{""tinyaudit"": ""0.1.0"", ""numpy"": ""1.26.4"", ""pandas"": ""3.0.3"", ""scikit-learn"": ""1.9.0"", ""torch"": ""2.12.0""}"
adult,logreg,race,prune,0.7,4,0.180541,0.329932,0.249438,0.850381,0.746368,0.172058,0.226906,0.272173,0.309917,0.035573,0.053863,0.092573,102,36631,0.0,,3.11.15,"{""tinyaudit"": ""0.1.0"", ""numpy"": ""1.26.4"", ""pandas"": ""3.0.3"", ""scikit-learn"": ""1.9.0"", ""torch"": ""2.12.0""}"
adult,logreg,race,prune,0.9,0,0.096961,0.137908,0.296426,0.823274,0.676944,0.127099,0.216908,0.247791,0.301591,0.042981,0.047178,0.056712,102,36631,0.0,,3.11.15,"{""tinyaudit"": ""0.1.0"", ""numpy"": ""1.26.4"", ""pandas"": ""3.0.3"", ""scikit-learn"": ""1.9.0"", ""torch"": ""2.12.0""}"
adult,logreg,race,prune,0.9,1,0.093203,0.074824,0.370879,0.826386,0.684619,0.131848,0.217904,0.250281,0.302947,0.034393,0.024209,0.060061,102,36631,0.0,,3.11.15,"{""tinyaudit"": ""0.1.0"", ""numpy"": ""1.26.4"", ""pandas"": ""3.0.3"", ""scikit-learn"": ""1.9.0"", ""torch"": ""2.12.0""}"
adult,logreg,race,prune,0.9,2,0.121032,0.341667,0.128571,0.819835,0.660609,0.110884,0.204265,0.2373,0.304372,0.037775,0.022169,0.076297,102,36631,0.0,,3.11.15,"{""tinyaudit"": ""0.1.0"", ""numpy"": ""1.26.4"", ""pandas"": ""3.0.3"", ""scikit-learn"": ""1.9.0"", ""torch"": ""2.12.0""}"
adult,logreg,race,prune,0.9,3,0.091672,0.144748,0.364728,0.821391,0.668786,0.119319,0.209772,0.239674,0.317496,0.051785,0.060276,0.060516,102,36631,0.0,,3.11.15,"{""tinyaudit"": ""0.1.0"", ""numpy"": ""1.26.4"", ""pandas"": ""3.0.3"", ""scikit-learn"": ""1.9.0"", ""torch"": ""2.12.0""}"
adult,logreg,race,prune,0.9,4,0.13027,0.292517,0.234921,0.82655,0.676986,0.120875,0.211758,0.242514,0.327553,0.038782,0.046124,0.064877,102,36631,0.0,,3.11.15,"{""tinyaudit"": ""0.1.0"", ""numpy"": ""1.26.4"", ""pandas"": ""3.0.3"", ""scikit-learn"": ""1.9.0"", ""torch"": ""2.12.0""}"
adult,logreg,race,prune,0.95,0,0.056054,0.317949,0.257282,0.803702,0.607664,0.06789,0.18017,0.208856,0.298502,0.056564,0.055191,0.043174,102,36631,0.0,,3.11.15,"{""tinyaudit"": ""0.1.0"", ""numpy"": ""1.26.4"", ""pandas"": ""3.0.3"", ""scikit-learn"": ""1.9.0"", ""torch"": ""2.12.0""}"
adult,logreg,race,prune,0.95,1,0.040534,0.07337,0.448524,0.796986,0.598676,0.068217,0.186973,0.211673,0.31548,0.054277,0.058934,0.043934,102,36631,0.0,,3.11.15,"{""tinyaudit"": ""0.1.0"", ""numpy"": ""1.26.4"", ""pandas"": ""3.0.3"", ""scikit-learn"": ""1.9.0"", ""torch"": ""2.12.0""}"
adult,logreg,race,prune,0.95,2,0.049405,0.141667,0.153061,0.800344,0.591265,0.051429,0.168411,0.194258,0.314036,0.052935,0.027279,0.065063,102,36631,0.0,,3.11.15,"{""tinyaudit"": ""0.1.0"", ""numpy"": ""1.26.4"", ""pandas"": ""3.0.3"", ""scikit-learn"": ""1.9.0"", ""torch"": ""2.12.0""}"
adult,logreg,race,prune,0.95,3,0.04437,0.073821,0.415789,0.80059,0.597994,0.060355,0.17342,0.201147,0.32022,0.053754,0.045107,0.049489,102,36631,0.0,,3.11.15,"{""tinyaudit"": ""0.1.0"", ""numpy"": ""1.26.4"", ""pandas"": ""3.0.3"", ""scikit-learn"": ""1.9.0"", ""torch"": ""2.12.0""}"
adult,logreg,race,prune,0.95,4,0.055676,0.096491,0.264286,0.804029,0.603422,0.061338,0.175132,0.204179,0.328529,0.047424,0.039231,0.044646,102,36631,0.0,,3.11.15,"{""tinyaudit"": ""0.1.0"", ""numpy"": ""1.26.4"", ""pandas"": ""3.0.3"", ""scikit-learn"": ""1.9.0"", ""torch"": ""2.12.0""}"
adult,logreg,race,label_noise,0.0,0,0.150246,0.143382,0.359296,0.853902,0.767449,0.194742,0.238785,0.28496,0.269291,0.046219,0.061498,0.080805,102,36631,0.0,,3.11.15,"{""tinyaudit"": ""0.1.0"", ""numpy"": ""1.26.4"", ""pandas"": ""3.0.3"", ""scikit-learn"": ""1.9.0"", ""torch"": ""2.12.0""}"
adult,logreg,race,label_noise,0.0,1,0.153883,0.16293,0.387709,0.856523,0.778202,0.204733,0.242087,0.288425,0.271322,0.02654,0.047126,0.084032,102,36631,0.0,,3.11.15,"{""tinyaudit"": ""0.1.0"", ""numpy"": ""1.26.4"", ""pandas"": ""3.0.3"", ""scikit-learn"": ""1.9.0"", ""torch"": ""2.12.0""}"
adult,logreg,race,label_noise,0.0,2,0.216468,0.464286,0.170973,0.848252,0.758926,0.193678,0.238568,0.284144,0.277558,0.033583,0.055702,0.110454,102,36631,0.0,,3.11.15,"{""tinyaudit"": ""0.1.0"", ""numpy"": ""1.26.4"", ""pandas"": ""3.0.3"", ""scikit-learn"": ""1.9.0"", ""torch"": ""2.12.0""}"
adult,logreg,race,label_noise,0.0,3,0.17948,0.215357,0.291053,0.849644,0.761483,0.194579,0.238038,0.283732,0.285586,0.033466,0.066571,0.09586,102,36631,0.0,,3.11.15,"{""tinyaudit"": ""0.1.0"", ""numpy"": ""1.26.4"", ""pandas"": ""3.0.3"", ""scikit-learn"": ""1.9.0"", ""torch"": ""2.12.0""}"
adult,logreg,race,label_noise,0.0,4,0.185135,0.329932,0.212644,0.853575,0.766881,0.194579,0.237738,0.284909,0.294741,0.032123,0.044895,0.09244,102,36631,0.0,,3.11.15,"{""tinyaudit"": ""0.1.0"", ""numpy"": ""1.26.4"", ""pandas"": ""3.0.3"", ""scikit-learn"": ""1.9.0"", ""torch"": ""2.12.0""}"
adult,logreg,race,label_noise,0.05,0,0.158454,0.254968,0.300162,0.853411,0.75915,0.184096,0.266005,0.244723,0.377694,0.056844,0.07398,0.08051,102,36631,0.05,,3.11.15,"{""tinyaudit"": ""0.1.0"", ""numpy"": ""1.26.4"", ""pandas"": ""3.0.3"", ""scikit-learn"": ""1.9.0"", ""torch"": ""2.12.0""}"
adult,logreg,race,label_noise,0.05,1,0.155881,0.175211,0.33042,0.856113,0.768902,0.192531,0.267198,0.246598,0.3825,0.059578,0.059725,0.080685,102,36631,0.05,,3.11.15,"{""tinyaudit"": ""0.1.0"", ""numpy"": ""1.26.4"", ""pandas"": ""3.0.3"", ""scikit-learn"": ""1.9.0"", ""torch"": ""2.12.0""}"
adult,logreg,race,label_noise,0.05,2,0.202579,0.431319,0.180578,0.848497,0.752167,0.183769,0.264434,0.244079,0.384022,0.05921,0.04742,0.099003,102,36631,0.05,,3.11.15,"{""tinyaudit"": ""0.1.0"", ""numpy"": ""1.26.4"", ""pandas"": ""3.0.3"", ""scikit-learn"": ""1.9.0"", ""torch"": ""2.12.0""}"
adult,logreg,race,label_noise,0.05,3,0.17245,0.286849,0.290441,0.850626,0.754036,0.182295,0.262572,0.242159,0.395855,0.067328,0.07295,0.094524,102,36631,0.05,,3.11.15,"{""tinyaudit"": ""0.1.0"", ""numpy"": ""1.26.4"", ""pandas"": ""3.0.3"", ""scikit-learn"": ""1.9.0"", ""torch"": ""2.12.0""}"
adult,logreg,race,label_noise,0.05,4,0.192432,0.392857,0.172093,0.850135,0.753713,0.182786,0.263295,0.243353,0.406701,0.062843,0.043131,0.092602,102,36631,0.05,,3.11.15,"{""tinyaudit"": ""0.1.0"", ""numpy"": ""1.26.4"", ""pandas"": ""3.0.3"", ""scikit-learn"": ""1.9.0"", ""torch"": ""2.12.0""}"
adult,logreg,race,label_noise,0.1,0,0.161149,0.24222,0.29663,0.8512,0.753592,0.180575,0.291901,0.215329,0.448733,0.083174,0.057356,0.070925,102,36631,0.1,,3.11.15,"{""tinyaudit"": ""0.1.0"", ""numpy"": ""1.26.4"", ""pandas"": ""3.0.3"", ""scikit-learn"": ""1.9.0"", ""torch"": ""2.12.0""}"
adult,logreg,race,label_noise,0.1,1,0.171754,0.202056,0.309329,0.856195,0.764968,0.186881,0.292841,0.2165,0.45825,0.089151,0.052797,0.098629,102,36631,0.1,,3.11.15,"{""tinyaudit"": ""0.1.0"", ""numpy"": ""1.26.4"", ""pandas"": ""3.0.3"", ""scikit-learn"": ""1.9.0"", ""torch"": ""2.12.0""}"
adult,logreg,race,label_noise,0.1,2,0.217063,0.409341,0.141287,0.846204,0.742567,0.17476,0.290703,0.21211,0.46539,0.09794,0.055091,0.106512,102,36631,0.1,,3.11.15,"{""tinyaudit"": ""0.1.0"", ""numpy"": ""1.26.4"", ""pandas"": ""3.0.3"", ""scikit-learn"": ""1.9.0"", ""torch"": ""2.12.0""}"
adult,logreg,race,label_noise,0.1,3,0.144037,0.248014,0.338433,0.846941,0.743638,0.174842,0.288926,0.211908,0.471639,0.101,0.06865,0.080038,102,36631,0.1,,3.11.15,"{""tinyaudit"": ""0.1.0"", ""numpy"": ""1.26.4"", ""pandas"": ""3.0.3"", ""scikit-learn"": ""1.9.0"", ""torch"": ""2.12.0""}"
adult,logreg,race,label_noise,0.1,4,0.195135,0.433673,0.170115,0.850135,0.750781,0.178691,0.289272,0.215344,0.475798,0.097847,0.029502,0.099536,102,36631,0.1,,3.11.15,"{""tinyaudit"": ""0.1.0"", ""numpy"": ""1.26.4"", ""pandas"": ""3.0.3"", ""scikit-learn"": ""1.9.0"", ""torch"": ""2.12.0""}"
adult,logreg,race,label_noise,0.2,0,0.160076,0.20202,0.26681,0.84211,0.729554,0.164442,0.342284,0.156449,0.56487,0.147978,0.075472,0.062415,102,36631,0.2,,3.11.15,"{""tinyaudit"": ""0.1.0"", ""numpy"": ""1.26.4"", ""pandas"": ""3.0.3"", ""scikit-learn"": ""1.9.0"", ""torch"": ""2.12.0""}"
adult,logreg,race,label_noise,0.2,1,0.158149,0.198629,0.30488,0.848252,0.743326,0.171894,0.34138,0.158993,0.568733,0.158204,0.04808,0.080237,102,36631,0.2,,3.11.15,"{""tinyaudit"": ""0.1.0"", ""numpy"": ""1.26.4"", ""pandas"": ""3.0.3"", ""scikit-learn"": ""1.9.0"", ""torch"": ""2.12.0""}"
adult,logreg,race,label_noise,0.2,2,0.172619,0.43544,0.171429,0.840799,0.72623,0.162313,0.340663,0.157282,0.567937,0.150871,0.062541,0.078095,102,36631,0.2,,3.11.15,"{""tinyaudit"": ""0.1.0"", ""numpy"": ""1.26.4"", ""pandas"": ""3.0.3"", ""scikit-learn"": ""1.9.0"", ""torch"": ""2.12.0""}"
adult,logreg,race,label_noise,0.2,3,0.165599,0.420124,0.221289,0.843502,0.73434,0.168455,0.339973,0.156688,0.575719,0.172935,0.075177,0.069992,102,36631,0.2,,3.11.15,"{""tinyaudit"": ""0.1.0"", ""numpy"": ""1.26.4"", ""pandas"": ""3.0.3"", ""scikit-learn"": ""1.9.0"", ""torch"": ""2.12.0""}"
adult,logreg,race,label_noise,0.2,4,0.232162,0.47619,0.114433,0.842683,0.736851,0.173532,0.343073,0.160614,0.583296,0.165444,0.049685,0.115561,102,36631,0.2,,3.11.15,"{""tinyaudit"": ""0.1.0"", ""numpy"": ""1.26.4"", ""pandas"": ""3.0.3"", ""scikit-learn"": ""1.9.0"", ""torch"": ""2.12.0""}"
adult,logreg,race,label_noise,0.3,0,0.13744,0.302812,0.26101,0.836541,0.718622,0.159856,0.39209,0.107897,0.632309,0.205125,0.085038,0.051109,102,36631,0.3,,3.11.15,"{""tinyaudit"": ""0.1.0"", ""numpy"": ""1.26.4"", ""pandas"": ""3.0.3"", ""scikit-learn"": ""1.9.0"", ""torch"": ""2.12.0""}"
adult,logreg,race,label_noise,0.3,1,0.17916,0.242325,0.308954,0.844648,0.738729,0.172386,0.396933,0.104823,0.64049,0.228723,0.069179,0.096146,102,36631,0.3,,3.11.15,"{""tinyaudit"": ""0.1.0"", ""numpy"": ""1.26.4"", ""pandas"": ""3.0.3"", ""scikit-learn"": ""1.9.0"", ""torch"": ""2.12.0""}"
adult,logreg,race,label_noise,0.3,2,0.247619,0.556319,0.12605,0.834657,0.718792,0.163705,0.394222,0.10703,0.640276,0.220711,0.084294,0.152357,102,36631,0.3,,3.11.15,"{""tinyaudit"": ""0.1.0"", ""numpy"": ""1.26.4"", ""pandas"": ""3.0.3"", ""scikit-learn"": ""1.9.0"", ""torch"": ""2.12.0""}"
adult,logreg,race,label_noise,0.3,3,0.212063,0.338923,0.217152,0.83736,0.724438,0.166407,0.395044,0.104491,0.643653,0.225368,0.117351,0.093715,102,36631,0.3,,3.11.15,"{""tinyaudit"": ""0.1.0"", ""numpy"": ""1.26.4"", ""pandas"": ""3.0.3"", ""scikit-learn"": ""1.9.0"", ""torch"": ""2.12.0""}"
adult,logreg,race,label_noise,0.3,4,0.184324,0.435374,0.178313,0.841373,0.736694,0.175825,0.396615,0.107763,0.643411,0.230568,0.067872,0.091632,102,36631,0.3,,3.11.15,"{""tinyaudit"": ""0.1.0"", ""numpy"": ""1.26.4"", ""pandas"": ""3.0.3"", ""scikit-learn"": ""1.9.0"", ""torch"": ""2.12.0""}"
adult,logreg,race,label_noise,0.4,0,0.294847,0.395493,0.164974,0.820817,0.687996,0.147244,0.446956,0.055929,0.677392,0.262926,0.152368,0.220547,102,36631,0.4,,3.11.15,"{""tinyaudit"": ""0.1.0"", ""numpy"": ""1.26.4"", ""pandas"": ""3.0.3"", ""scikit-learn"": ""1.9.0"", ""torch"": ""2.12.0""}"
adult,logreg,race,label_noise,0.4,1,0.195971,0.236334,0.251748,0.834493,0.756451,0.216608,0.45075,0.063234,0.676899,0.274276,0.127064,0.143002,102,36631,0.4,,3.11.15,"{""tinyaudit"": ""0.1.0"", ""numpy"": ""1.26.4"", ""pandas"": ""3.0.3"", ""scikit-learn"": ""1.9.0"", ""torch"": ""2.12.0""}"
adult,logreg,race,label_noise,0.4,2,0.340873,0.475275,0.135815,0.82524,0.714947,0.176398,0.449299,0.059367,0.678496,0.253724,0.184171,0.27968,102,36631,0.4,,3.11.15,"{""tinyaudit"": ""0.1.0"", ""numpy"": ""1.26.4"", ""pandas"": ""3.0.3"", ""scikit-learn"": ""1.9.0"", ""torch"": ""2.12.0""}"
adult,logreg,race,label_noise,0.4,3,0.140173,0.210008,0.230994,0.824093,0.696718,0.153141,0.446969,0.053102,0.680167,0.277067,0.112979,0.100498,102,36631,0.4,,3.11.15,"{""tinyaudit"": ""0.1.0"", ""numpy"": ""1.26.4"", ""pandas"": ""3.0.3"", ""scikit-learn"": ""1.9.0"", ""torch"": ""2.12.0""}"
adult,logreg,race,label_noise,0.4,4,0.129146,0.092105,0.463101,0.828679,0.73703,0.200639,0.446804,0.059144,0.679448,0.26366,0.111399,0.13789,102,36631,0.4,,3.11.15,"{""tinyaudit"": ""0.1.0"", ""numpy"": ""1.26.4"", ""pandas"": ""3.0.3"", ""scikit-learn"": ""1.9.0"", ""torch"": ""2.12.0""}"
adult,logreg,race,subsample,1.0,0,0.150246,0.143382,0.359296,0.853902,0.767449,0.194742,0.238785,0.28496,0.269291,0.046219,0.061498,0.080805,102,36631,0.0,,3.11.15,"{""tinyaudit"": ""0.1.0"", ""numpy"": ""1.26.4"", ""pandas"": ""3.0.3"", ""scikit-learn"": ""1.9.0"", ""torch"": ""2.12.0""}"
adult,logreg,race,subsample,1.0,1,0.153883,0.16293,0.387709,0.856523,0.778202,0.204733,0.242087,0.288425,0.271322,0.02654,0.047126,0.084032,102,36631,0.0,,3.11.15,"{""tinyaudit"": ""0.1.0"", ""numpy"": ""1.26.4"", ""pandas"": ""3.0.3"", ""scikit-learn"": ""1.9.0"", ""torch"": ""2.12.0""}"
adult,logreg,race,subsample,1.0,2,0.216468,0.464286,0.170973,0.848252,0.758926,0.193678,0.238568,0.284144,0.277558,0.033583,0.055702,0.110454,102,36631,0.0,,3.11.15,"{""tinyaudit"": ""0.1.0"", ""numpy"": ""1.26.4"", ""pandas"": ""3.0.3"", ""scikit-learn"": ""1.9.0"", ""torch"": ""2.12.0""}"
adult,logreg,race,subsample,1.0,3,0.17948,0.215357,0.291053,0.849644,0.761483,0.194579,0.238038,0.283732,0.285586,0.033466,0.066571,0.09586,102,36631,0.0,,3.11.15,"{""tinyaudit"": ""0.1.0"", ""numpy"": ""1.26.4"", ""pandas"": ""3.0.3"", ""scikit-learn"": ""1.9.0"", ""torch"": ""2.12.0""}"
adult,logreg,race,subsample,1.0,4,0.185135,0.329932,0.212644,0.853575,0.766881,0.194579,0.237738,0.284909,0.294741,0.032123,0.044895,0.09244,102,36631,0.0,,3.11.15,"{""tinyaudit"": ""0.1.0"", ""numpy"": ""1.26.4"", ""pandas"": ""3.0.3"", ""scikit-learn"": ""1.9.0"", ""torch"": ""2.12.0""}"
adult,logreg,race,subsample,0.5,0,0.134925,0.134383,0.382012,0.852592,0.763303,0.191467,0.237048,0.283516,0.268857,0.04582,0.072575,0.080027,102,18316,0.0,,3.11.15,"{""tinyaudit"": ""0.1.0"", ""numpy"": ""1.26.4"", ""pandas"": ""3.0.3"", ""scikit-learn"": ""1.9.0"", ""torch"": ""2.12.0""}"
adult,logreg,race,subsample,0.5,1,0.171754,0.23227,0.309329,0.854312,0.775576,0.205307,0.242712,0.288024,0.272214,0.026575,0.041157,0.085787,102,18316,0.0,,3.11.15,"{""tinyaudit"": ""0.1.0"", ""numpy"": ""1.26.4"", ""pandas"": ""3.0.3"", ""scikit-learn"": ""1.9.0"", ""torch"": ""2.12.0""}"
adult,logreg,race,subsample,0.5,2,0.205357,0.442308,0.178571,0.849234,0.760862,0.194497,0.238902,0.284237,0.275948,0.034405,0.071003,0.101759,102,18316,0.0,,3.11.15,"{""tinyaudit"": ""0.1.0"", ""numpy"": ""1.26.4"", ""pandas"": ""3.0.3"", ""scikit-learn"": ""1.9.0"", ""torch"": ""2.12.0""}"
adult,logreg,race,subsample,0.5,3,0.176549,0.19594,0.322943,0.849071,0.76181,0.196135,0.239163,0.284527,0.285041,0.040535,0.066238,0.0977,102,18316,0.0,,3.11.15,"{""tinyaudit"": ""0.1.0"", ""numpy"": ""1.26.4"", ""pandas"": ""3.0.3"", ""scikit-learn"": ""1.9.0"", ""torch"": ""2.12.0""}"
adult,logreg,race,subsample,0.5,4,0.168919,0.29932,0.228395,0.853165,0.763211,0.190238,0.235749,0.285852,0.28857,0.030014,0.051428,0.0888,102,18316,0.0,,3.11.15,"{""tinyaudit"": ""0.1.0"", ""numpy"": ""1.26.4"", ""pandas"": ""3.0.3"", ""scikit-learn"": ""1.9.0"", ""torch"": ""2.12.0""}"
adult,logreg,race,subsample,0.2,0,0.168686,0.194676,0.341237,0.850463,0.760731,0.191958,0.236685,0.28702,0.263124,0.039782,0.06921,0.100618,102,7326,0.0,,3.11.15,"{""tinyaudit"": ""0.1.0"", ""numpy"": ""1.26.4"", ""pandas"": ""3.0.3"", ""scikit-learn"": ""1.9.0"", ""torch"": ""2.12.0""}"
adult,logreg,race,subsample,0.2,1,0.11874,0.129957,0.450736,0.853984,0.772663,0.201867,0.236593,0.289081,0.255664,0.035611,0.053295,0.073007,102,7326,0.0,,3.11.15,"{""tinyaudit"": ""0.1.0"", ""numpy"": ""1.26.4"", ""pandas"": ""3.0.3"", ""scikit-learn"": ""1.9.0"", ""torch"": ""2.12.0""}"
adult,logreg,race,subsample,0.2,2,0.197024,0.284341,0.184729,0.845795,0.761651,0.202195,0.239155,0.292888,0.258678,0.048847,0.081779,0.098545,102,7326,0.0,,3.11.15,"{""tinyaudit"": ""0.1.0"", ""numpy"": ""1.26.4"", ""pandas"": ""3.0.3"", ""scikit-learn"": ""1.9.0"", ""torch"": ""2.12.0""}"
adult,logreg,race,subsample,0.2,3,0.129591,0.386364,0.449586,0.846204,0.760278,0.199492,0.241584,0.288368,0.278642,0.051019,0.076684,0.085437,102,7326,0.0,,3.11.15,"{""tinyaudit"": ""0.1.0"", ""numpy"": ""1.26.4"", ""pandas"": ""3.0.3"", ""scikit-learn"": ""1.9.0"", ""torch"": ""2.12.0""}"
adult,logreg,race,subsample,0.2,4,0.160811,0.339098,0.237179,0.851527,0.76014,0.189092,0.231392,0.28284,0.281424,0.030036,0.058618,0.085765,102,7326,0.0,,3.11.15,"{""tinyaudit"": ""0.1.0"", ""numpy"": ""1.26.4"", ""pandas"": ""3.0.3"", ""scikit-learn"": ""1.9.0"", ""torch"": ""2.12.0""}"
adult,logreg,race,subsample,0.1,0,0.163845,0.260967,0.293181,0.847269,0.757341,0.19335,0.23778,0.290079,0.25653,0.037455,0.062186,0.092251,102,3663,0.0,,3.11.15,"{""tinyaudit"": ""0.1.0"", ""numpy"": ""1.26.4"", ""pandas"": ""3.0.3"", ""scikit-learn"": ""1.9.0"", ""torch"": ""2.12.0""}"
adult,logreg,race,subsample,0.1,1,0.12471,0.209086,0.412414,0.850545,0.765242,0.1981,0.237685,0.294476,0.247779,0.049844,0.101441,0.099422,102,3663,0.0,,3.11.15,"{""tinyaudit"": ""0.1.0"", ""numpy"": ""1.26.4"", ""pandas"": ""3.0.3"", ""scikit-learn"": ""1.9.0"", ""torch"": ""2.12.0""}"
adult,logreg,race,subsample,0.1,2,0.226984,0.284341,0.190948,0.84301,0.761697,0.2076,0.252246,0.295438,0.271286,0.042875,0.069123,0.172235,102,3663,0.0,,3.11.15,"{""tinyaudit"": ""0.1.0"", ""numpy"": ""1.26.4"", ""pandas"": ""3.0.3"", ""scikit-learn"": ""1.9.0"", ""torch"": ""2.12.0""}"
adult,logreg,race,subsample,0.1,3,0.186676,0.186231,0.310871,0.843256,0.754587,0.197199,0.233824,0.288838,0.267787,0.051464,0.078785,0.119361,102,3663,0.0,,3.11.15,"{""tinyaudit"": ""0.1.0"", ""numpy"": ""1.26.4"", ""pandas"": ""3.0.3"", ""scikit-learn"": ""1.9.0"", ""torch"": ""2.12.0""}"
adult,logreg,race,subsample,0.1,4,0.229189,0.370748,0.207477,0.846122,0.771132,0.214806,0.246238,0.298686,0.272714,0.04097,0.064737,0.129063,102,3663,0.0,,3.11.15,"{""tinyaudit"": ""0.1.0"", ""numpy"": ""1.26.4"", ""pandas"": ""3.0.3"", ""scikit-learn"": ""1.9.0"", ""torch"": ""2.12.0""}"
adult,logreg,race,subsample,0.05,0,0.20387,0.160748,0.27966,0.840226,0.754589,0.203014,0.23584,0.297712,0.242289,0.051068,0.100298,0.114944,102,1832,0.0,,3.11.15,"{""tinyaudit"": ""0.1.0"", ""numpy"": ""1.26.4"", ""pandas"": ""3.0.3"", ""scikit-learn"": ""1.9.0"", ""torch"": ""2.12.0""}"
adult,logreg,race,subsample,0.05,1,0.116242,0.125059,0.456006,0.853247,0.770419,0.200147,0.233868,0.291116,0.23844,0.042341,0.092975,0.08738,102,1832,0.0,,3.11.15,"{""tinyaudit"": ""0.1.0"", ""numpy"": ""1.26.4"", ""pandas"": ""3.0.3"", ""scikit-learn"": ""1.9.0"", ""torch"": ""2.12.0""}"
adult,logreg,race,subsample,0.05,2,0.154762,0.092293,0.257143,0.841045,0.742225,0.184178,0.224999,0.288697,0.229365,0.060678,0.116211,0.107656,102,1832,0.0,,3.11.15,"{""tinyaudit"": ""0.1.0"", ""numpy"": ""1.26.4"", ""pandas"": ""3.0.3"", ""scikit-learn"": ""1.9.0"", ""torch"": ""2.12.0""}"
adult,logreg,race,subsample,0.05,3,0.129212,0.173318,0.442143,0.841454,0.766539,0.217345,0.255141,0.296049,0.293821,0.040483,0.064928,0.090706,102,1832,0.0,,3.11.15,"{""tinyaudit"": ""0.1.0"", ""numpy"": ""1.26.4"", ""pandas"": ""3.0.3"", ""scikit-learn"": ""1.9.0"", ""torch"": ""2.12.0""}"
adult,logreg,race,subsample,0.05,4,0.114349,0.253133,0.440422,0.846859,0.756369,0.192777,0.234447,0.286692,0.275139,0.040167,0.067539,0.07241,102,1832,0.0,,3.11.15,"{""tinyaudit"": ""0.1.0"", ""numpy"": ""1.26.4"", ""pandas"": ""3.0.3"", ""scikit-learn"": ""1.9.0"", ""torch"": ""2.12.0""}"
adult,logreg,race,subsample,0.02,0,0.197263,0.329293,0.282505,0.836295,0.751067,0.205634,0.242726,0.29869,0.242942,0.055655,0.086319,0.13853,102,733,0.0,,3.11.15,"{""tinyaudit"": ""0.1.0"", ""numpy"": ""1.26.4"", ""pandas"": ""3.0.3"", ""scikit-learn"": ""1.9.0"", ""torch"": ""2.12.0""}"
adult,logreg,race,subsample,0.02,1,0.133223,0.151222,0.440462,0.834166,0.759285,0.221194,0.251849,0.315985,0.237451,0.063788,0.078416,0.100467,102,733,0.0,,3.11.15,"{""tinyaudit"": ""0.1.0"", ""numpy"": ""1.26.4"", ""pandas"": ""3.0.3"", ""scikit-learn"": ""1.9.0"", ""torch"": ""2.12.0""}"
adult,logreg,race,subsample,0.02,2,0.199603,0.16151,0.309066,0.830153,0.737881,0.199001,0.246714,0.29237,0.267453,0.050147,0.08431,0.168663,102,733,0.0,,3.11.15,"{""tinyaudit"": ""0.1.0"", ""numpy"": ""1.26.4"", ""pandas"": ""3.0.3"", ""scikit-learn"": ""1.9.0"", ""torch"": ""2.12.0""}"
adult,logreg,race,subsample,0.02,3,0.166805,0.120698,0.378414,0.826959,0.733905,0.199574,0.237451,0.297633,0.263247,0.057372,0.112413,0.133636,102,733,0.0,,3.11.15,"{""tinyaudit"": ""0.1.0"", ""numpy"": ""1.26.4"", ""pandas"": ""3.0.3"", ""scikit-learn"": ""1.9.0"", ""torch"": ""2.12.0""}"
adult,logreg,race,subsample,0.02,4,0.183821,0.305764,0.246083,0.829089,0.758528,0.229875,0.252459,0.313433,0.258091,0.041492,0.060863,0.099769,102,733,0.0,,3.11.15,"{""tinyaudit"": ""0.1.0"", ""numpy"": ""1.26.4"", ""pandas"": ""3.0.3"", ""scikit-learn"": ""1.9.0"", ""torch"": ""2.12.0""}"
compas,logreg,sex,prune,0.0,0,0.163081,0.148721,0.557752,0.683085,0.669956,0.33895,0.459252,0.191779,0.610793,0.057255,0.038814,0.179551,6,4629,0.0,,3.11.15,"{""tinyaudit"": ""0.1.0"", ""numpy"": ""1.26.4"", ""pandas"": ""3.0.3"", ""scikit-learn"": ""1.9.0"", ""torch"": ""2.12.0""}"
compas,logreg,sex,prune,0.0,1,0.134466,0.145209,0.622637,0.67466,0.660579,0.329229,0.451531,0.183818,0.616732,0.050717,0.050286,0.142136,6,4629,0.0,,3.11.15,"{""tinyaudit"": ""0.1.0"", ""numpy"": ""1.26.4"", ""pandas"": ""3.0.3"", ""scikit-learn"": ""1.9.0"", ""torch"": ""2.12.0""}"
compas,logreg,sex,prune,0.0,2,0.138047,0.132843,0.600983,0.686325,0.671398,0.318859,0.448499,0.182946,0.614566,0.058241,0.051497,0.193546,6,4629,0.0,,3.11.15,"{""tinyaudit"": ""0.1.0"", ""numpy"": ""1.26.4"", ""pandas"": ""3.0.3"", ""scikit-learn"": ""1.9.0"", ""torch"": ""2.12.0""}"
compas,logreg,sex,prune,0.0,3,0.16517,0.165678,0.542064,0.685677,0.67151,0.327285,0.45165,0.189293,0.610862,0.06246,0.042602,0.182945,6,4629,0.0,,3.11.15,"{""tinyaudit"": ""0.1.0"", ""numpy"": ""1.26.4"", ""pandas"": ""3.0.3"", ""scikit-learn"": ""1.9.0"", ""torch"": ""2.12.0""}"
compas,logreg,sex,prune,0.0,4,0.103432,0.078001,0.712562,0.685677,0.672805,0.341542,0.457869,0.191438,0.622644,0.075628,0.079978,0.133715,6,4629,0.0,,3.11.15,"{""tinyaudit"": ""0.1.0"", ""numpy"": ""1.26.4"", ""pandas"": ""3.0.3"", ""scikit-learn"": ""1.9.0"", ""torch"": ""2.12.0""}"
compas,logreg,sex,prune,0.3,0,0.163081,0.153672,0.557752,0.686973,0.673876,0.33895,0.4592,0.191192,0.610822,0.057236,0.030695,0.17573,6,4629,0.0,,3.11.15,"{""tinyaudit"": ""0.1.0"", ""numpy"": ""1.26.4"", ""pandas"": ""3.0.3"", ""scikit-learn"": ""1.9.0"", ""torch"": ""2.12.0""}"
compas,logreg,sex,prune,0.3,1,0.13047,0.151966,0.636336,0.676604,0.662834,0.332469,0.452025,0.182355,0.617825,0.051602,0.037617,0.142698,6,4629,0.0,,3.11.15,"{""tinyaudit"": ""0.1.0"", ""numpy"": ""1.26.4"", ""pandas"": ""3.0.3"", ""scikit-learn"": ""1.9.0"", ""torch"": ""2.12.0""}"
compas,logreg,sex,prune,0.3,2,0.131521,0.116373,0.616269,0.684381,0.669262,0.316915,0.448879,0.181784,0.615401,0.058652,0.058037,0.189618,6,4629,0.0,,3.11.15,"{""tinyaudit"": ""0.1.0"", ""numpy"": ""1.26.4"", ""pandas"": ""3.0.3"", ""scikit-learn"": ""1.9.0"", ""torch"": ""2.12.0""}"
compas,logreg,sex,prune,0.3,3,0.161152,0.155054,0.552194,0.685677,0.67151,0.327285,0.451787,0.189844,0.610375,0.062425,0.041917,0.183889,6,4629,0.0,,3.11.15,"{""tinyaudit"": ""0.1.0"", ""numpy"": ""1.26.4"", ""pandas"": ""3.0.3"", ""scikit-learn"": ""1.9.0"", ""torch"": ""2.12.0""}"
compas,logreg,sex,prune,0.3,4,0.107404,0.078913,0.713439,0.686973,0.675407,0.3558,0.459011,0.188707,0.6247,0.073703,0.081649,0.130472,6,4629,0.0,,3.11.15,"{""tinyaudit"": ""0.1.0"", ""numpy"": ""1.26.4"", ""pandas"": ""3.0.3"", ""scikit-learn"": ""1.9.0"", ""torch"": ""2.12.0""}"
compas,logreg,sex,prune,0.5,0,0.151605,0.131704,0.579838,0.685029,0.671386,0.333117,0.460213,0.18648,0.614602,0.065501,0.046795,0.172622,6,4629,0.0,,3.11.15,"{""tinyaudit"": ""0.1.0"", ""numpy"": ""1.26.4"", ""pandas"": ""3.0.3"", ""scikit-learn"": ""1.9.0"", ""torch"": ""2.12.0""}"
compas,logreg,sex,prune,0.5,1,0.131219,0.163391,0.628362,0.67466,0.660344,0.326636,0.452516,0.177381,0.620975,0.049261,0.029415,0.133964,6,4629,0.0,,3.11.15,"{""tinyaudit"": ""0.1.0"", ""numpy"": ""1.26.4"", ""pandas"": ""3.0.3"", ""scikit-learn"": ""1.9.0"", ""torch"": ""2.12.0""}"
compas,logreg,sex,prune,0.5,2,0.107687,0.072157,0.682068,0.685029,0.669974,0.317563,0.44963,0.175739,0.619527,0.066927,0.06352,0.179583,6,4629,0.0,,3.11.15,"{""tinyaudit"": ""0.1.0"", ""numpy"": ""1.26.4"", ""pandas"": ""3.0.3"", ""scikit-learn"": ""1.9.0"", ""torch"": ""2.12.0""}"
compas,logreg,sex,prune,0.5,3,0.169276,0.151211,0.540004,0.684381,0.670792,0.333765,0.451436,0.18308,0.615172,0.065799,0.041826,0.172174,6,4629,0.0,,3.11.15,"{""tinyaudit"": ""0.1.0"", ""numpy"": ""1.26.4"", ""pandas"": ""3.0.3"", ""scikit-learn"": ""1.9.0"", ""torch"": ""2.12.0""}"
compas,logreg,sex,prune,0.5,4,0.094257,0.069394,0.733985,0.683085,0.669838,0.337654,0.458311,0.182459,0.629519,0.077664,0.080792,0.124078,6,4629,0.0,,3.11.15,"{""tinyaudit"": ""0.1.0"", ""numpy"": ""1.26.4"", ""pandas"": ""3.0.3"", ""scikit-learn"": ""1.9.0"", ""torch"": ""2.12.0""}"
compas,logreg,sex,prune,0.7,0,0.13091,0.134488,0.50723,0.636423,0.614083,0.241737,0.448999,0.164901,0.632105,0.073392,0.092344,0.151772,6,4629,0.0,,3.11.15,"{""tinyaudit"": ""0.1.0"", ""numpy"": ""1.26.4"", ""pandas"": ""3.0.3"", ""scikit-learn"": ""1.9.0"", ""torch"": ""2.12.0""}"
compas,logreg,sex,prune,0.7,1,0.123006,0.140326,0.51115,0.640959,0.617303,0.226831,0.439484,0.152086,0.634719,0.040016,0.032306,0.155686,6,4629,0.0,,3.11.15,"{""tinyaudit"": ""0.1.0"", ""numpy"": ""1.26.4"", ""pandas"": ""3.0.3"", ""scikit-learn"": ""1.9.0"", ""torch"": ""2.12.0""}"
compas,logreg,sex,prune,0.7,2,0.128396,0.141373,0.513116,0.63059,0.607908,0.238496,0.442814,0.151891,0.637542,0.069243,0.07268,0.175782,6,4629,0.0,,3.11.15,"{""tinyaudit"": ""0.1.0"", ""numpy"": ""1.26.4"", ""pandas"": ""3.0.3"", ""scikit-learn"": ""1.9.0"", ""torch"": ""2.12.0""}"
compas,logreg,sex,prune,0.7,3,0.139057,0.133505,0.479698,0.627349,0.6047,0.239145,0.445262,0.160308,0.634188,0.058857,0.049781,0.158221,6,4629,0.0,,3.11.15,"{""tinyaudit"": ""0.1.0"", ""numpy"": ""1.26.4"", ""pandas"": ""3.0.3"", ""scikit-learn"": ""1.9.0"", ""torch"": ""2.12.0""}"
compas,logreg,sex,prune,0.7,4,0.107571,0.089006,0.588508,0.631886,0.609568,0.242385,0.45145,0.161021,0.642882,0.066365,0.080978,0.149434,6,4629,0.0,,3.11.15,"{""tinyaudit"": ""0.1.0"", ""numpy"": ""1.26.4"", ""pandas"": ""3.0.3"", ""scikit-learn"": ""1.9.0"", ""torch"": ""2.12.0""}"
compas,logreg,sex,prune,0.9,0,0.0,0.0,1.0,0.545042,0.5,0.0,0.456009,0.0,0.688861,0.070073,0.08648,0.0,6,4629,0.0,,3.11.15,"{""tinyaudit"": ""0.1.0"", ""numpy"": ""1.26.4"", ""pandas"": ""3.0.3"", ""scikit-learn"": ""1.9.0"", ""torch"": ""2.12.0""}"
compas,logreg,sex,prune,0.9,1,0.0,0.0,1.0,0.545042,0.5,0.0,0.456142,0.0,0.688948,0.063411,0.074199,0.0,6,4629,0.0,,3.11.15,"{""tinyaudit"": ""0.1.0"", ""numpy"": ""1.26.4"", ""pandas"": ""3.0.3"", ""scikit-learn"": ""1.9.0"", ""torch"": ""2.12.0""}"
compas,logreg,sex,prune,0.9,2,0.0,0.0,1.0,0.545042,0.5,0.0,0.457221,0.0,0.688942,0.073619,0.087855,0.0,6,4629,0.0,,3.11.15,"{""tinyaudit"": ""0.1.0"", ""numpy"": ""1.26.4"", ""pandas"": ""3.0.3"", ""scikit-learn"": ""1.9.0"", ""torch"": ""2.12.0""}"
compas,logreg,sex,prune,0.9,3,0.0,0.0,1.0,0.545042,0.5,0.0,0.457949,0.0,0.689554,0.060155,0.07702,0.0,6,4629,0.0,,3.11.15,"{""tinyaudit"": ""0.1.0"", ""numpy"": ""1.26.4"", ""pandas"": ""3.0.3"", ""scikit-learn"": ""1.9.0"", ""torch"": ""2.12.0""}"
compas,logreg,sex,prune,0.9,4,0.0,0.0,1.0,0.545042,0.5,0.0,0.458031,0.0,0.689562,0.067209,0.092315,0.0,6,4629,0.0,,3.11.15,"{""tinyaudit"": ""0.1.0"", ""numpy"": ""1.26.4"", ""pandas"": ""3.0.3"", ""scikit-learn"": ""1.9.0"", ""torch"": ""2.12.0""}"
compas,logreg,sex,prune,0.95,0,0.0,0.0,1.0,0.545042,0.5,0.0,0.456009,0.0,0.688861,0.070073,0.08648,0.0,6,4629,0.0,,3.11.15,"{""tinyaudit"": ""0.1.0"", ""numpy"": ""1.26.4"", ""pandas"": ""3.0.3"", ""scikit-learn"": ""1.9.0"", ""torch"": ""2.12.0""}"
compas,logreg,sex,prune,0.95,1,0.0,0.0,1.0,0.545042,0.5,0.0,0.456142,0.0,0.688948,0.063411,0.074199,0.0,6,4629,0.0,,3.11.15,"{""tinyaudit"": ""0.1.0"", ""numpy"": ""1.26.4"", ""pandas"": ""3.0.3"", ""scikit-learn"": ""1.9.0"", ""torch"": ""2.12.0""}"
compas,logreg,sex,prune,0.95,2,0.0,0.0,1.0,0.545042,0.5,0.0,0.457221,0.0,0.688942,0.073619,0.087855,0.0,6,4629,0.0,,3.11.15,"{""tinyaudit"": ""0.1.0"", ""numpy"": ""1.26.4"", ""pandas"": ""3.0.3"", ""scikit-learn"": ""1.9.0"", ""torch"": ""2.12.0""}"
compas,logreg,sex,prune,0.95,3,0.0,0.0,1.0,0.545042,0.5,0.0,0.457949,0.0,0.689554,0.060155,0.07702,0.0,6,4629,0.0,,3.11.15,"{""tinyaudit"": ""0.1.0"", ""numpy"": ""1.26.4"", ""pandas"": ""3.0.3"", ""scikit-learn"": ""1.9.0"", ""torch"": ""2.12.0""}"
compas,logreg,sex,prune,0.95,4,0.0,0.0,1.0,0.545042,0.5,0.0,0.458031,0.0,0.689562,0.067209,0.092315,0.0,6,4629,0.0,,3.11.15,"{""tinyaudit"": ""0.1.0"", ""numpy"": ""1.26.4"", ""pandas"": ""3.0.3"", ""scikit-learn"": ""1.9.0"", ""torch"": ""2.12.0""}"
compas,logreg,sex,label_noise,0.0,0,0.163081,0.148721,0.557752,0.683085,0.669956,0.33895,0.459252,0.191779,0.610793,0.057255,0.038814,0.179551,6,4629,0.0,,3.11.15,"{""tinyaudit"": ""0.1.0"", ""numpy"": ""1.26.4"", ""pandas"": ""3.0.3"", ""scikit-learn"": ""1.9.0"", ""torch"": ""2.12.0""}"
compas,logreg,sex,label_noise,0.0,1,0.134466,0.145209,0.622637,0.67466,0.660579,0.329229,0.451531,0.183818,0.616732,0.050717,0.050286,0.142136,6,4629,0.0,,3.11.15,"{""tinyaudit"": ""0.1.0"", ""numpy"": ""1.26.4"", ""pandas"": ""3.0.3"", ""scikit-learn"": ""1.9.0"", ""torch"": ""2.12.0""}"
compas,logreg,sex,label_noise,0.0,2,0.138047,0.132843,0.600983,0.686325,0.671398,0.318859,0.448499,0.182946,0.614566,0.058241,0.051497,0.193546,6,4629,0.0,,3.11.15,"{""tinyaudit"": ""0.1.0"", ""numpy"": ""1.26.4"", ""pandas"": ""3.0.3"", ""scikit-learn"": ""1.9.0"", ""torch"": ""2.12.0""}"
compas,logreg,sex,label_noise,0.0,3,0.16517,0.165678,0.542064,0.685677,0.67151,0.327285,0.45165,0.189293,0.610862,0.06246,0.042602,0.182945,6,4629,0.0,,3.11.15,"{""tinyaudit"": ""0.1.0"", ""numpy"": ""1.26.4"", ""pandas"": ""3.0.3"", ""scikit-learn"": ""1.9.0"", ""torch"": ""2.12.0""}"
compas,logreg,sex,label_noise,0.0,4,0.103432,0.078001,0.712562,0.685677,0.672805,0.341542,0.457869,0.191438,0.622644,0.075628,0.079978,0.133715,6,4629,0.0,,3.11.15,"{""tinyaudit"": ""0.1.0"", ""numpy"": ""1.26.4"", ""pandas"": ""3.0.3"", ""scikit-learn"": ""1.9.0"", ""torch"": ""2.12.0""}"
compas,logreg,sex,label_noise,0.05,0,0.152682,0.139851,0.556378,0.679844,0.664629,0.316267,0.455729,0.174854,0.623471,0.058202,0.042897,0.169421,6,4629,0.05,,3.11.15,"{""tinyaudit"": ""0.1.0"", ""numpy"": ""1.26.4"", ""pandas"": ""3.0.3"", ""scikit-learn"": ""1.9.0"", ""torch"": ""2.12.0""}"
compas,logreg,sex,label_noise,0.05,1,0.126381,0.138452,0.640413,0.672715,0.658325,0.325988,0.455109,0.169175,0.629444,0.056701,0.050097,0.145226,6,4629,0.05,,3.11.15,"{""tinyaudit"": ""0.1.0"", ""numpy"": ""1.26.4"", ""pandas"": ""3.0.3"", ""scikit-learn"": ""1.9.0"", ""torch"": ""2.12.0""}"
compas,logreg,sex,label_noise,0.05,2,0.130938,0.13098,0.605915,0.68827,0.67224,0.306546,0.450011,0.159942,0.632441,0.069214,0.052608,0.187423,6,4629,0.05,,3.11.15,"{""tinyaudit"": ""0.1.0"", ""numpy"": ""1.26.4"", ""pandas"": ""3.0.3"", ""scikit-learn"": ""1.9.0"", ""torch"": ""2.12.0""}"
compas,logreg,sex,label_noise,0.05,3,0.168375,0.174607,0.533177,0.685029,0.670798,0.326636,0.452144,0.172942,0.623963,0.05581,0.02897,0.176049,6,4629,0.05,,3.11.15,"{""tinyaudit"": ""0.1.0"", ""numpy"": ""1.26.4"", ""pandas"": ""3.0.3"", ""scikit-learn"": ""1.9.0"", ""torch"": ""2.12.0""}"
compas,logreg,sex,label_noise,0.05,4,0.101857,0.070904,0.715695,0.684381,0.671381,0.340246,0.459265,0.173661,0.635457,0.078555,0.085179,0.133095,6,4629,0.05,,3.11.15,"{""tinyaudit"": ""0.1.0"", ""numpy"": ""1.26.4"", ""pandas"": ""3.0.3"", ""scikit-learn"": ""1.9.0"", ""torch"": ""2.12.0""}"
compas,logreg,sex,label_noise,0.1,0,0.153056,0.134901,0.551155,0.679196,0.663681,0.313027,0.463273,0.153581,0.640808,0.077582,0.057871,0.170697,6,4629,0.1,,3.11.15,"{""tinyaudit"": ""0.1.0"", ""numpy"": ""1.26.4"", ""pandas"": ""3.0.3"", ""scikit-learn"": ""1.9.0"", ""torch"": ""2.12.0""}"
compas,logreg,sex,label_noise,0.1,1,0.12791,0.148188,0.627458,0.672067,0.656906,0.317563,0.459367,0.147171,0.644805,0.064047,0.032695,0.140931,6,4629,0.1,,3.11.15,"{""tinyaudit"": ""0.1.0"", ""numpy"": ""1.26.4"", ""pandas"": ""3.0.3"", ""scikit-learn"": ""1.9.0"", ""torch"": ""2.12.0""}"
compas,logreg,sex,label_noise,0.1,2,0.126682,0.122843,0.625094,0.684381,0.668908,0.313027,0.458754,0.149339,0.642321,0.078897,0.056749,0.194628,6,4629,0.1,,3.11.15,"{""tinyaudit"": ""0.1.0"", ""numpy"": ""1.26.4"", ""pandas"": ""3.0.3"", ""scikit-learn"": ""1.9.0"", ""torch"": ""2.12.0""}"
compas,logreg,sex,label_noise,0.1,3,0.155466,0.155508,0.561059,0.682437,0.667831,0.322748,0.463861,0.150074,0.643089,0.075126,0.034378,0.182869,6,4629,0.1,,3.11.15,"{""tinyaudit"": ""0.1.0"", ""numpy"": ""1.26.4"", ""pandas"": ""3.0.3"", ""scikit-learn"": ""1.9.0"", ""torch"": ""2.12.0""}"
compas,logreg,sex,label_noise,0.1,4,0.109218,0.079968,0.70425,0.686325,0.674224,0.349968,0.471292,0.157317,0.648012,0.097509,0.080703,0.133974,6,4629,0.1,,3.11.15,"{""tinyaudit"": ""0.1.0"", ""numpy"": ""1.26.4"", ""pandas"": ""3.0.3"", ""scikit-learn"": ""1.9.0"", ""torch"": ""2.12.0""}"
compas,logreg,sex,label_noise,0.2,0,0.159386,0.135726,0.608977,0.690214,0.680734,0.378483,0.48213,0.117441,0.663999,0.110847,0.039732,0.171299,6,4629,0.2,,3.11.15,"{""tinyaudit"": ""0.1.0"", ""numpy"": ""1.26.4"", ""pandas"": ""3.0.3"", ""scikit-learn"": ""1.9.0"", ""torch"": ""2.12.0""}"
compas,logreg,sex,label_noise,0.2,1,0.127315,0.157371,0.547977,0.666235,0.645434,0.255995,0.462314,0.106136,0.667239,0.08799,0.038227,0.13811,6,4629,0.2,,3.11.15,"{""tinyaudit"": ""0.1.0"", ""numpy"": ""1.26.4"", ""pandas"": ""3.0.3"", ""scikit-learn"": ""1.9.0"", ""torch"": ""2.12.0""}"
compas,logreg,sex,label_noise,0.2,2,0.12616,0.098824,0.650025,0.687622,0.674235,0.33571,0.474025,0.115415,0.66441,0.113098,0.057949,0.195788,6,4629,0.2,,3.11.15,"{""tinyaudit"": ""0.1.0"", ""numpy"": ""1.26.4"", ""pandas"": ""3.0.3"", ""scikit-learn"": ""1.9.0"", ""torch"": ""2.12.0""}"
compas,logreg,sex,label_noise,0.2,3,0.180516,0.181386,0.511616,0.683733,0.67008,0.333117,0.470527,0.115917,0.663155,0.110557,0.045442,0.174161,6,4629,0.2,,3.11.15,"{""tinyaudit"": ""0.1.0"", ""numpy"": ""1.26.4"", ""pandas"": ""3.0.3"", ""scikit-learn"": ""1.9.0"", ""torch"": ""2.12.0""}"
compas,logreg,sex,label_noise,0.2,4,0.107779,0.089917,0.670964,0.685029,0.66915,0.30849,0.470898,0.113119,0.669621,0.130097,0.102111,0.130334,6,4629,0.2,,3.11.15,"{""tinyaudit"": ""0.1.0"", ""numpy"": ""1.26.4"", ""pandas"": ""3.0.3"", ""scikit-learn"": ""1.9.0"", ""torch"": ""2.12.0""}"
compas,logreg,sex,label_noise,0.3,0,0.150542,0.158932,0.525417,0.674012,0.656335,0.289695,0.475645,0.080113,0.678527,0.125217,0.043922,0.150997,6,4629,0.3,,3.11.15,"{""tinyaudit"": ""0.1.0"", ""numpy"": ""1.26.4"", ""pandas"": ""3.0.3"", ""scikit-learn"": ""1.9.0"", ""torch"": ""2.12.0""}"
compas,logreg,sex,label_noise,0.3,1,0.118076,0.128563,0.635415,0.666235,0.649436,0.300065,0.477403,0.071512,0.681587,0.120738,0.032755,0.12748,6,4629,0.3,,3.11.15,"{""tinyaudit"": ""0.1.0"", ""numpy"": ""1.26.4"", ""pandas"": ""3.0.3"", ""scikit-learn"": ""1.9.0"", ""torch"": ""2.12.0""}"
compas,logreg,sex,label_noise,0.3,2,0.103417,0.109216,0.72831,0.688918,0.677779,0.360337,0.480203,0.078991,0.679206,0.132259,0.019034,0.174054,6,4629,0.3,,3.11.15,"{""tinyaudit"": ""0.1.0"", ""numpy"": ""1.26.4"", ""pandas"": ""3.0.3"", ""scikit-learn"": ""1.9.0"", ""torch"": ""2.12.0""}"
compas,logreg,sex,label_noise,0.3,3,0.17511,0.198577,0.462442,0.67466,0.657047,0.290343,0.474376,0.082806,0.677642,0.116145,0.034507,0.166803,6,4629,0.3,,3.11.15,"{""tinyaudit"": ""0.1.0"", ""numpy"": ""1.26.4"", ""pandas"": ""3.0.3"", ""scikit-learn"": ""1.9.0"", ""torch"": ""2.12.0""}"
compas,logreg,sex,label_noise,0.3,4,0.087719,0.072415,0.752987,0.682437,0.669362,0.339598,0.482756,0.07656,0.682826,0.157391,0.092258,0.116863,6,4629,0.3,,3.11.15,"{""tinyaudit"": ""0.1.0"", ""numpy"": ""1.26.4"", ""pandas"": ""3.0.3"", ""scikit-learn"": ""1.9.0"", ""torch"": ""2.12.0""}"
compas,logreg,sex,label_noise,0.4,0,0.11683,0.12665,0.468149,0.635774,0.609486,0.198315,0.485192,0.032261,0.690636,0.128514,0.074282,0.108789,6,4629,0.4,,3.11.15,"{""tinyaudit"": ""0.1.0"", ""numpy"": ""1.26.4"", ""pandas"": ""3.0.3"", ""scikit-learn"": ""1.9.0"", ""torch"": ""2.12.0""}"
compas,logreg,sex,label_noise,0.4,1,0.041754,0.064097,0.915671,0.628645,0.628491,0.486714,0.491468,0.052708,0.687347,0.098865,0.009644,0.093529,6,4629,0.4,,3.11.15,"{""tinyaudit"": ""0.1.0"", ""numpy"": ""1.26.4"", ""pandas"": ""3.0.3"", ""scikit-learn"": ""1.9.0"", ""torch"": ""2.12.0""}"
compas,logreg,sex,label_noise,0.4,2,0.149947,0.180686,0.491984,0.678548,0.658731,0.265716,0.489056,0.034702,0.690469,0.16266,0.040381,0.179069,6,4629,0.4,,3.11.15,"{""tinyaudit"": ""0.1.0"", ""numpy"": ""1.26.4"", ""pandas"": ""3.0.3"", ""scikit-learn"": ""1.9.0"", ""torch"": ""2.12.0""}"
compas,logreg,sex,label_noise,0.4,3,0.15362,0.139467,0.543223,0.671419,0.655134,0.30525,0.489722,0.045444,0.688707,0.154435,0.050795,0.172997,6,4629,0.4,,3.11.15,"{""tinyaudit"": ""0.1.0"", ""numpy"": ""1.26.4"", ""pandas"": ""3.0.3"", ""scikit-learn"": ""1.9.0"", ""torch"": ""2.12.0""}"
compas,logreg,sex,label_noise,0.4,4,0.115171,0.085073,0.565972,0.650032,0.628098,0.244977,0.484105,0.055224,0.687313,0.131788,0.089378,0.132012,6,4629,0.4,,3.11.15,"{""tinyaudit"": ""0.1.0"", ""numpy"": ""1.26.4"", ""pandas"": ""3.0.3"", ""scikit-learn"": ""1.9.0"", ""torch"": ""2.12.0""}"
compas,logreg,sex,subsample,1.0,0,0.163081,0.148721,0.557752,0.683085,0.669956,0.33895,0.459252,0.191779,0.610793,0.057255,0.038814,0.179551,6,4629,0.0,,3.11.15,"{""tinyaudit"": ""0.1.0"", ""numpy"": ""1.26.4"", ""pandas"": ""3.0.3"", ""scikit-learn"": ""1.9.0"", ""torch"": ""2.12.0""}"
compas,logreg,sex,subsample,1.0,1,0.134466,0.145209,0.622637,0.67466,0.660579,0.329229,0.451531,0.183818,0.616732,0.050717,0.050286,0.142136,6,4629,0.0,,3.11.15,"{""tinyaudit"": ""0.1.0"", ""numpy"": ""1.26.4"", ""pandas"": ""3.0.3"", ""scikit-learn"": ""1.9.0"", ""torch"": ""2.12.0""}"
compas,logreg,sex,subsample,1.0,2,0.138047,0.132843,0.600983,0.686325,0.671398,0.318859,0.448499,0.182946,0.614566,0.058241,0.051497,0.193546,6,4629,0.0,,3.11.15,"{""tinyaudit"": ""0.1.0"", ""numpy"": ""1.26.4"", ""pandas"": ""3.0.3"", ""scikit-learn"": ""1.9.0"", ""torch"": ""2.12.0""}"
compas,logreg,sex,subsample,1.0,3,0.16517,0.165678,0.542064,0.685677,0.67151,0.327285,0.45165,0.189293,0.610862,0.06246,0.042602,0.182945,6,4629,0.0,,3.11.15,"{""tinyaudit"": ""0.1.0"", ""numpy"": ""1.26.4"", ""pandas"": ""3.0.3"", ""scikit-learn"": ""1.9.0"", ""torch"": ""2.12.0""}"
compas,logreg,sex,subsample,1.0,4,0.103432,0.078001,0.712562,0.685677,0.672805,0.341542,0.457869,0.191438,0.622644,0.075628,0.079978,0.133715,6,4629,0.0,,3.11.15,"{""tinyaudit"": ""0.1.0"", ""numpy"": ""1.26.4"", ""pandas"": ""3.0.3"", ""scikit-learn"": ""1.9.0"", ""torch"": ""2.12.0""}"
compas,logreg,sex,subsample,0.5,0,0.158188,0.146968,0.538252,0.678548,0.663087,0.313675,0.449003,0.17778,0.619453,0.05918,0.046393,0.163735,6,2314,0.0,,3.11.15,"{""tinyaudit"": ""0.1.0"", ""numpy"": ""1.26.4"", ""pandas"": ""3.0.3"", ""scikit-learn"": ""1.9.0"", ""torch"": ""2.12.0""}"
compas,logreg,sex,subsample,0.5,1,0.121573,0.121959,0.655682,0.674012,0.659867,0.328581,0.451149,0.186383,0.614674,0.050298,0.054546,0.144494,6,2314,0.0,,3.11.15,"{""tinyaudit"": ""0.1.0"", ""numpy"": ""1.26.4"", ""pandas"": ""3.0.3"", ""scikit-learn"": ""1.9.0"", ""torch"": ""2.12.0""}"
compas,logreg,sex,subsample,0.5,2,0.124412,0.129314,0.621886,0.688918,0.672717,0.304601,0.437807,0.190859,0.603972,0.054237,0.053235,0.18746,6,2314,0.0,,3.11.15,"{""tinyaudit"": ""0.1.0"", ""numpy"": ""1.26.4"", ""pandas"": ""3.0.3"", ""scikit-learn"": ""1.9.0"", ""torch"": ""2.12.0""}"
compas,logreg,sex,subsample,0.5,3,0.158671,0.153814,0.55201,0.681789,0.667119,0.3221,0.449946,0.182542,0.616072,0.054768,0.027419,0.180715,6,2314,0.0,,3.11.15,"{""tinyaudit"": ""0.1.0"", ""numpy"": ""1.26.4"", ""pandas"": ""3.0.3"", ""scikit-learn"": ""1.9.0"", ""torch"": ""2.12.0""}"
compas,logreg,sex,subsample,0.5,4,0.097886,0.069993,0.714874,0.683085,0.668779,0.325988,0.45081,0.183484,0.626746,0.075312,0.080973,0.130022,6,2314,0.0,,3.11.15,"{""tinyaudit"": ""0.1.0"", ""numpy"": ""1.26.4"", ""pandas"": ""3.0.3"", ""scikit-learn"": ""1.9.0"", ""torch"": ""2.12.0""}"
compas,logreg,sex,subsample,0.2,0,0.148329,0.120875,0.632529,0.680493,0.670756,0.376539,0.488065,0.20624,0.602213,0.053154,0.032196,0.184861,6,926,0.0,,3.11.15,"{""tinyaudit"": ""0.1.0"", ""numpy"": ""1.26.4"", ""pandas"": ""3.0.3"", ""scikit-learn"": ""1.9.0"", ""torch"": ""2.12.0""}"
compas,logreg,sex,subsample,0.2,1,0.12204,0.139343,0.616445,0.672715,0.655382,0.293584,0.428531,0.187374,0.60539,0.046924,0.033158,0.127271,6,926,0.0,,3.11.15,"{""tinyaudit"": ""0.1.0"", ""numpy"": ""1.26.4"", ""pandas"": ""3.0.3"", ""scikit-learn"": ""1.9.0"", ""torch"": ""2.12.0""}"
compas,logreg,sex,subsample,0.2,2,0.130627,0.128824,0.657554,0.690862,0.679327,0.3558,0.458778,0.186509,0.614526,0.064523,0.051403,0.19856,6,926,0.0,,3.11.15,"{""tinyaudit"": ""0.1.0"", ""numpy"": ""1.26.4"", ""pandas"": ""3.0.3"", ""scikit-learn"": ""1.9.0"", ""torch"": ""2.12.0""}"
compas,logreg,sex,subsample,0.2,3,0.165672,0.180266,0.51093,0.670123,0.653828,0.30525,0.44918,0.183608,0.615782,0.036504,0.030281,0.181978,6,926,0.0,,3.11.15,"{""tinyaudit"": ""0.1.0"", ""numpy"": ""1.26.4"", ""pandas"": ""3.0.3"", ""scikit-learn"": ""1.9.0"", ""torch"": ""2.12.0""}"
compas,logreg,sex,subsample,0.2,4,0.082755,0.057166,0.768505,0.680493,0.667696,0.342839,0.451501,0.175376,0.632494,0.076085,0.07856,0.113244,6,926,0.0,,3.11.15,"{""tinyaudit"": ""0.1.0"", ""numpy"": ""1.26.4"", ""pandas"": ""3.0.3"", ""scikit-learn"": ""1.9.0"", ""torch"": ""2.12.0""}"
compas,logreg,sex,subsample,0.1,0,0.172567,0.221432,0.444882,0.676604,0.658007,0.279326,0.444849,0.172308,0.622609,0.041197,0.023876,0.157008,6,463,0.0,,3.11.15,"{""tinyaudit"": ""0.1.0"", ""numpy"": ""1.26.4"", ""pandas"": ""3.0.3"", ""scikit-learn"": ""1.9.0"", ""torch"": ""2.12.0""}"
compas,logreg,sex,subsample,0.1,1,0.110836,0.129914,0.727445,0.674012,0.664929,0.384316,0.468779,0.180778,0.623987,0.055128,0.033552,0.143184,6,463,0.0,,3.11.15,"{""tinyaudit"": ""0.1.0"", ""numpy"": ""1.26.4"", ""pandas"": ""3.0.3"", ""scikit-learn"": ""1.9.0"", ""torch"": ""2.12.0""}"
compas,logreg,sex,subsample,0.1,2,0.138507,0.183824,0.522919,0.67466,0.654575,0.263124,0.41977,0.197043,0.592983,0.047022,0.059683,0.187495,6,463,0.0,,3.11.15,"{""tinyaudit"": ""0.1.0"", ""numpy"": ""1.26.4"", ""pandas"": ""3.0.3"", ""scikit-learn"": ""1.9.0"", ""torch"": ""2.12.0""}"
compas,logreg,sex,subsample,0.1,3,0.161418,0.131205,0.574507,0.680493,0.668049,0.346727,0.457851,0.217356,0.585424,0.048252,0.035272,0.176151,6,463,0.0,,3.11.15,"{""tinyaudit"": ""0.1.0"", ""numpy"": ""1.26.4"", ""pandas"": ""3.0.3"", ""scikit-learn"": ""1.9.0"", ""torch"": ""2.12.0""}"
compas,logreg,sex,subsample,0.1,4,0.102679,0.073326,0.722547,0.681789,0.669826,0.351912,0.469025,0.185248,0.630152,0.082039,0.063358,0.140703,6,463,0.0,,3.11.15,"{""tinyaudit"": ""0.1.0"", ""numpy"": ""1.26.4"", ""pandas"": ""3.0.3"", ""scikit-learn"": ""1.9.0"", ""torch"": ""2.12.0""}"
compas,logreg,sex,subsample,0.05,0,0.132451,0.166357,0.490789,0.657809,0.635115,0.235904,0.414643,0.211304,0.577377,0.047916,0.030263,0.146389,6,231,0.0,,3.11.15,"{""tinyaudit"": ""0.1.0"", ""numpy"": ""1.26.4"", ""pandas"": ""3.0.3"", ""scikit-learn"": ""1.9.0"", ""torch"": ""2.12.0""}"
compas,logreg,sex,subsample,0.05,1,0.073099,0.092721,0.873514,0.640311,0.647198,0.563189,0.515499,0.183689,0.624972,0.039464,0.00322,0.109793,6,231,0.0,,3.11.15,"{""tinyaudit"": ""0.1.0"", ""numpy"": ""1.26.4"", ""pandas"": ""3.0.3"", ""scikit-learn"": ""1.9.0"", ""torch"": ""2.12.0""}"
compas,logreg,sex,subsample,0.05,2,0.125104,0.087647,0.716918,0.695399,0.689493,0.417369,0.495731,0.20461,0.606659,0.074135,0.056004,0.198978,6,231,0.0,,3.11.15,"{""tinyaudit"": ""0.1.0"", ""numpy"": ""1.26.4"", ""pandas"": ""3.0.3"", ""scikit-learn"": ""1.9.0"", ""torch"": ""2.12.0""}"
compas,logreg,sex,subsample,0.05,3,0.091803,0.092282,0.836927,0.66429,0.669666,0.544394,0.497817,0.144587,0.649749,0.045812,0.015978,0.168728,6,231,0.0,,3.11.15,"{""tinyaudit"": ""0.1.0"", ""numpy"": ""1.26.4"", ""pandas"": ""3.0.3"", ""scikit-learn"": ""1.9.0"", ""torch"": ""2.12.0""}"
compas,logreg,sex,subsample,0.05,4,0.119965,0.097613,0.589339,0.659106,0.6396,0.270901,0.427457,0.201543,0.604337,0.055509,0.045583,0.126896,6,231,0.0,,3.11.15,"{""tinyaudit"": ""0.1.0"", ""numpy"": ""1.26.4"", ""pandas"": ""3.0.3"", ""scikit-learn"": ""1.9.0"", ""torch"": ""2.12.0""}"
compas,logreg,sex,subsample,0.02,0,0.133649,0.148515,0.588947,0.66429,0.647535,0.300713,0.482493,0.198764,0.609229,0.06669,0.043231,0.169122,6,93,0.0,,3.11.15,"{""tinyaudit"": ""0.1.0"", ""numpy"": ""1.26.4"", ""pandas"": ""3.0.3"", ""scikit-learn"": ""1.9.0"", ""torch"": ""2.12.0""}"
compas,logreg,sex,subsample,0.02,1,0.063635,0.077058,0.852078,0.650032,0.643755,0.417369,0.463365,0.190207,0.617843,0.054805,0.023992,0.094903,6,93,0.0,,3.11.15,"{""tinyaudit"": ""0.1.0"", ""numpy"": ""1.26.4"", ""pandas"": ""3.0.3"", ""scikit-learn"": ""1.9.0"", ""torch"": ""2.12.0""}"
compas,logreg,sex,subsample,0.02,2,0.128708,0.204412,0.40001,0.639663,0.612582,0.189242,0.360146,0.220022,0.53667,0.08418,0.030101,0.154809,6,93,0.0,,3.11.15,"{""tinyaudit"": ""0.1.0"", ""numpy"": ""1.26.4"", ""pandas"": ""3.0.3"", ""scikit-learn"": ""1.9.0"", ""torch"": ""2.12.0""}"
compas,logreg,sex,subsample,0.02,3,0.160959,0.143402,0.602126,0.688918,0.678838,0.372003,0.493066,0.183785,0.625373,0.071668,0.033707,0.215285,6,93,0.0,,3.11.15,"{""tinyaudit"": ""0.1.0"", ""numpy"": ""1.26.4"", ""pandas"": ""3.0.3"", ""scikit-learn"": ""1.9.0"", ""torch"": ""2.12.0""}"
compas,logreg,sex,subsample,0.02,4,0.060229,0.065174,0.827723,0.663642,0.650354,0.33895,0.476398,0.193196,0.626168,0.095093,0.090366,0.10583,6,93,0.0,,3.11.15,"{""tinyaudit"": ""0.1.0"", ""numpy"": ""1.26.4"", ""pandas"": ""3.0.3"", ""scikit-learn"": ""1.9.0"", ""torch"": ""2.12.0""}"
compas,logreg,race,prune,0.0,0,0.452736,1.0,0.0,0.683085,0.669956,0.33895,0.459252,0.191779,0.622204,0.127695,0.36742,0.496329,6,4629,0.0,,3.11.15,"{""tinyaudit"": ""0.1.0"", ""numpy"": ""1.26.4"", ""pandas"": ""3.0.3"", ""scikit-learn"": ""1.9.0"", ""torch"": ""2.12.0""}"
compas,logreg,race,prune,0.0,1,1.0,1.0,0.0,0.67466,0.660579,0.329229,0.451531,0.183818,0.613201,0.088494,0.174347,0.521704,6,4629,0.0,,3.11.15,"{""tinyaudit"": ""0.1.0"", ""numpy"": ""1.26.4"", ""pandas"": ""3.0.3"", ""scikit-learn"": ""1.9.0"", ""torch"": ""2.12.0""}"
compas,logreg,race,prune,0.0,2,0.801484,0.657534,0.198516,0.686325,0.671398,0.318859,0.448499,0.182946,0.585587,0.136282,0.324255,0.785524,6,4629,0.0,,3.11.15,"{""tinyaudit"": ""0.1.0"", ""numpy"": ""1.26.4"", ""pandas"": ""3.0.3"", ""scikit-learn"": ""1.9.0"", ""torch"": ""2.12.0""}"
compas,logreg,race,prune,0.0,3,0.502488,1.0,0.246269,0.685677,0.67151,0.327285,0.45165,0.189293,0.587121,0.153562,0.350107,0.57611,6,4629,0.0,,3.11.15,"{""tinyaudit"": ""0.1.0"", ""numpy"": ""1.26.4"", ""pandas"": ""3.0.3"", ""scikit-learn"": ""1.9.0"", ""torch"": ""2.12.0""}"
compas,logreg,race,prune,0.0,4,0.451128,1.0,0.0,0.685677,0.672805,0.341542,0.457869,0.191438,0.622499,0.158591,0.333022,0.479015,6,4629,0.0,,3.11.15,"{""tinyaudit"": ""0.1.0"", ""numpy"": ""1.26.4"", ""pandas"": ""3.0.3"", ""scikit-learn"": ""1.9.0"", ""torch"": ""2.12.0""}"
compas,logreg,race,prune,0.3,0,0.45398,1.0,0.0,0.686973,0.673876,0.33895,0.4592,0.191192,0.622122,0.126109,0.364347,0.492825,6,4629,0.0,,3.11.15,"{""tinyaudit"": ""0.1.0"", ""numpy"": ""1.26.4"", ""pandas"": ""3.0.3"", ""scikit-learn"": ""1.9.0"", ""torch"": ""2.12.0""}"
compas,logreg,race,prune,0.3,1,1.0,1.0,0.0,0.676604,0.662834,0.332469,0.452025,0.182355,0.614265,0.090586,0.172956,0.520876,6,4629,0.0,,3.11.15,"{""tinyaudit"": ""0.1.0"", ""numpy"": ""1.26.4"", ""pandas"": ""3.0.3"", ""scikit-learn"": ""1.9.0"", ""torch"": ""2.12.0""}"
compas,logreg,race,prune,0.3,2,0.801484,0.657534,0.198516,0.684381,0.669262,0.316915,0.448879,0.181784,0.58847,0.136399,0.329297,0.785426,6,4629,0.0,,3.11.15,"{""tinyaudit"": ""0.1.0"", ""numpy"": ""1.26.4"", ""pandas"": ""3.0.3"", ""scikit-learn"": ""1.9.0"", ""torch"": ""2.12.0""}"
compas,logreg,race,prune,0.3,3,0.502488,1.0,0.246269,0.685677,0.67151,0.327285,0.451787,0.189844,0.58871,0.155601,0.352696,0.575866,6,4629,0.0,,3.11.15,"{""tinyaudit"": ""0.1.0"", ""numpy"": ""1.26.4"", ""pandas"": ""3.0.3"", ""scikit-learn"": ""1.9.0"", ""torch"": ""2.12.0""}"
compas,logreg,race,prune,0.3,4,0.463659,1.0,0.0,0.686973,0.675407,0.3558,0.459011,0.188707,0.624524,0.160532,0.338902,0.480252,6,4629,0.0,,3.11.15,"{""tinyaudit"": ""0.1.0"", ""numpy"": ""1.26.4"", ""pandas"": ""3.0.3"", ""scikit-learn"": ""1.9.0"", ""torch"": ""2.12.0""}"
compas,logreg,race,prune,0.5,0,0.449005,1.0,0.0,0.685029,0.671386,0.333117,0.460213,0.18648,0.625329,0.129611,0.362562,0.493484,6,4629,0.0,,3.11.15,"{""tinyaudit"": ""0.1.0"", ""numpy"": ""1.26.4"", ""pandas"": ""3.0.3"", ""scikit-learn"": ""1.9.0"", ""torch"": ""2.12.0""}"
compas,logreg,race,prune,0.5,1,0.409091,0.928571,0.181818,0.67466,0.660344,0.326636,0.452516,0.177381,0.616954,0.159657,0.49231,0.459743,6,4629,0.0,,3.11.15,"{""tinyaudit"": ""0.1.0"", ""numpy"": ""1.26.4"", ""pandas"": ""3.0.3"", ""scikit-learn"": ""1.9.0"", ""torch"": ""2.12.0""}"
compas,logreg,race,prune,0.5,2,0.5,0.666667,0.25,0.685029,0.669974,0.317563,0.44963,0.175739,0.591823,0.099833,0.247831,0.723038,6,4629,0.0,,3.11.15,"{""tinyaudit"": ""0.1.0"", ""numpy"": ""1.26.4"", ""pandas"": ""3.0.3"", ""scikit-learn"": ""1.9.0"", ""torch"": ""2.12.0""}"
compas,logreg,race,prune,0.5,3,0.5,1.0,0.25,0.684381,0.670792,0.333765,0.451436,0.18308,0.593004,0.150667,0.349056,0.585108,6,4629,0.0,,3.11.15,"{""tinyaudit"": ""0.1.0"", ""numpy"": ""1.26.4"", ""pandas"": ""3.0.3"", ""scikit-learn"": ""1.9.0"", ""torch"": ""2.12.0""}"
compas,logreg,race,prune,0.5,4,0.447368,0.625,0.0,0.683085,0.669838,0.337654,0.458311,0.182459,0.629112,0.151686,0.351586,0.472955,6,4629,0.0,,3.11.15,"{""tinyaudit"": ""0.1.0"", ""numpy"": ""1.26.4"", ""pandas"": ""3.0.3"", ""scikit-learn"": ""1.9.0"", ""torch"": ""2.12.0""}"
compas,logreg,race,prune,0.7,0,0.231061,0.818182,0.306818,0.636423,0.614083,0.241737,0.448999,0.164901,0.644106,0.136745,0.345779,0.357265,6,4629,0.0,,3.11.15,"{""tinyaudit"": ""0.1.0"", ""numpy"": ""1.26.4"", ""pandas"": ""3.0.3"", ""scikit-learn"": ""1.9.0"", ""torch"": ""2.12.0""}"
compas,logreg,race,prune,0.7,1,0.297818,0.423559,0.0,0.640959,0.617303,0.226831,0.439484,0.152086,0.638021,0.189442,0.5449,0.350186,6,4629,0.0,,3.11.15,"{""tinyaudit"": ""0.1.0"", ""numpy"": ""1.26.4"", ""pandas"": ""3.0.3"", ""scikit-learn"": ""1.9.0"", ""torch"": ""2.12.0""}"
compas,logreg,race,prune,0.7,2,0.520681,0.666667,0.218978,0.63059,0.607908,0.238496,0.442814,0.151891,0.612998,0.104664,0.384121,0.408719,6,4629,0.0,,3.11.15,"{""tinyaudit"": ""0.1.0"", ""numpy"": ""1.26.4"", ""pandas"": ""3.0.3"", ""scikit-learn"": ""1.9.0"", ""torch"": ""2.12.0""}"
compas,logreg,race,prune,0.7,3,0.547264,1.0,0.179104,0.627349,0.6047,0.239145,0.445262,0.160308,0.614269,0.12577,0.298166,0.669302,6,4629,0.0,,3.11.15,"{""tinyaudit"": ""0.1.0"", ""numpy"": ""1.26.4"", ""pandas"": ""3.0.3"", ""scikit-learn"": ""1.9.0"", ""torch"": ""2.12.0""}"
compas,logreg,race,prune,0.7,4,0.319549,0.436321,0.0,0.631886,0.609568,0.242385,0.45145,0.161021,0.64775,0.152603,0.338009,0.377851,6,4629,0.0,,3.11.15,"{""tinyaudit"": ""0.1.0"", ""numpy"": ""1.26.4"", ""pandas"": ""3.0.3"", ""scikit-learn"": ""1.9.0"", ""torch"": ""2.12.0""}"
compas,logreg,race,prune,0.9,0,0.0,0.0,1.0,0.545042,0.5,0.0,0.456009,0.0,0.688861,0.083988,0.066667,0.0,6,4629,0.0,,3.11.15,"{""tinyaudit"": ""0.1.0"", ""numpy"": ""1.26.4"", ""pandas"": ""3.0.3"", ""scikit-learn"": ""1.9.0"", ""torch"": ""2.12.0""}"
compas,logreg,race,prune,0.9,1,0.0,0.0,1.0,0.545042,0.5,0.0,0.456142,0.0,0.688948,0.120664,0.331885,0.0,6,4629,0.0,,3.11.15,"{""tinyaudit"": ""0.1.0"", ""numpy"": ""1.26.4"", ""pandas"": ""3.0.3"", ""scikit-learn"": ""1.9.0"", ""torch"": ""2.12.0""}"
compas,logreg,race,prune,0.9,2,0.0,0.0,1.0,0.545042,0.5,0.0,0.457221,0.0,0.688942,0.192931,0.497948,0.0,6,4629,0.0,,3.11.15,"{""tinyaudit"": ""0.1.0"", ""numpy"": ""1.26.4"", ""pandas"": ""3.0.3"", ""scikit-learn"": ""1.9.0"", ""torch"": ""2.12.0""}"
compas,logreg,race,prune,0.9,3,0.0,0.0,1.0,0.545042,0.5,0.0,0.457949,0.0,0.689554,0.139938,0.402985,0.0,6,4629,0.0,,3.11.15,"{""tinyaudit"": ""0.1.0"", ""numpy"": ""1.26.4"", ""pandas"": ""3.0.3"", ""scikit-learn"": ""1.9.0"", ""torch"": ""2.12.0""}"
compas,logreg,race,prune,0.9,4,0.0,0.0,1.0,0.545042,0.5,0.0,0.458031,0.0,0.689562,0.172038,0.389535,0.0,6,4629,0.0,,3.11.15,"{""tinyaudit"": ""0.1.0"", ""numpy"": ""1.26.4"", ""pandas"": ""3.0.3"", ""scikit-learn"": ""1.9.0"", ""torch"": ""2.12.0""}"
compas,logreg,race,prune,0.95,0,0.0,0.0,1.0,0.545042,0.5,0.0,0.456009,0.0,0.688861,0.083988,0.066667,0.0,6,4629,0.0,,3.11.15,"{""tinyaudit"": ""0.1.0"", ""numpy"": ""1.26.4"", ""pandas"": ""3.0.3"", ""scikit-learn"": ""1.9.0"", ""torch"": ""2.12.0""}"
compas,logreg,race,prune,0.95,1,0.0,0.0,1.0,0.545042,0.5,0.0,0.456142,0.0,0.688948,0.120664,0.331885,0.0,6,4629,0.0,,3.11.15,"{""tinyaudit"": ""0.1.0"", ""numpy"": ""1.26.4"", ""pandas"": ""3.0.3"", ""scikit-learn"": ""1.9.0"", ""torch"": ""2.12.0""}"
compas,logreg,race,prune,0.95,2,0.0,0.0,1.0,0.545042,0.5,0.0,0.457221,0.0,0.688942,0.192931,0.497948,0.0,6,4629,0.0,,3.11.15,"{""tinyaudit"": ""0.1.0"", ""numpy"": ""1.26.4"", ""pandas"": ""3.0.3"", ""scikit-learn"": ""1.9.0"", ""torch"": ""2.12.0""}"
compas,logreg,race,prune,0.95,3,0.0,0.0,1.0,0.545042,0.5,0.0,0.457949,0.0,0.689554,0.139938,0.402985,0.0,6,4629,0.0,,3.11.15,"{""tinyaudit"": ""0.1.0"", ""numpy"": ""1.26.4"", ""pandas"": ""3.0.3"", ""scikit-learn"": ""1.9.0"", ""torch"": ""2.12.0""}"
compas,logreg,race,prune,0.95,4,0.0,0.0,1.0,0.545042,0.5,0.0,0.458031,0.0,0.689562,0.172038,0.389535,0.0,6,4629,0.0,,3.11.15,"{""tinyaudit"": ""0.1.0"", ""numpy"": ""1.26.4"", ""pandas"": ""3.0.3"", ""scikit-learn"": ""1.9.0"", ""torch"": ""2.12.0""}"
compas,logreg,race,label_noise,0.0,0,0.452736,1.0,0.0,0.683085,0.669956,0.33895,0.459252,0.191779,0.622204,0.127695,0.36742,0.496329,6,4629,0.0,,3.11.15,"{""tinyaudit"": ""0.1.0"", ""numpy"": ""1.26.4"", ""pandas"": ""3.0.3"", ""scikit-learn"": ""1.9.0"", ""torch"": ""2.12.0""}"
compas,logreg,race,label_noise,0.0,1,1.0,1.0,0.0,0.67466,0.660579,0.329229,0.451531,0.183818,0.613201,0.088494,0.174347,0.521704,6,4629,0.0,,3.11.15,"{""tinyaudit"": ""0.1.0"", ""numpy"": ""1.26.4"", ""pandas"": ""3.0.3"", ""scikit-learn"": ""1.9.0"", ""torch"": ""2.12.0""}"
compas,logreg,race,label_noise,0.0,2,0.801484,0.657534,0.198516,0.686325,0.671398,0.318859,0.448499,0.182946,0.585587,0.136282,0.324255,0.785524,6,4629,0.0,,3.11.15,"{""tinyaudit"": ""0.1.0"", ""numpy"": ""1.26.4"", ""pandas"": ""3.0.3"", ""scikit-learn"": ""1.9.0"", ""torch"": ""2.12.0""}"
compas,logreg,race,label_noise,0.0,3,0.502488,1.0,0.246269,0.685677,0.67151,0.327285,0.45165,0.189293,0.587121,0.153562,0.350107,0.57611,6,4629,0.0,,3.11.15,"{""tinyaudit"": ""0.1.0"", ""numpy"": ""1.26.4"", ""pandas"": ""3.0.3"", ""scikit-learn"": ""1.9.0"", ""torch"": ""2.12.0""}"
compas,logreg,race,label_noise,0.0,4,0.451128,1.0,0.0,0.685677,0.672805,0.341542,0.457869,0.191438,0.622499,0.158591,0.333022,0.479015,6,4629,0.0,,3.11.15,"{""tinyaudit"": ""0.1.0"", ""numpy"": ""1.26.4"", ""pandas"": ""3.0.3"", ""scikit-learn"": ""1.9.0"", ""torch"": ""2.12.0""}"
compas,logreg,race,label_noise,0.05,0,0.429104,1.0,0.0,0.679844,0.664629,0.316267,0.455729,0.174854,0.632536,0.130727,0.382754,0.46941,6,4629,0.05,,3.11.15,"{""tinyaudit"": ""0.1.0"", ""numpy"": ""1.26.4"", ""pandas"": ""3.0.3"", ""scikit-learn"": ""1.9.0"", ""torch"": ""2.12.0""}"
compas,logreg,race,label_noise,0.05,1,1.0,1.0,0.0,0.672715,0.658325,0.325988,0.455109,0.169175,0.625591,0.097561,0.181419,0.571526,6,4629,0.05,,3.11.15,"{""tinyaudit"": ""0.1.0"", ""numpy"": ""1.26.4"", ""pandas"": ""3.0.3"", ""scikit-learn"": ""1.9.0"", ""torch"": ""2.12.0""}"
compas,logreg,race,label_noise,0.05,2,0.814471,0.671233,0.185529,0.68827,0.67224,0.306546,0.450011,0.159942,0.607672,0.142821,0.329646,0.801111,6,4629,0.05,,3.11.15,"{""tinyaudit"": ""0.1.0"", ""numpy"": ""1.26.4"", ""pandas"": ""3.0.3"", ""scikit-learn"": ""1.9.0"", ""torch"": ""2.12.0""}"
compas,logreg,race,label_noise,0.05,3,0.502488,1.0,0.246269,0.685029,0.670798,0.326636,0.452144,0.172942,0.604238,0.11441,0.256124,0.58733,6,4629,0.05,,3.11.15,"{""tinyaudit"": ""0.1.0"", ""numpy"": ""1.26.4"", ""pandas"": ""3.0.3"", ""scikit-learn"": ""1.9.0"", ""torch"": ""2.12.0""}"
compas,logreg,race,label_noise,0.05,4,0.448622,1.0,0.0,0.684381,0.671381,0.340246,0.459265,0.173661,0.635363,0.161947,0.338321,0.467142,6,4629,0.05,,3.11.15,"{""tinyaudit"": ""0.1.0"", ""numpy"": ""1.26.4"", ""pandas"": ""3.0.3"", ""scikit-learn"": ""1.9.0"", ""torch"": ""2.12.0""}"
compas,logreg,race,label_noise,0.1,0,0.425373,1.0,0.0,0.679196,0.663681,0.313027,0.463273,0.153581,0.648259,0.120964,0.386204,0.471352,6,4629,0.1,,3.11.15,"{""tinyaudit"": ""0.1.0"", ""numpy"": ""1.26.4"", ""pandas"": ""3.0.3"", ""scikit-learn"": ""1.9.0"", ""torch"": ""2.12.0""}"
compas,logreg,race,label_noise,0.1,1,1.0,1.0,0.0,0.672067,0.656906,0.317563,0.459367,0.147171,0.641458,0.090377,0.222106,0.477123,6,4629,0.1,,3.11.15,"{""tinyaudit"": ""0.1.0"", ""numpy"": ""1.26.4"", ""pandas"": ""3.0.3"", ""scikit-learn"": ""1.9.0"", ""torch"": ""2.12.0""}"
compas,logreg,race,label_noise,0.1,2,0.805195,0.6621,0.194805,0.684381,0.668908,0.313027,0.458754,0.149339,0.619446,0.12997,0.31281,0.792934,6,4629,0.1,,3.11.15,"{""tinyaudit"": ""0.1.0"", ""numpy"": ""1.26.4"", ""pandas"": ""3.0.3"", ""scikit-learn"": ""1.9.0"", ""torch"": ""2.12.0""}"
compas,logreg,race,label_noise,0.1,3,0.502488,1.0,0.246269,0.682437,0.667831,0.322748,0.463861,0.150074,0.628182,0.09707,0.12207,0.581275,6,4629,0.1,,3.11.15,"{""tinyaudit"": ""0.1.0"", ""numpy"": ""1.26.4"", ""pandas"": ""3.0.3"", ""scikit-learn"": ""1.9.0"", ""torch"": ""2.12.0""}"
compas,logreg,race,label_noise,0.1,4,0.453634,1.0,0.0,0.686325,0.674224,0.349968,0.471292,0.157317,0.649291,0.179506,0.350188,0.488963,6,4629,0.1,,3.11.15,"{""tinyaudit"": ""0.1.0"", ""numpy"": ""1.26.4"", ""pandas"": ""3.0.3"", ""scikit-learn"": ""1.9.0"", ""torch"": ""2.12.0""}"
compas,logreg,race,label_noise,0.2,0,0.5,1.0,0.0,0.690214,0.680734,0.378483,0.48213,0.117441,0.669093,0.173306,0.368307,0.515784,6,4629,0.2,,3.11.15,"{""tinyaudit"": ""0.1.0"", ""numpy"": ""1.26.4"", ""pandas"": ""3.0.3"", ""scikit-learn"": ""1.9.0"", ""torch"": ""2.12.0""}"
compas,logreg,race,label_noise,0.2,1,0.337612,0.491228,0.0,0.666235,0.645434,0.255995,0.462314,0.106136,0.66556,0.118082,0.26319,0.388424,6,4629,0.2,,3.11.15,"{""tinyaudit"": ""0.1.0"", ""numpy"": ""1.26.4"", ""pandas"": ""3.0.3"", ""scikit-learn"": ""1.9.0"", ""torch"": ""2.12.0""}"
compas,logreg,race,label_noise,0.2,2,0.788497,0.634703,0.211503,0.687622,0.674235,0.33571,0.474025,0.115415,0.648005,0.178983,0.292497,0.782707,6,4629,0.2,,3.11.15,"{""tinyaudit"": ""0.1.0"", ""numpy"": ""1.26.4"", ""pandas"": ""3.0.3"", ""scikit-learn"": ""1.9.0"", ""torch"": ""2.12.0""}"
compas,logreg,race,label_noise,0.2,3,0.5,1.0,0.25,0.683733,0.67008,0.333117,0.470527,0.115917,0.653839,0.191555,0.335679,0.587471,6,4629,0.2,,3.11.15,"{""tinyaudit"": ""0.1.0"", ""numpy"": ""1.26.4"", ""pandas"": ""3.0.3"", ""scikit-learn"": ""1.9.0"", ""torch"": ""2.12.0""}"
compas,logreg,race,label_noise,0.2,4,0.417293,1.0,0.0,0.685029,0.66915,0.30849,0.470898,0.113119,0.669648,0.184706,0.337576,0.443264,6,4629,0.2,,3.11.15,"{""tinyaudit"": ""0.1.0"", ""numpy"": ""1.26.4"", ""pandas"": ""3.0.3"", ""scikit-learn"": ""1.9.0"", ""torch"": ""2.12.0""}"
compas,logreg,race,label_noise,0.3,0,0.393035,1.0,0.0,0.674012,0.656335,0.289695,0.475645,0.080113,0.680505,0.164995,0.419049,0.429261,6,4629,0.3,,3.11.15,"{""tinyaudit"": ""0.1.0"", ""numpy"": ""1.26.4"", ""pandas"": ""3.0.3"", ""scikit-learn"": ""1.9.0"", ""torch"": ""2.12.0""}"
compas,logreg,race,label_noise,0.3,1,1.0,1.0,0.0,0.666235,0.649436,0.300065,0.477403,0.071512,0.680458,0.136367,0.311381,0.471923,6,4629,0.3,,3.11.15,"{""tinyaudit"": ""0.1.0"", ""numpy"": ""1.26.4"", ""pandas"": ""3.0.3"", ""scikit-learn"": ""1.9.0"", ""torch"": ""2.12.0""}"
compas,logreg,race,label_noise,0.3,2,0.766234,0.607306,0.233766,0.688918,0.677779,0.360337,0.480203,0.078991,0.675302,0.201506,0.331152,0.768347,6,4629,0.3,,3.11.15,"{""tinyaudit"": ""0.1.0"", ""numpy"": ""1.26.4"", ""pandas"": ""3.0.3"", ""scikit-learn"": ""1.9.0"", ""torch"": ""2.12.0""}"
compas,logreg,race,label_noise,0.3,3,0.532338,1.0,0.201493,0.67466,0.657047,0.290343,0.474376,0.082806,0.671644,0.141006,0.139952,0.615282,6,4629,0.3,,3.11.15,"{""tinyaudit"": ""0.1.0"", ""numpy"": ""1.26.4"", ""pandas"": ""3.0.3"", ""scikit-learn"": ""1.9.0"", ""torch"": ""2.12.0""}"
compas,logreg,race,label_noise,0.3,4,0.442356,0.615566,0.0,0.682437,0.669362,0.339598,0.482756,0.07656,0.682905,0.220204,0.340609,0.455622,6,4629,0.3,,3.11.15,"{""tinyaudit"": ""0.1.0"", ""numpy"": ""1.26.4"", ""pandas"": ""3.0.3"", ""scikit-learn"": ""1.9.0"", ""torch"": ""2.12.0""}"
compas,logreg,race,label_noise,0.4,0,0.333333,1.0,0.0,0.635774,0.609486,0.198315,0.485192,0.032261,0.691058,0.170372,0.404927,0.312597,6,4629,0.4,,3.11.15,"{""tinyaudit"": ""0.1.0"", ""numpy"": ""1.26.4"", ""pandas"": ""3.0.3"", ""scikit-learn"": ""1.9.0"", ""torch"": ""2.12.0""}"
compas,logreg,race,label_noise,0.4,1,0.329327,0.767857,0.452995,0.628645,0.628491,0.486714,0.491468,0.052708,0.68636,0.176869,0.441077,0.574617,6,4629,0.4,,3.11.15,"{""tinyaudit"": ""0.1.0"", ""numpy"": ""1.26.4"", ""pandas"": ""3.0.3"", ""scikit-learn"": ""1.9.0"", ""torch"": ""2.12.0""}"
compas,logreg,race,label_noise,0.4,2,0.833024,0.69863,0.166976,0.678548,0.658731,0.265716,0.489056,0.034702,0.68966,0.237214,0.330336,0.815762,6,4629,0.4,,3.11.15,"{""tinyaudit"": ""0.1.0"", ""numpy"": ""1.26.4"", ""pandas"": ""3.0.3"", ""scikit-learn"": ""1.9.0"", ""torch"": ""2.12.0""}"
compas,logreg,race,label_noise,0.4,3,0.517413,1.0,0.223881,0.671419,0.655134,0.30525,0.489722,0.045444,0.687489,0.170597,0.16599,0.591697,6,4629,0.4,,3.11.15,"{""tinyaudit"": ""0.1.0"", ""numpy"": ""1.26.4"", ""pandas"": ""3.0.3"", ""scikit-learn"": ""1.9.0"", ""torch"": ""2.12.0""}"
compas,logreg,race,label_noise,0.4,4,0.340852,0.5,0.0,0.650032,0.628098,0.244977,0.484105,0.055224,0.687366,0.203717,0.36141,0.398956,6,4629,0.4,,3.11.15,"{""tinyaudit"": ""0.1.0"", ""numpy"": ""1.26.4"", ""pandas"": ""3.0.3"", ""scikit-learn"": ""1.9.0"", ""torch"": ""2.12.0""}"
compas,logreg,race,subsample,1.0,0,0.452736,1.0,0.0,0.683085,0.669956,0.33895,0.459252,0.191779,0.622204,0.127695,0.36742,0.496329,6,4629,0.0,,3.11.15,"{""tinyaudit"": ""0.1.0"", ""numpy"": ""1.26.4"", ""pandas"": ""3.0.3"", ""scikit-learn"": ""1.9.0"", ""torch"": ""2.12.0""}"
compas,logreg,race,subsample,1.0,1,1.0,1.0,0.0,0.67466,0.660579,0.329229,0.451531,0.183818,0.613201,0.088494,0.174347,0.521704,6,4629,0.0,,3.11.15,"{""tinyaudit"": ""0.1.0"", ""numpy"": ""1.26.4"", ""pandas"": ""3.0.3"", ""scikit-learn"": ""1.9.0"", ""torch"": ""2.12.0""}"
compas,logreg,race,subsample,1.0,2,0.801484,0.657534,0.198516,0.686325,0.671398,0.318859,0.448499,0.182946,0.585587,0.136282,0.324255,0.785524,6,4629,0.0,,3.11.15,"{""tinyaudit"": ""0.1.0"", ""numpy"": ""1.26.4"", ""pandas"": ""3.0.3"", ""scikit-learn"": ""1.9.0"", ""torch"": ""2.12.0""}"
compas,logreg,race,subsample,1.0,3,0.502488,1.0,0.246269,0.685677,0.67151,0.327285,0.45165,0.189293,0.587121,0.153562,0.350107,0.57611,6,4629,0.0,,3.11.15,"{""tinyaudit"": ""0.1.0"", ""numpy"": ""1.26.4"", ""pandas"": ""3.0.3"", ""scikit-learn"": ""1.9.0"", ""torch"": ""2.12.0""}"
compas,logreg,race,subsample,1.0,4,0.451128,1.0,0.0,0.685677,0.672805,0.341542,0.457869,0.191438,0.622499,0.158591,0.333022,0.479015,6,4629,0.0,,3.11.15,"{""tinyaudit"": ""0.1.0"", ""numpy"": ""1.26.4"", ""pandas"": ""3.0.3"", ""scikit-learn"": ""1.9.0"", ""torch"": ""2.12.0""}"
compas,logreg,race,subsample,0.5,0,0.425373,1.0,0.0,0.678548,0.663087,0.313675,0.449003,0.17778,0.627632,0.131186,0.372959,0.454809,6,2314,0.0,,3.11.15,"{""tinyaudit"": ""0.1.0"", ""numpy"": ""1.26.4"", ""pandas"": ""3.0.3"", ""scikit-learn"": ""1.9.0"", ""torch"": ""2.12.0""}"
compas,logreg,race,subsample,0.5,1,1.0,1.0,0.0,0.674012,0.659867,0.328581,0.451149,0.186383,0.610937,0.167305,0.479004,0.511816,6,2314,0.0,,3.11.15,"{""tinyaudit"": ""0.1.0"", ""numpy"": ""1.26.4"", ""pandas"": ""3.0.3"", ""scikit-learn"": ""1.9.0"", ""torch"": ""2.12.0""}"
compas,logreg,race,subsample,0.5,2,0.816327,0.675799,0.183673,0.688918,0.672717,0.304601,0.437807,0.190859,0.573039,0.134106,0.331534,0.800119,6,2314,0.0,,3.11.15,"{""tinyaudit"": ""0.1.0"", ""numpy"": ""1.26.4"", ""pandas"": ""3.0.3"", ""scikit-learn"": ""1.9.0"", ""torch"": ""2.12.0""}"
compas,logreg,race,subsample,0.5,3,0.517413,1.0,0.223881,0.681789,0.667119,0.3221,0.449946,0.182542,0.59215,0.114905,0.262249,0.57968,6,2314,0.0,,3.11.15,"{""tinyaudit"": ""0.1.0"", ""numpy"": ""1.26.4"", ""pandas"": ""3.0.3"", ""scikit-learn"": ""1.9.0"", ""torch"": ""2.12.0""}"
compas,logreg,race,subsample,0.5,4,0.433584,1.0,0.0,0.683085,0.668779,0.325988,0.45081,0.183484,0.625163,0.164473,0.306551,0.450423,6,2314,0.0,,3.11.15,"{""tinyaudit"": ""0.1.0"", ""numpy"": ""1.26.4"", ""pandas"": ""3.0.3"", ""scikit-learn"": ""1.9.0"", ""torch"": ""2.12.0""}"
compas,logreg,race,subsample,0.2,0,0.315166,0.681818,0.364928,0.680493,0.670756,0.376539,0.488065,0.20624,0.620793,0.128446,0.377163,0.545041,6,926,0.0,,3.11.15,"{""tinyaudit"": ""0.1.0"", ""numpy"": ""1.26.4"", ""pandas"": ""3.0.3"", ""scikit-learn"": ""1.9.0"", ""torch"": ""2.12.0""}"
compas,logreg,race,subsample,0.2,1,1.0,1.0,0.0,0.672715,0.655382,0.293584,0.428531,0.187374,0.599454,0.081721,0.202832,0.397818,6,926,0.0,,3.11.15,"{""tinyaudit"": ""0.1.0"", ""numpy"": ""1.26.4"", ""pandas"": ""3.0.3"", ""scikit-learn"": ""1.9.0"", ""torch"": ""2.12.0""}"
compas,logreg,race,subsample,0.2,2,0.7718,0.611872,0.2282,0.690862,0.679327,0.3558,0.458778,0.186509,0.588617,0.134892,0.307213,0.769086,6,926,0.0,,3.11.15,"{""tinyaudit"": ""0.1.0"", ""numpy"": ""1.26.4"", ""pandas"": ""3.0.3"", ""scikit-learn"": ""1.9.0"", ""torch"": ""2.12.0""}"
compas,logreg,race,subsample,0.2,3,0.502488,1.0,0.246269,0.670123,0.653828,0.30525,0.44918,0.183608,0.599776,0.105034,0.250137,0.584282,6,926,0.0,,3.11.15,"{""tinyaudit"": ""0.1.0"", ""numpy"": ""1.26.4"", ""pandas"": ""3.0.3"", ""scikit-learn"": ""1.9.0"", ""torch"": ""2.12.0""}"
compas,logreg,race,subsample,0.2,4,0.451128,0.620283,0.0,0.680493,0.667696,0.342839,0.451501,0.175376,0.630361,0.163186,0.344901,0.439633,6,926,0.0,,3.11.15,"{""tinyaudit"": ""0.1.0"", ""numpy"": ""1.26.4"", ""pandas"": ""3.0.3"", ""scikit-learn"": ""1.9.0"", ""torch"": ""2.12.0""}"
compas,logreg,race,subsample,0.1,0,0.384328,1.0,0.0,0.676604,0.658007,0.279326,0.444849,0.172308,0.630822,0.127075,0.374037,0.431994,6,463,0.0,,3.11.15,"{""tinyaudit"": ""0.1.0"", ""numpy"": ""1.26.4"", ""pandas"": ""3.0.3"", ""scikit-learn"": ""1.9.0"", ""torch"": ""2.12.0""}"
compas,logreg,race,subsample,0.1,1,0.909091,1.0,0.090909,0.674012,0.664929,0.384316,0.468779,0.180778,0.619115,0.14834,0.419048,0.734778,6,463,0.0,,3.11.15,"{""tinyaudit"": ""0.1.0"", ""numpy"": ""1.26.4"", ""pandas"": ""3.0.3"", ""scikit-learn"": ""1.9.0"", ""torch"": ""2.12.0""}"
compas,logreg,race,subsample,0.1,2,0.505257,0.666667,0.242115,0.67466,0.654575,0.263124,0.41977,0.197043,0.559087,0.056696,0.140297,0.791279,6,463,0.0,,3.11.15,"{""tinyaudit"": ""0.1.0"", ""numpy"": ""1.26.4"", ""pandas"": ""3.0.3"", ""scikit-learn"": ""1.9.0"", ""torch"": ""2.12.0""}"
compas,logreg,race,subsample,0.1,3,0.5,1.0,0.25,0.680493,0.668049,0.346727,0.457851,0.217356,0.568916,0.151265,0.390124,0.570602,6,463,0.0,,3.11.15,"{""tinyaudit"": ""0.1.0"", ""numpy"": ""1.26.4"", ""pandas"": ""3.0.3"", ""scikit-learn"": ""1.9.0"", ""torch"": ""2.12.0""}"
compas,logreg,race,subsample,0.1,4,0.457393,0.636792,0.0,0.681789,0.669826,0.351912,0.469025,0.185248,0.632314,0.148865,0.353905,0.502847,6,463,0.0,,3.11.15,"{""tinyaudit"": ""0.1.0"", ""numpy"": ""1.26.4"", ""pandas"": ""3.0.3"", ""scikit-learn"": ""1.9.0"", ""torch"": ""2.12.0""}"
compas,logreg,race,subsample,0.05,0,0.337065,0.477752,0.0,0.657809,0.635115,0.235904,0.414643,0.211304,0.592625,0.135091,0.339917,0.406838,6,231,0.0,,3.11.15,"{""tinyaudit"": ""0.1.0"", ""numpy"": ""1.26.4"", ""pandas"": ""3.0.3"", ""scikit-learn"": ""1.9.0"", ""torch"": ""2.12.0""}"
compas,logreg,race,subsample,0.05,1,0.727273,1.0,0.272727,0.640311,0.647198,0.563189,0.515499,0.183689,0.622533,0.088849,0.157669,0.741845,6,231,0.0,,3.11.15,"{""tinyaudit"": ""0.1.0"", ""numpy"": ""1.26.4"", ""pandas"": ""3.0.3"", ""scikit-learn"": ""1.9.0"", ""torch"": ""2.12.0""}"
compas,logreg,race,subsample,0.05,2,0.730337,0.493151,0.269663,0.695399,0.689493,0.417369,0.495731,0.20461,0.565681,0.150165,0.265587,0.698282,6,231,0.0,,3.11.15,"{""tinyaudit"": ""0.1.0"", ""numpy"": ""1.26.4"", ""pandas"": ""3.0.3"", ""scikit-learn"": ""1.9.0"", ""torch"": ""2.12.0""}"
compas,logreg,race,subsample,0.05,3,0.5,1.0,0.25,0.66429,0.669666,0.544394,0.497817,0.144587,0.623914,0.164698,0.337033,0.587031,6,231,0.0,,3.11.15,"{""tinyaudit"": ""0.1.0"", ""numpy"": ""1.26.4"", ""pandas"": ""3.0.3"", ""scikit-learn"": ""1.9.0"", ""torch"": ""2.12.0""}"
compas,logreg,race,subsample,0.05,4,0.365915,0.521226,0.0,0.659106,0.6396,0.270901,0.427457,0.201543,0.601633,0.118914,0.297075,0.412432,6,231,0.0,,3.11.15,"{""tinyaudit"": ""0.1.0"", ""numpy"": ""1.26.4"", ""pandas"": ""3.0.3"", ""scikit-learn"": ""1.9.0"", ""torch"": ""2.12.0""}"
compas,logreg,race,subsample,0.02,0,0.256502,0.681818,0.365455,0.66429,0.647535,0.300713,0.482493,0.198764,0.629863,0.149121,0.342792,0.475376,6,93,0.0,,3.11.15,"{""tinyaudit"": ""0.1.0"", ""numpy"": ""1.26.4"", ""pandas"": ""3.0.3"", ""scikit-learn"": ""1.9.0"", ""torch"": ""2.12.0""}"
compas,logreg,race,subsample,0.02,1,0.909091,1.0,0.090909,0.650032,0.643755,0.417369,0.463365,0.190207,0.607188,0.127585,0.375694,0.804617,6,93,0.0,,3.11.15,"{""tinyaudit"": ""0.1.0"", ""numpy"": ""1.26.4"", ""pandas"": ""3.0.3"", ""scikit-learn"": ""1.9.0"", ""torch"": ""2.12.0""}"
compas,logreg,race,subsample,0.02,2,0.233148,0.399002,0.300557,0.639663,0.612582,0.189242,0.360146,0.220022,0.509832,0.172055,0.336789,0.806658,6,93,0.0,,3.11.15,"{""tinyaudit"": ""0.1.0"", ""numpy"": ""1.26.4"", ""pandas"": ""3.0.3"", ""scikit-learn"": ""1.9.0"", ""torch"": ""2.12.0""}"
compas,logreg,race,subsample,0.02,3,0.5,1.0,0.25,0.688918,0.678838,0.372003,0.493066,0.183785,0.591178,0.144961,0.321961,0.553223,6,93,0.0,,3.11.15,"{""tinyaudit"": ""0.1.0"", ""numpy"": ""1.26.4"", ""pandas"": ""3.0.3"", ""scikit-learn"": ""1.9.0"", ""torch"": ""2.12.0""}"
compas,logreg,race,subsample,0.02,4,0.428571,0.582547,0.0,0.663642,0.650354,0.33895,0.476398,0.193196,0.632072,0.162527,0.372465,0.478579,6,93,0.0,,3.11.15,"{""tinyaudit"": ""0.1.0"", ""numpy"": ""1.26.4"", ""pandas"": ""3.0.3"", ""scikit-learn"": ""1.9.0"", ""torch"": ""2.12.0""}"
