dataset,model,sensitive,compression,group,top_k,top_features,top_importances,seed,config_hash,python,versions
compas,logreg,sex,none,Male,3,priors_count|age|juv_other_count,0.129953|0.090028|0.010555,0,bb615e5103d2,3.11.15,"{""numpy"": ""1.26.4"", ""pandas"": ""3.0.3"", ""scikit-learn"": ""1.9.0"", ""torch"": ""2.12.0""}"
compas,logreg,sex,none,Female,3,priors_count|age|juv_other_count,0.114603|0.088954|0.007889,0,bb615e5103d2,3.11.15,"{""numpy"": ""1.26.4"", ""pandas"": ""3.0.3"", ""scikit-learn"": ""1.9.0"", ""torch"": ""2.12.0""}"
compas,logreg,sex,prune:0.3,Male,3,priors_count|age|juv_other_count,0.130461|0.090093|0.010517,0,1d54c51f1d89,3.11.15,"{""numpy"": ""1.26.4"", ""pandas"": ""3.0.3"", ""scikit-learn"": ""1.9.0"", ""torch"": ""2.12.0""}"
compas,logreg,sex,prune:0.3,Female,3,priors_count|age|juv_other_count,0.114464|0.088948|0.007828,0,1d54c51f1d89,3.11.15,"{""numpy"": ""1.26.4"", ""pandas"": ""3.0.3"", ""scikit-learn"": ""1.9.0"", ""torch"": ""2.12.0""}"
compas,logreg,sex,prune:0.5,Male,3,priors_count|age|juv_fel_count,0.131773|0.090742|0.000000,0,4ea62c3e7c29,3.11.15,"{""numpy"": ""1.26.4"", ""pandas"": ""3.0.3"", ""scikit-learn"": ""1.9.0"", ""torch"": ""2.12.0""}"
compas,logreg,sex,prune:0.5,Female,3,priors_count|age|juv_fel_count,0.115468|0.089806|0.000000,0,4ea62c3e7c29,3.11.15,"{""numpy"": ""1.26.4"", ""pandas"": ""3.0.3"", ""scikit-learn"": ""1.9.0"", ""torch"": ""2.12.0""}"
compas,logreg,sex,prune:0.7,Male,3,priors_count|age|juv_fel_count,0.133572|0.000000|0.000000,0,8ddc62471e88,3.11.15,"{""numpy"": ""1.26.4"", ""pandas"": ""3.0.3"", ""scikit-learn"": ""1.9.0"", ""torch"": ""2.12.0""}"
compas,logreg,sex,prune:0.7,Female,3,priors_count|age|juv_fel_count,0.119774|0.000000|0.000000,0,8ddc62471e88,3.11.15,"{""numpy"": ""1.26.4"", ""pandas"": ""3.0.3"", ""scikit-learn"": ""1.9.0"", ""torch"": ""2.12.0""}"
compas,logreg,sex,prune:0.9,Male,3,age|juv_fel_count|juv_misd_count,0.000000|0.000000|0.000000,0,51684aa1846d,3.11.15,"{""numpy"": ""1.26.4"", ""pandas"": ""3.0.3"", ""scikit-learn"": ""1.9.0"", ""torch"": ""2.12.0""}"
compas,logreg,sex,prune:0.9,Female,3,age|juv_fel_count|juv_misd_count,0.000000|0.000000|0.000000,0,51684aa1846d,3.11.15,"{""numpy"": ""1.26.4"", ""pandas"": ""3.0.3"", ""scikit-learn"": ""1.9.0"", ""torch"": ""2.12.0""}"
compas,logreg,race,none,Caucasian,3,priors_count|age|juv_other_count,0.105917|0.100605|0.009373,0,c14366fbb4b9,3.11.15,"{""numpy"": ""1.26.4"", ""pandas"": ""3.0.3"", ""scikit-learn"": ""1.9.0"", ""torch"": ""2.12.0""}"
compas,logreg,race,none,African-American,3,priors_count|age|juv_other_count,0.144297|0.083768|0.011493,0,c14366fbb4b9,3.11.15,"{""numpy"": ""1.26.4"", ""pandas"": ""3.0.3"", ""scikit-learn"": ""1.9.0"", ""torch"": ""2.12.0""}"
compas,logreg,race,none,Other,3,priors_count|age|juv_other_count,0.111223|0.091362|0.006236,0,c14366fbb4b9,3.11.15,"{""numpy"": ""1.26.4"", ""pandas"": ""3.0.3"", ""scikit-learn"": ""1.9.0"", ""torch"": ""2.12.0""}"
compas,logreg,race,none,Hispanic,3,priors_count|age|juv_other_count,0.118432|0.084398|0.006773,0,c14366fbb4b9,3.11.15,"{""numpy"": ""1.26.4"", ""pandas"": ""3.0.3"", ""scikit-learn"": ""1.9.0"", ""torch"": ""2.12.0""}"
compas,logreg,race,none,Native American,3,priors_count|age|juv_other_count,0.083207|0.050962|0.006041,0,c14366fbb4b9,3.11.15,"{""numpy"": ""1.26.4"", ""pandas"": ""3.0.3"", ""scikit-learn"": ""1.9.0"", ""torch"": ""2.12.0""}"
compas,logreg,race,none,Asian,3,priors_count|age|juv_other_count,0.088510|0.087271|0.006026,0,c14366fbb4b9,3.11.15,"{""numpy"": ""1.26.4"", ""pandas"": ""3.0.3"", ""scikit-learn"": ""1.9.0"", ""torch"": ""2.12.0""}"
compas,logreg,race,prune:0.3,Caucasian,3,priors_count|age|juv_other_count,0.106481|0.100731|0.009379,0,801a05db79d8,3.11.15,"{""numpy"": ""1.26.4"", ""pandas"": ""3.0.3"", ""scikit-learn"": ""1.9.0"", ""torch"": ""2.12.0""}"
compas,logreg,race,prune:0.3,African-American,3,priors_count|age|juv_other_count,0.144737|0.083823|0.011426,0,801a05db79d8,3.11.15,"{""numpy"": ""1.26.4"", ""pandas"": ""3.0.3"", ""scikit-learn"": ""1.9.0"", ""torch"": ""2.12.0""}"
compas,logreg,race,prune:0.3,Other,3,priors_count|age|juv_other_count,0.110832|0.091043|0.006104,0,801a05db79d8,3.11.15,"{""numpy"": ""1.26.4"", ""pandas"": ""3.0.3"", ""scikit-learn"": ""1.9.0"", ""torch"": ""2.12.0""}"
compas,logreg,race,prune:0.3,Hispanic,3,priors_count|age|juv_other_count,0.118362|0.084398|0.006749,0,801a05db79d8,3.11.15,"{""numpy"": ""1.26.4"", ""pandas"": ""3.0.3"", ""scikit-learn"": ""1.9.0"", ""torch"": ""2.12.0""}"
compas,logreg,race,prune:0.3,Native American,3,priors_count|age|juv_other_count,0.083214|0.050969|0.006041,0,801a05db79d8,3.11.15,"{""numpy"": ""1.26.4"", ""pandas"": ""3.0.3"", ""scikit-learn"": ""1.9.0"", ""torch"": ""2.12.0""}"
compas,logreg,race,prune:0.3,Asian,3,priors_count|age|juv_other_count,0.088519|0.087280|0.006026,0,801a05db79d8,3.11.15,"{""numpy"": ""1.26.4"", ""pandas"": ""3.0.3"", ""scikit-learn"": ""1.9.0"", ""torch"": ""2.12.0""}"
compas,logreg,race,prune:0.5,Caucasian,3,priors_count|age|juv_fel_count,0.107519|0.101532|0.000000,0,c23736a1e666,3.11.15,"{""numpy"": ""1.26.4"", ""pandas"": ""3.0.3"", ""scikit-learn"": ""1.9.0"", ""torch"": ""2.12.0""}"
compas,logreg,race,prune:0.5,African-American,3,priors_count|age|juv_fel_count,0.146228|0.084391|0.000000,0,c23736a1e666,3.11.15,"{""numpy"": ""1.26.4"", ""pandas"": ""3.0.3"", ""scikit-learn"": ""1.9.0"", ""torch"": ""2.12.0""}"
compas,logreg,race,prune:0.5,Other,3,priors_count|age|juv_fel_count,0.111368|0.091873|0.000000,0,c23736a1e666,3.11.15,"{""numpy"": ""1.26.4"", ""pandas"": ""3.0.3"", ""scikit-learn"": ""1.9.0"", ""torch"": ""2.12.0""}"
compas,logreg,race,prune:0.5,Hispanic,3,priors_count|age|juv_fel_count,0.119563|0.085295|0.000000,0,c23736a1e666,3.11.15,"{""numpy"": ""1.26.4"", ""pandas"": ""3.0.3"", ""scikit-learn"": ""1.9.0"", ""torch"": ""2.12.0""}"
compas,logreg,race,prune:0.5,Native American,3,priors_count|age|juv_fel_count,0.083634|0.051325|0.000000,0,c23736a1e666,3.11.15,"{""numpy"": ""1.26.4"", ""pandas"": ""3.0.3"", ""scikit-learn"": ""1.9.0"", ""torch"": ""2.12.0""}"
compas,logreg,race,prune:0.5,Asian,3,priors_count|age|juv_fel_count,0.088973|0.087749|0.000000,0,c23736a1e666,3.11.15,"{""numpy"": ""1.26.4"", ""pandas"": ""3.0.3"", ""scikit-learn"": ""1.9.0"", ""torch"": ""2.12.0""}"
compas,logreg,race,prune:0.7,Caucasian,3,priors_count|age|juv_fel_count,0.113997|0.000000|0.000000,0,9af2a1518654,3.11.15,"{""numpy"": ""1.26.4"", ""pandas"": ""3.0.3"", ""scikit-learn"": ""1.9.0"", ""torch"": ""2.12.0""}"
compas,logreg,race,prune:0.7,African-American,3,priors_count|age|juv_fel_count,0.145181|0.000000|0.000000,0,9af2a1518654,3.11.15,"{""numpy"": ""1.26.4"", ""pandas"": ""3.0.3"", ""scikit-learn"": ""1.9.0"", ""torch"": ""2.12.0""}"
compas,logreg,race,prune:0.7,Other,3,priors_count|age|juv_fel_count,0.114647|0.000000|0.000000,0,9af2a1518654,3.11.15,"{""numpy"": ""1.26.4"", ""pandas"": ""3.0.3"", ""scikit-learn"": ""1.9.0"", ""torch"": ""2.12.0""}"
compas,logreg,race,prune:0.7,Hispanic,3,priors_count|age|juv_fel_count,0.124865|0.000000|0.000000,0,9af2a1518654,3.11.15,"{""numpy"": ""1.26.4"", ""pandas"": ""3.0.3"", ""scikit-learn"": ""1.9.0"", ""torch"": ""2.12.0""}"
compas,logreg,race,prune:0.7,Native American,3,priors_count|age|juv_fel_count,0.087366|0.000000|0.000000,0,9af2a1518654,3.11.15,"{""numpy"": ""1.26.4"", ""pandas"": ""3.0.3"", ""scikit-learn"": ""1.9.0"", ""torch"": ""2.12.0""}"
compas,logreg,race,prune:0.7,Asian,3,priors_count|age|juv_fel_count,0.090720|0.000000|0.000000,0,9af2a1518654,3.11.15,"{""numpy"": ""1.26.4"", ""pandas"": ""3.0.3"", ""scikit-learn"": ""1.9.0"", ""torch"": ""2.12.0""}"
compas,logreg,race,prune:0.9,Caucasian,3,age|juv_fel_count|juv_misd_count,0.000000|0.000000|0.000000,0,29ed83a89876,3.11.15,"{""numpy"": ""1.26.4"", ""pandas"": ""3.0.3"", ""scikit-learn"": ""1.9.0"", ""torch"": ""2.12.0""}"
compas,logreg,race,prune:0.9,African-American,3,age|juv_fel_count|juv_misd_count,0.000000|0.000000|0.000000,0,29ed83a89876,3.11.15,"{""numpy"": ""1.26.4"", ""pandas"": ""3.0.3"", ""scikit-learn"": ""1.9.0"", ""torch"": ""2.12.0""}"
compas,logreg,race,prune:0.9,Other,3,age|juv_fel_count|juv_misd_count,0.000000|0.000000|0.000000,0,29ed83a89876,3.11.15,"{""numpy"": ""1.26.4"", ""pandas"": ""3.0.3"", ""scikit-learn"": ""1.9.0"", ""torch"": ""2.12.0""}"
compas,logreg,race,prune:0.9,Hispanic,3,age|juv_fel_count|juv_misd_count,0.000000|0.000000|0.000000,0,29ed83a89876,3.11.15,"{""numpy"": ""1.26.4"", ""pandas"": ""3.0.3"", ""scikit-learn"": ""1.9.0"", ""torch"": ""2.12.0""}"
compas,logreg,race,prune:0.9,Native American,3,age|juv_fel_count|juv_misd_count,0.000000|0.000000|0.000000,0,29ed83a89876,3.11.15,"{""numpy"": ""1.26.4"", ""pandas"": ""3.0.3"", ""scikit-learn"": ""1.9.0"", ""torch"": ""2.12.0""}"
compas,logreg,race,prune:0.9,Asian,3,age|juv_fel_count|juv_misd_count,0.000000|0.000000|0.000000,0,29ed83a89876,3.11.15,"{""numpy"": ""1.26.4"", ""pandas"": ""3.0.3"", ""scikit-learn"": ""1.9.0"", ""torch"": ""2.12.0""}"
compas,logreg,sex,none,Male,3,priors_count|age|juv_other_count,0.114927|0.095817|0.011742,1,4489ae7b79c2,3.11.15,"{""numpy"": ""1.26.4"", ""pandas"": ""3.0.3"", ""scikit-learn"": ""1.9.0"", ""torch"": ""2.12.0""}"
compas,logreg,sex,none,Female,3,priors_count|age|juv_other_count,0.100697|0.085018|0.009503,1,4489ae7b79c2,3.11.15,"{""numpy"": ""1.26.4"", ""pandas"": ""3.0.3"", ""scikit-learn"": ""1.9.0"", ""torch"": ""2.12.0""}"
compas,logreg,sex,prune:0.3,Male,3,priors_count|age|juv_other_count,0.115586|0.096051|0.011804,1,df1e1d61c15e,3.11.15,"{""numpy"": ""1.26.4"", ""pandas"": ""3.0.3"", ""scikit-learn"": ""1.9.0"", ""torch"": ""2.12.0""}"
compas,logreg,sex,prune:0.3,Female,3,priors_count|age|juv_other_count,0.100775|0.085168|0.009515,1,df1e1d61c15e,3.11.15,"{""numpy"": ""1.26.4"", ""pandas"": ""3.0.3"", ""scikit-learn"": ""1.9.0"", ""torch"": ""2.12.0""}"
compas,logreg,sex,prune:0.5,Male,3,priors_count|age|juv_fel_count,0.117016|0.096778|0.000000,1,61e7faff99a3,3.11.15,"{""numpy"": ""1.26.4"", ""pandas"": ""3.0.3"", ""scikit-learn"": ""1.9.0"", ""torch"": ""2.12.0""}"
compas,logreg,sex,prune:0.5,Female,3,priors_count|age|juv_fel_count,0.101145|0.085750|0.000000,1,61e7faff99a3,3.11.15,"{""numpy"": ""1.26.4"", ""pandas"": ""3.0.3"", ""scikit-learn"": ""1.9.0"", ""torch"": ""2.12.0""}"
compas,logreg,sex,prune:0.7,Male,3,priors_count|age|juv_fel_count,0.121108|0.000000|0.000000,1,e72826b23c22,3.11.15,"{""numpy"": ""1.26.4"", ""pandas"": ""3.0.3"", ""scikit-learn"": ""1.9.0"", ""torch"": ""2.12.0""}"
compas,logreg,sex,prune:0.7,Female,3,priors_count|age|juv_fel_count,0.102981|0.000000|0.000000,1,e72826b23c22,3.11.15,"{""numpy"": ""1.26.4"", ""pandas"": ""3.0.3"", ""scikit-learn"": ""1.9.0"", ""torch"": ""2.12.0""}"
compas,logreg,sex,prune:0.9,Male,3,age|juv_fel_count|juv_misd_count,0.000000|0.000000|0.000000,1,72b24cb72a66,3.11.15,"{""numpy"": ""1.26.4"", ""pandas"": ""3.0.3"", ""scikit-learn"": ""1.9.0"", ""torch"": ""2.12.0""}"
compas,logreg,sex,prune:0.9,Female,3,age|juv_fel_count|juv_misd_count,0.000000|0.000000|0.000000,1,72b24cb72a66,3.11.15,"{""numpy"": ""1.26.4"", ""pandas"": ""3.0.3"", ""scikit-learn"": ""1.9.0"", ""torch"": ""2.12.0""}"
compas,logreg,race,none,Caucasian,3,age|priors_count|juv_other_count,0.098387|0.095666|0.011434,1,bbefd9914735,3.11.15,"{""numpy"": ""1.26.4"", ""pandas"": ""3.0.3"", ""scikit-learn"": ""1.9.0"", ""torch"": ""2.12.0""}"
compas,logreg,race,none,African-American,3,priors_count|age|juv_other_count,0.125446|0.088336|0.011858,1,bbefd9914735,3.11.15,"{""numpy"": ""1.26.4"", ""pandas"": ""3.0.3"", ""scikit-learn"": ""1.9.0"", ""torch"": ""2.12.0""}"
compas,logreg,race,none,Hispanic,3,priors_count|age|juv_other_count,0.105994|0.099427|0.009824,1,bbefd9914735,3.11.15,"{""numpy"": ""1.26.4"", ""pandas"": ""3.0.3"", ""scikit-learn"": ""1.9.0"", ""torch"": ""2.12.0""}"
compas,logreg,race,none,Asian,3,age|priors_count|juv_other_count,0.118661|0.081031|0.005503,1,bbefd9914735,3.11.15,"{""numpy"": ""1.26.4"", ""pandas"": ""3.0.3"", ""scikit-learn"": ""1.9.0"", ""torch"": ""2.12.0""}"
compas,logreg,race,none,Other,3,priors_count|age|juv_other_count,0.108204|0.099822|0.007473,1,bbefd9914735,3.11.15,"{""numpy"": ""1.26.4"", ""pandas"": ""3.0.3"", ""scikit-learn"": ""1.9.0"", ""torch"": ""2.12.0""}"
compas,logreg,race,none,Native American,3,age|priors_count|juv_other_count,0.115408|0.062166|0.033749,1,bbefd9914735,3.11.15,"{""numpy"": ""1.26.4"", ""pandas"": ""3.0.3"", ""scikit-learn"": ""1.9.0"", ""torch"": ""2.12.0""}"
compas,logreg,race,prune:0.3,Caucasian,3,age|priors_count|juv_other_count,0.098618|0.095915|0.011459,1,e9776416040e,3.11.15,"{""numpy"": ""1.26.4"", ""pandas"": ""3.0.3"", ""scikit-learn"": ""1.9.0"", ""torch"": ""2.12.0""}"
compas,logreg,race,prune:0.3,African-American,3,priors_count|age|juv_other_count,0.126237|0.088524|0.011938,1,e9776416040e,3.11.15,"{""numpy"": ""1.26.4"", ""pandas"": ""3.0.3"", ""scikit-learn"": ""1.9.0"", ""torch"": ""2.12.0""}"
compas,logreg,race,prune:0.3,Hispanic,3,priors_count|age|juv_other_count,0.106473|0.099723|0.009844,1,e9776416040e,3.11.15,"{""numpy"": ""1.26.4"", ""pandas"": ""3.0.3"", ""scikit-learn"": ""1.9.0"", ""torch"": ""2.12.0""}"
compas,logreg,race,prune:0.3,Asian,3,age|priors_count|juv_other_count,0.119053|0.081204|0.005518,1,e9776416040e,3.11.15,"{""numpy"": ""1.26.4"", ""pandas"": ""3.0.3"", ""scikit-learn"": ""1.9.0"", ""torch"": ""2.12.0""}"
compas,logreg,race,prune:0.3,Other,3,priors_count|age|juv_other_count,0.108485|0.100079|0.007492,1,e9776416040e,3.11.15,"{""numpy"": ""1.26.4"", ""pandas"": ""3.0.3"", ""scikit-learn"": ""1.9.0"", ""torch"": ""2.12.0""}"
compas,logreg,race,prune:0.3,Native American,3,age|priors_count|juv_other_count,0.115467|0.062073|0.033745,1,e9776416040e,3.11.15,"{""numpy"": ""1.26.4"", ""pandas"": ""3.0.3"", ""scikit-learn"": ""1.9.0"", ""torch"": ""2.12.0""}"
compas,logreg,race,prune:0.5,Caucasian,3,age|priors_count|juv_fel_count,0.099510|0.096795|0.000000,1,bb35544edc8c,3.11.15,"{""numpy"": ""1.26.4"", ""pandas"": ""3.0.3"", ""scikit-learn"": ""1.9.0"", ""torch"": ""2.12.0""}"
compas,logreg,race,prune:0.5,African-American,3,priors_count|age|juv_fel_count,0.127906|0.089101|0.000000,1,bb35544edc8c,3.11.15,"{""numpy"": ""1.26.4"", ""pandas"": ""3.0.3"", ""scikit-learn"": ""1.9.0"", ""torch"": ""2.12.0""}"
compas,logreg,race,prune:0.5,Hispanic,3,priors_count|age|juv_fel_count,0.106843|0.100373|0.000000,1,bb35544edc8c,3.11.15,"{""numpy"": ""1.26.4"", ""pandas"": ""3.0.3"", ""scikit-learn"": ""1.9.0"", ""torch"": ""2.12.0""}"
compas,logreg,race,prune:0.5,Asian,3,age|priors_count|juv_fel_count,0.120525|0.081849|0.000000,1,bb35544edc8c,3.11.15,"{""numpy"": ""1.26.4"", ""pandas"": ""3.0.3"", ""scikit-learn"": ""1.9.0"", ""torch"": ""2.12.0""}"
compas,logreg,race,prune:0.5,Other,3,priors_count|age|juv_fel_count,0.108989|0.100687|0.000000,1,bb35544edc8c,3.11.15,"{""numpy"": ""1.26.4"", ""pandas"": ""3.0.3"", ""scikit-learn"": ""1.9.0"", ""torch"": ""2.12.0""}"
compas,logreg,race,prune:0.5,Native American,3,age|priors_count|juv_fel_count,0.113112|0.064071|0.000000,1,bb35544edc8c,3.11.15,"{""numpy"": ""1.26.4"", ""pandas"": ""3.0.3"", ""scikit-learn"": ""1.9.0"", ""torch"": ""2.12.0""}"
compas,logreg,race,prune:0.7,Caucasian,3,priors_count|age|juv_fel_count,0.102556|0.000000|0.000000,1,0f1b81609901,3.11.15,"{""numpy"": ""1.26.4"", ""pandas"": ""3.0.3"", ""scikit-learn"": ""1.9.0"", ""torch"": ""2.12.0""}"
compas,logreg,race,prune:0.7,African-American,3,priors_count|age|juv_fel_count,0.129634|0.000000|0.000000,1,0f1b81609901,3.11.15,"{""numpy"": ""1.26.4"", ""pandas"": ""3.0.3"", ""scikit-learn"": ""1.9.0"", ""torch"": ""2.12.0""}"
compas,logreg,race,prune:0.7,Hispanic,3,priors_count|age|juv_fel_count,0.111909|0.000000|0.000000,1,0f1b81609901,3.11.15,"{""numpy"": ""1.26.4"", ""pandas"": ""3.0.3"", ""scikit-learn"": ""1.9.0"", ""torch"": ""2.12.0""}"
compas,logreg,race,prune:0.7,Asian,3,priors_count|age|juv_fel_count,0.098626|0.000000|0.000000,1,0f1b81609901,3.11.15,"{""numpy"": ""1.26.4"", ""pandas"": ""3.0.3"", ""scikit-learn"": ""1.9.0"", ""torch"": ""2.12.0""}"
compas,logreg,race,prune:0.7,Other,3,priors_count|age|juv_fel_count,0.112912|0.000000|0.000000,1,0f1b81609901,3.11.15,"{""numpy"": ""1.26.4"", ""pandas"": ""3.0.3"", ""scikit-learn"": ""1.9.0"", ""torch"": ""2.12.0""}"
compas,logreg,race,prune:0.7,Native American,3,priors_count|age|juv_fel_count,0.061126|0.000000|0.000000,1,0f1b81609901,3.11.15,"{""numpy"": ""1.26.4"", ""pandas"": ""3.0.3"", ""scikit-learn"": ""1.9.0"", ""torch"": ""2.12.0""}"
compas,logreg,race,prune:0.9,Caucasian,3,age|juv_fel_count|juv_misd_count,0.000000|0.000000|0.000000,1,53b3deaad60d,3.11.15,"{""numpy"": ""1.26.4"", ""pandas"": ""3.0.3"", ""scikit-learn"": ""1.9.0"", ""torch"": ""2.12.0""}"
compas,logreg,race,prune:0.9,African-American,3,age|juv_fel_count|juv_misd_count,0.000000|0.000000|0.000000,1,53b3deaad60d,3.11.15,"{""numpy"": ""1.26.4"", ""pandas"": ""3.0.3"", ""scikit-learn"": ""1.9.0"", ""torch"": ""2.12.0""}"
compas,logreg,race,prune:0.9,Hispanic,3,age|juv_fel_count|juv_misd_count,0.000000|0.000000|0.000000,1,53b3deaad60d,3.11.15,"{""numpy"": ""1.26.4"", ""pandas"": ""3.0.3"", ""scikit-learn"": ""1.9.0"", ""torch"": ""2.12.0""}"
compas,logreg,race,prune:0.9,Asian,3,age|juv_fel_count|juv_misd_count,0.000000|0.000000|0.000000,1,53b3deaad60d,3.11.15,"{""numpy"": ""1.26.4"", ""pandas"": ""3.0.3"", ""scikit-learn"": ""1.9.0"", ""torch"": ""2.12.0""}"
compas,logreg,race,prune:0.9,Other,3,age|juv_fel_count|juv_misd_count,0.000000|0.000000|0.000000,1,53b3deaad60d,3.11.15,"{""numpy"": ""1.26.4"", ""pandas"": ""3.0.3"", ""scikit-learn"": ""1.9.0"", ""torch"": ""2.12.0""}"
compas,logreg,race,prune:0.9,Native American,3,age|juv_fel_count|juv_misd_count,0.000000|0.000000|0.000000,1,53b3deaad60d,3.11.15,"{""numpy"": ""1.26.4"", ""pandas"": ""3.0.3"", ""scikit-learn"": ""1.9.0"", ""torch"": ""2.12.0""}"
compas,logreg,sex,none,Male,3,priors_count|age|juv_other_count,0.117452|0.087091|0.012904,2,00f9ffcd4158,3.11.15,"{""numpy"": ""1.26.4"", ""pandas"": ""3.0.3"", ""scikit-learn"": ""1.9.0"", ""torch"": ""2.12.0""}"
compas,logreg,sex,none,Female,3,priors_count|age|juv_other_count,0.095499|0.088321|0.008982,2,00f9ffcd4158,3.11.15,"{""numpy"": ""1.26.4"", ""pandas"": ""3.0.3"", ""scikit-learn"": ""1.9.0"", ""torch"": ""2.12.0""}"
compas,logreg,sex,prune:0.3,Male,3,priors_count|age|juv_other_count,0.118067|0.087282|0.012957,2,29e328cf0ce4,3.11.15,"{""numpy"": ""1.26.4"", ""pandas"": ""3.0.3"", ""scikit-learn"": ""1.9.0"", ""torch"": ""2.12.0""}"
compas,logreg,sex,prune:0.3,Female,3,priors_count|age|juv_other_count,0.095577|0.088449|0.008988,2,29e328cf0ce4,3.11.15,"{""numpy"": ""1.26.4"", ""pandas"": ""3.0.3"", ""scikit-learn"": ""1.9.0"", ""torch"": ""2.12.0""}"
compas,logreg,sex,prune:0.5,Male,3,priors_count|age|juv_fel_count,0.119374|0.088130|0.000000,2,08f33af5ab44,3.11.15,"{""numpy"": ""1.26.4"", ""pandas"": ""3.0.3"", ""scikit-learn"": ""1.9.0"", ""torch"": ""2.12.0""}"
compas,logreg,sex,prune:0.5,Female,3,priors_count|age|juv_fel_count,0.096146|0.089224|0.000000,2,08f33af5ab44,3.11.15,"{""numpy"": ""1.26.4"", ""pandas"": ""3.0.3"", ""scikit-learn"": ""1.9.0"", ""torch"": ""2.12.0""}"
compas,logreg,sex,prune:0.7,Male,3,priors_count|age|juv_fel_count,0.122707|0.000000|0.000000,2,804b6f62f78a,3.11.15,"{""numpy"": ""1.26.4"", ""pandas"": ""3.0.3"", ""scikit-learn"": ""1.9.0"", ""torch"": ""2.12.0""}"
compas,logreg,sex,prune:0.7,Female,3,priors_count|age|juv_fel_count,0.100756|0.000000|0.000000,2,804b6f62f78a,3.11.15,"{""numpy"": ""1.26.4"", ""pandas"": ""3.0.3"", ""scikit-learn"": ""1.9.0"", ""torch"": ""2.12.0""}"
compas,logreg,sex,prune:0.9,Male,3,age|juv_fel_count|juv_misd_count,0.000000|0.000000|0.000000,2,653fe6b599ed,3.11.15,"{""numpy"": ""1.26.4"", ""pandas"": ""3.0.3"", ""scikit-learn"": ""1.9.0"", ""torch"": ""2.12.0""}"
compas,logreg,sex,prune:0.9,Female,3,age|juv_fel_count|juv_misd_count,0.000000|0.000000|0.000000,2,653fe6b599ed,3.11.15,"{""numpy"": ""1.26.4"", ""pandas"": ""3.0.3"", ""scikit-learn"": ""1.9.0"", ""torch"": ""2.12.0""}"
compas,logreg,race,none,African-American,3,priors_count|age|juv_other_count,0.132922|0.083708|0.012573,2,69615063bca0,3.11.15,"{""numpy"": ""1.26.4"", ""pandas"": ""3.0.3"", ""scikit-learn"": ""1.9.0"", ""torch"": ""2.12.0""}"
compas,logreg,race,none,Caucasian,3,age|priors_count|juv_other_count,0.095026|0.089841|0.011671,2,69615063bca0,3.11.15,"{""numpy"": ""1.26.4"", ""pandas"": ""3.0.3"", ""scikit-learn"": ""1.9.0"", ""torch"": ""2.12.0""}"
compas,logreg,race,none,Other,3,priors_count|age|juv_other_count,0.096028|0.079016|0.014316,2,69615063bca0,3.11.15,"{""numpy"": ""1.26.4"", ""pandas"": ""3.0.3"", ""scikit-learn"": ""1.9.0"", ""torch"": ""2.12.0""}"
compas,logreg,race,none,Hispanic,3,priors_count|age|juv_other_count,0.101487|0.082454|0.009651,2,69615063bca0,3.11.15,"{""numpy"": ""1.26.4"", ""pandas"": ""3.0.3"", ""scikit-learn"": ""1.9.0"", ""torch"": ""2.12.0""}"
compas,logreg,race,none,Asian,3,priors_count|age|juv_other_count,0.120407|0.108524|0.015300,2,69615063bca0,3.11.15,"{""numpy"": ""1.26.4"", ""pandas"": ""3.0.3"", ""scikit-learn"": ""1.9.0"", ""torch"": ""2.12.0""}"
compas,logreg,race,none,Native American,3,priors_count|age|juv_other_count,0.254039|0.061402|0.025035,2,69615063bca0,3.11.15,"{""numpy"": ""1.26.4"", ""pandas"": ""3.0.3"", ""scikit-learn"": ""1.9.0"", ""torch"": ""2.12.0""}"
compas,logreg,race,prune:0.3,African-American,3,priors_count|age|juv_other_count,0.133384|0.083883|0.012636,2,8af9f83e4086,3.11.15,"{""numpy"": ""1.26.4"", ""pandas"": ""3.0.3"", ""scikit-learn"": ""1.9.0"", ""torch"": ""2.12.0""}"
compas,logreg,race,prune:0.3,Caucasian,3,age|priors_count|juv_other_count,0.095177|0.090016|0.011683,2,8af9f83e4086,3.11.15,"{""numpy"": ""1.26.4"", ""pandas"": ""3.0.3"", ""scikit-learn"": ""1.9.0"", ""torch"": ""2.12.0""}"
compas,logreg,race,prune:0.3,Other,3,priors_count|age|juv_other_count,0.099014|0.079358|0.014426,2,8af9f83e4086,3.11.15,"{""numpy"": ""1.26.4"", ""pandas"": ""3.0.3"", ""scikit-learn"": ""1.9.0"", ""torch"": ""2.12.0""}"
compas,logreg,race,prune:0.3,Hispanic,3,priors_count|age|juv_other_count,0.101726|0.082604|0.009667,2,8af9f83e4086,3.11.15,"{""numpy"": ""1.26.4"", ""pandas"": ""3.0.3"", ""scikit-learn"": ""1.9.0"", ""torch"": ""2.12.0""}"
compas,logreg,race,prune:0.3,Asian,3,priors_count|age|juv_other_count,0.120474|0.108747|0.015308,2,8af9f83e4086,3.11.15,"{""numpy"": ""1.26.4"", ""pandas"": ""3.0.3"", ""scikit-learn"": ""1.9.0"", ""torch"": ""2.12.0""}"
compas,logreg,race,prune:0.3,Native American,3,priors_count|age|juv_other_count,0.266575|0.063526|0.025184,2,8af9f83e4086,3.11.15,"{""numpy"": ""1.26.4"", ""pandas"": ""3.0.3"", ""scikit-learn"": ""1.9.0"", ""torch"": ""2.12.0""}"
compas,logreg,race,prune:0.5,African-American,3,priors_count|age|juv_fel_count,0.134991|0.084530|0.000000,2,c1ad7cf8e4b8,3.11.15,"{""numpy"": ""1.26.4"", ""pandas"": ""3.0.3"", ""scikit-learn"": ""1.9.0"", ""torch"": ""2.12.0""}"
compas,logreg,race,prune:0.5,Caucasian,3,age|priors_count|juv_fel_count,0.096217|0.090775|0.000000,2,c1ad7cf8e4b8,3.11.15,"{""numpy"": ""1.26.4"", ""pandas"": ""3.0.3"", ""scikit-learn"": ""1.9.0"", ""torch"": ""2.12.0""}"
compas,logreg,race,prune:0.5,Other,3,priors_count|age|juv_fel_count,0.100085|0.080934|0.000000,2,c1ad7cf8e4b8,3.11.15,"{""numpy"": ""1.26.4"", ""pandas"": ""3.0.3"", ""scikit-learn"": ""1.9.0"", ""torch"": ""2.12.0""}"
compas,logreg,race,prune:0.5,Hispanic,3,priors_count|age|juv_fel_count,0.102074|0.083284|0.000000,2,c1ad7cf8e4b8,3.11.15,"{""numpy"": ""1.26.4"", ""pandas"": ""3.0.3"", ""scikit-learn"": ""1.9.0"", ""torch"": ""2.12.0""}"
compas,logreg,race,prune:0.5,Asian,3,priors_count|age|juv_fel_count,0.121617|0.109059|0.000000,2,c1ad7cf8e4b8,3.11.15,"{""numpy"": ""1.26.4"", ""pandas"": ""3.0.3"", ""scikit-learn"": ""1.9.0"", ""torch"": ""2.12.0""}"
compas,logreg,race,prune:0.5,Native American,3,priors_count|age|juv_fel_count,0.266334|0.061439|0.000000,2,c1ad7cf8e4b8,3.11.15,"{""numpy"": ""1.26.4"", ""pandas"": ""3.0.3"", ""scikit-learn"": ""1.9.0"", ""torch"": ""2.12.0""}"
compas,logreg,race,prune:0.7,African-American,3,priors_count|age|juv_fel_count,0.136106|0.000000|0.000000,2,a3b41209c425,3.11.15,"{""numpy"": ""1.26.4"", ""pandas"": ""3.0.3"", ""scikit-learn"": ""1.9.0"", ""torch"": ""2.12.0""}"
compas,logreg,race,prune:0.7,Caucasian,3,priors_count|age|juv_fel_count,0.097040|0.000000|0.000000,2,a3b41209c425,3.11.15,"{""numpy"": ""1.26.4"", ""pandas"": ""3.0.3"", ""scikit-learn"": ""1.9.0"", ""torch"": ""2.12.0""}"
compas,logreg,race,prune:0.7,Other,3,priors_count|age|juv_fel_count,0.105825|0.000000|0.000000,2,a3b41209c425,3.11.15,"{""numpy"": ""1.26.4"", ""pandas"": ""3.0.3"", ""scikit-learn"": ""1.9.0"", ""torch"": ""2.12.0""}"
compas,logreg,race,prune:0.7,Hispanic,3,priors_count|age|juv_fel_count,0.107658|0.000000|0.000000,2,a3b41209c425,3.11.15,"{""numpy"": ""1.26.4"", ""pandas"": ""3.0.3"", ""scikit-learn"": ""1.9.0"", ""torch"": ""2.12.0""}"
compas,logreg,race,prune:0.7,Asian,3,priors_count|age|juv_fel_count,0.141283|0.000000|0.000000,2,a3b41209c425,3.11.15,"{""numpy"": ""1.26.4"", ""pandas"": ""3.0.3"", ""scikit-learn"": ""1.9.0"", ""torch"": ""2.12.0""}"
compas,logreg,race,prune:0.7,Native American,3,priors_count|age|juv_fel_count,0.233455|0.000000|0.000000,2,a3b41209c425,3.11.15,"{""numpy"": ""1.26.4"", ""pandas"": ""3.0.3"", ""scikit-learn"": ""1.9.0"", ""torch"": ""2.12.0""}"
compas,logreg,race,prune:0.9,African-American,3,age|juv_fel_count|juv_misd_count,0.000000|0.000000|0.000000,2,5a6a9230561b,3.11.15,"{""numpy"": ""1.26.4"", ""pandas"": ""3.0.3"", ""scikit-learn"": ""1.9.0"", ""torch"": ""2.12.0""}"
compas,logreg,race,prune:0.9,Caucasian,3,age|juv_fel_count|juv_misd_count,0.000000|0.000000|0.000000,2,5a6a9230561b,3.11.15,"{""numpy"": ""1.26.4"", ""pandas"": ""3.0.3"", ""scikit-learn"": ""1.9.0"", ""torch"": ""2.12.0""}"
compas,logreg,race,prune:0.9,Other,3,age|juv_fel_count|juv_misd_count,0.000000|0.000000|0.000000,2,5a6a9230561b,3.11.15,"{""numpy"": ""1.26.4"", ""pandas"": ""3.0.3"", ""scikit-learn"": ""1.9.0"", ""torch"": ""2.12.0""}"
compas,logreg,race,prune:0.9,Hispanic,3,age|juv_fel_count|juv_misd_count,0.000000|0.000000|0.000000,2,5a6a9230561b,3.11.15,"{""numpy"": ""1.26.4"", ""pandas"": ""3.0.3"", ""scikit-learn"": ""1.9.0"", ""torch"": ""2.12.0""}"
compas,logreg,race,prune:0.9,Asian,3,age|juv_fel_count|juv_misd_count,0.000000|0.000000|0.000000,2,5a6a9230561b,3.11.15,"{""numpy"": ""1.26.4"", ""pandas"": ""3.0.3"", ""scikit-learn"": ""1.9.0"", ""torch"": ""2.12.0""}"
compas,logreg,race,prune:0.9,Native American,3,age|juv_fel_count|juv_misd_count,0.000000|0.000000|0.000000,2,5a6a9230561b,3.11.15,"{""numpy"": ""1.26.4"", ""pandas"": ""3.0.3"", ""scikit-learn"": ""1.9.0"", ""torch"": ""2.12.0""}"
compas,logreg,sex,none,Male,3,priors_count|age|juv_other_count,0.124419|0.087394|0.014155,3,b1dd4bd1076b,3.11.15,"{""numpy"": ""1.26.4"", ""pandas"": ""3.0.3"", ""scikit-learn"": ""1.9.0"", ""torch"": ""2.12.0""}"
compas,logreg,sex,none,Female,3,priors_count|age|juv_other_count,0.113045|0.088559|0.010626,3,b1dd4bd1076b,3.11.15,"{""numpy"": ""1.26.4"", ""pandas"": ""3.0.3"", ""scikit-learn"": ""1.9.0"", ""torch"": ""2.12.0""}"
compas,logreg,sex,prune:0.3,Male,3,priors_count|age|juv_other_count,0.124188|0.087326|0.014090,3,a1114dffdeca,3.11.15,"{""numpy"": ""1.26.4"", ""pandas"": ""3.0.3"", ""scikit-learn"": ""1.9.0"", ""torch"": ""2.12.0""}"
compas,logreg,sex,prune:0.3,Female,3,priors_count|age|juv_other_count,0.112896|0.088481|0.010607,3,a1114dffdeca,3.11.15,"{""numpy"": ""1.26.4"", ""pandas"": ""3.0.3"", ""scikit-learn"": ""1.9.0"", ""torch"": ""2.12.0""}"
compas,logreg,sex,prune:0.5,Male,3,priors_count|age|juv_fel_count,0.125859|0.088282|0.000000,3,b084b7449c64,3.11.15,"{""numpy"": ""1.26.4"", ""pandas"": ""3.0.3"", ""scikit-learn"": ""1.9.0"", ""torch"": ""2.12.0""}"
compas,logreg,sex,prune:0.5,Female,3,priors_count|age|juv_fel_count,0.113638|0.089295|0.000000,3,b084b7449c64,3.11.15,"{""numpy"": ""1.26.4"", ""pandas"": ""3.0.3"", ""scikit-learn"": ""1.9.0"", ""torch"": ""2.12.0""}"
compas,logreg,sex,prune:0.7,Male,3,priors_count|age|juv_fel_count,0.128976|0.000000|0.000000,3,835b41e9fd54,3.11.15,"{""numpy"": ""1.26.4"", ""pandas"": ""3.0.3"", ""scikit-learn"": ""1.9.0"", ""torch"": ""2.12.0""}"
compas,logreg,sex,prune:0.7,Female,3,priors_count|age|juv_fel_count,0.117101|0.000000|0.000000,3,835b41e9fd54,3.11.15,"{""numpy"": ""1.26.4"", ""pandas"": ""3.0.3"", ""scikit-learn"": ""1.9.0"", ""torch"": ""2.12.0""}"
compas,logreg,sex,prune:0.9,Male,3,age|juv_fel_count|juv_misd_count,0.000000|0.000000|0.000000,3,0dc3bfdf1889,3.11.15,"{""numpy"": ""1.26.4"", ""pandas"": ""3.0.3"", ""scikit-learn"": ""1.9.0"", ""torch"": ""2.12.0""}"
compas,logreg,sex,prune:0.9,Female,3,age|juv_fel_count|juv_misd_count,0.000000|0.000000|0.000000,3,0dc3bfdf1889,3.11.15,"{""numpy"": ""1.26.4"", ""pandas"": ""3.0.3"", ""scikit-learn"": ""1.9.0"", ""torch"": ""2.12.0""}"
compas,logreg,race,none,Caucasian,3,priors_count|age|juv_other_count,0.104916|0.100357|0.014052,3,e022c33cced5,3.11.15,"{""numpy"": ""1.26.4"", ""pandas"": ""3.0.3"", ""scikit-learn"": ""1.9.0"", ""torch"": ""2.12.0""}"
compas,logreg,race,none,African-American,3,priors_count|age|juv_other_count,0.134526|0.080732|0.013295,3,e022c33cced5,3.11.15,"{""numpy"": ""1.26.4"", ""pandas"": ""3.0.3"", ""scikit-learn"": ""1.9.0"", ""torch"": ""2.12.0""}"
compas,logreg,race,none,Other,3,priors_count|age|juv_other_count,0.123453|0.084824|0.015181,3,e022c33cced5,3.11.15,"{""numpy"": ""1.26.4"", ""pandas"": ""3.0.3"", ""scikit-learn"": ""1.9.0"", ""torch"": ""2.12.0""}"
compas,logreg,race,none,Hispanic,3,priors_count|age|juv_other_count,0.110214|0.081501|0.011256,3,e022c33cced5,3.11.15,"{""numpy"": ""1.26.4"", ""pandas"": ""3.0.3"", ""scikit-learn"": ""1.9.0"", ""torch"": ""2.12.0""}"
compas,logreg,race,none,Native American,3,priors_count|age|juv_other_count,0.256424|0.055530|0.005711,3,e022c33cced5,3.11.15,"{""numpy"": ""1.26.4"", ""pandas"": ""3.0.3"", ""scikit-learn"": ""1.9.0"", ""torch"": ""2.12.0""}"
compas,logreg,race,none,Asian,3,priors_count|age|juv_other_count,0.132943|0.056114|0.006943,3,e022c33cced5,3.11.15,"{""numpy"": ""1.26.4"", ""pandas"": ""3.0.3"", ""scikit-learn"": ""1.9.0"", ""torch"": ""2.12.0""}"
compas,logreg,race,prune:0.3,Caucasian,3,priors_count|age|juv_other_count,0.104867|0.100302|0.014043,3,3251338a499c,3.11.15,"{""numpy"": ""1.26.4"", ""pandas"": ""3.0.3"", ""scikit-learn"": ""1.9.0"", ""torch"": ""2.12.0""}"
compas,logreg,race,prune:0.3,African-American,3,priors_count|age|juv_other_count,0.134147|0.080668|0.013224,3,3251338a499c,3.11.15,"{""numpy"": ""1.26.4"", ""pandas"": ""3.0.3"", ""scikit-learn"": ""1.9.0"", ""torch"": ""2.12.0""}"
compas,logreg,race,prune:0.3,Other,3,priors_count|age|juv_other_count,0.122952|0.084386|0.014852,3,3251338a499c,3.11.15,"{""numpy"": ""1.26.4"", ""pandas"": ""3.0.3"", ""scikit-learn"": ""1.9.0"", ""torch"": ""2.12.0""}"
compas,logreg,race,prune:0.3,Hispanic,3,priors_count|age|juv_other_count,0.110196|0.081482|0.011245,3,3251338a499c,3.11.15,"{""numpy"": ""1.26.4"", ""pandas"": ""3.0.3"", ""scikit-learn"": ""1.9.0"", ""torch"": ""2.12.0""}"
compas,logreg,race,prune:0.3,Native American,3,priors_count|age|juv_other_count,0.269546|0.057312|0.005854,3,3251338a499c,3.11.15,"{""numpy"": ""1.26.4"", ""pandas"": ""3.0.3"", ""scikit-learn"": ""1.9.0"", ""torch"": ""2.12.0""}"
compas,logreg,race,prune:0.3,Asian,3,priors_count|age|juv_other_count,0.132913|0.056088|0.006940,3,3251338a499c,3.11.15,"{""numpy"": ""1.26.4"", ""pandas"": ""3.0.3"", ""scikit-learn"": ""1.9.0"", ""torch"": ""2.12.0""}"
compas,logreg,race,prune:0.5,Caucasian,3,priors_count|age|juv_fel_count,0.106107|0.101476|0.000000,3,33d1b602af4b,3.11.15,"{""numpy"": ""1.26.4"", ""pandas"": ""3.0.3"", ""scikit-learn"": ""1.9.0"", ""torch"": ""2.12.0""}"
compas,logreg,race,prune:0.5,African-American,3,priors_count|age|juv_fel_count,0.135959|0.081407|0.000000,3,33d1b602af4b,3.11.15,"{""numpy"": ""1.26.4"", ""pandas"": ""3.0.3"", ""scikit-learn"": ""1.9.0"", ""torch"": ""2.12.0""}"
compas,logreg,race,prune:0.5,Other,3,priors_count|age|juv_fel_count,0.124198|0.086380|0.000000,3,33d1b602af4b,3.11.15,"{""numpy"": ""1.26.4"", ""pandas"": ""3.0.3"", ""scikit-learn"": ""1.9.0"", ""torch"": ""2.12.0""}"
compas,logreg,race,prune:0.5,Hispanic,3,priors_count|age|juv_fel_count,0.110798|0.082048|0.000000,3,33d1b602af4b,3.11.15,"{""numpy"": ""1.26.4"", ""pandas"": ""3.0.3"", ""scikit-learn"": ""1.9.0"", ""torch"": ""2.12.0""}"
compas,logreg,race,prune:0.5,Native American,3,priors_count|age|juv_fel_count,0.267673|0.056899|0.000000,3,33d1b602af4b,3.11.15,"{""numpy"": ""1.26.4"", ""pandas"": ""3.0.3"", ""scikit-learn"": ""1.9.0"", ""torch"": ""2.12.0""}"
compas,logreg,race,prune:0.5,Asian,3,priors_count|age|juv_fel_count,0.133488|0.056621|0.000000,3,33d1b602af4b,3.11.15,"{""numpy"": ""1.26.4"", ""pandas"": ""3.0.3"", ""scikit-learn"": ""1.9.0"", ""torch"": ""2.12.0""}"
compas,logreg,race,prune:0.7,Caucasian,3,priors_count|age|juv_fel_count,0.112564|0.000000|0.000000,3,f8cc17ca97c9,3.11.15,"{""numpy"": ""1.26.4"", ""pandas"": ""3.0.3"", ""scikit-learn"": ""1.9.0"", ""torch"": ""2.12.0""}"
compas,logreg,race,prune:0.7,African-American,3,priors_count|age|juv_fel_count,0.137096|0.000000|0.000000,3,f8cc17ca97c9,3.11.15,"{""numpy"": ""1.26.4"", ""pandas"": ""3.0.3"", ""scikit-learn"": ""1.9.0"", ""torch"": ""2.12.0""}"
compas,logreg,race,prune:0.7,Other,3,priors_count|age|juv_fel_count,0.125759|0.000000|0.000000,3,f8cc17ca97c9,3.11.15,"{""numpy"": ""1.26.4"", ""pandas"": ""3.0.3"", ""scikit-learn"": ""1.9.0"", ""torch"": ""2.12.0""}"
compas,logreg,race,prune:0.7,Hispanic,3,priors_count|age|juv_fel_count,0.114605|0.000000|0.000000,3,f8cc17ca97c9,3.11.15,"{""numpy"": ""1.26.4"", ""pandas"": ""3.0.3"", ""scikit-learn"": ""1.9.0"", ""torch"": ""2.12.0""}"
compas,logreg,race,prune:0.7,Native American,3,priors_count|age|juv_fel_count,0.239521|0.000000|0.000000,3,f8cc17ca97c9,3.11.15,"{""numpy"": ""1.26.4"", ""pandas"": ""3.0.3"", ""scikit-learn"": ""1.9.0"", ""torch"": ""2.12.0""}"
compas,logreg,race,prune:0.7,Asian,3,priors_count|age|juv_fel_count,0.143933|0.000000|0.000000,3,f8cc17ca97c9,3.11.15,"{""numpy"": ""1.26.4"", ""pandas"": ""3.0.3"", ""scikit-learn"": ""1.9.0"", ""torch"": ""2.12.0""}"
compas,logreg,race,prune:0.9,Caucasian,3,age|juv_fel_count|juv_misd_count,0.000000|0.000000|0.000000,3,9abb1baa6081,3.11.15,"{""numpy"": ""1.26.4"", ""pandas"": ""3.0.3"", ""scikit-learn"": ""1.9.0"", ""torch"": ""2.12.0""}"
compas,logreg,race,prune:0.9,African-American,3,age|juv_fel_count|juv_misd_count,0.000000|0.000000|0.000000,3,9abb1baa6081,3.11.15,"{""numpy"": ""1.26.4"", ""pandas"": ""3.0.3"", ""scikit-learn"": ""1.9.0"", ""torch"": ""2.12.0""}"
compas,logreg,race,prune:0.9,Other,3,age|juv_fel_count|juv_misd_count,0.000000|0.000000|0.000000,3,9abb1baa6081,3.11.15,"{""numpy"": ""1.26.4"", ""pandas"": ""3.0.3"", ""scikit-learn"": ""1.9.0"", ""torch"": ""2.12.0""}"
compas,logreg,race,prune:0.9,Hispanic,3,age|juv_fel_count|juv_misd_count,0.000000|0.000000|0.000000,3,9abb1baa6081,3.11.15,"{""numpy"": ""1.26.4"", ""pandas"": ""3.0.3"", ""scikit-learn"": ""1.9.0"", ""torch"": ""2.12.0""}"
compas,logreg,race,prune:0.9,Native American,3,age|juv_fel_count|juv_misd_count,0.000000|0.000000|0.000000,3,9abb1baa6081,3.11.15,"{""numpy"": ""1.26.4"", ""pandas"": ""3.0.3"", ""scikit-learn"": ""1.9.0"", ""torch"": ""2.12.0""}"
compas,logreg,race,prune:0.9,Asian,3,age|juv_fel_count|juv_misd_count,0.000000|0.000000|0.000000,3,9abb1baa6081,3.11.15,"{""numpy"": ""1.26.4"", ""pandas"": ""3.0.3"", ""scikit-learn"": ""1.9.0"", ""torch"": ""2.12.0""}"
compas,logreg,sex,none,Male,3,priors_count|age|juv_other_count,0.123576|0.089911|0.013304,4,d21f95636552,3.11.15,"{""numpy"": ""1.26.4"", ""pandas"": ""3.0.3"", ""scikit-learn"": ""1.9.0"", ""torch"": ""2.12.0""}"
compas,logreg,sex,none,Female,3,priors_count|age|juv_other_count,0.109871|0.086324|0.011050,4,d21f95636552,3.11.15,"{""numpy"": ""1.26.4"", ""pandas"": ""3.0.3"", ""scikit-learn"": ""1.9.0"", ""torch"": ""2.12.0""}"
compas,logreg,sex,prune:0.3,Male,3,priors_count|age|juv_other_count,0.124999|0.090339|0.013409,4,2cc7f24c680d,3.11.15,"{""numpy"": ""1.26.4"", ""pandas"": ""3.0.3"", ""scikit-learn"": ""1.9.0"", ""torch"": ""2.12.0""}"
compas,logreg,sex,prune:0.3,Female,3,priors_count|age|juv_other_count,0.110138|0.086620|0.011078,4,2cc7f24c680d,3.11.15,"{""numpy"": ""1.26.4"", ""pandas"": ""3.0.3"", ""scikit-learn"": ""1.9.0"", ""torch"": ""2.12.0""}"
compas,logreg,sex,prune:0.5,Male,3,priors_count|age|juv_fel_count,0.126637|0.091098|0.000000,4,21419b2ee8b0,3.11.15,"{""numpy"": ""1.26.4"", ""pandas"": ""3.0.3"", ""scikit-learn"": ""1.9.0"", ""torch"": ""2.12.0""}"
compas,logreg,sex,prune:0.5,Female,3,priors_count|age|juv_fel_count,0.111564|0.087430|0.000000,4,21419b2ee8b0,3.11.15,"{""numpy"": ""1.26.4"", ""pandas"": ""3.0.3"", ""scikit-learn"": ""1.9.0"", ""torch"": ""2.12.0""}"
compas,logreg,sex,prune:0.7,Male,3,priors_count|age|juv_fel_count,0.129532|0.000000|0.000000,4,35184bd60eff,3.11.15,"{""numpy"": ""1.26.4"", ""pandas"": ""3.0.3"", ""scikit-learn"": ""1.9.0"", ""torch"": ""2.12.0""}"
compas,logreg,sex,prune:0.7,Female,3,priors_count|age|juv_fel_count,0.115006|0.000000|0.000000,4,35184bd60eff,3.11.15,"{""numpy"": ""1.26.4"", ""pandas"": ""3.0.3"", ""scikit-learn"": ""1.9.0"", ""torch"": ""2.12.0""}"
compas,logreg,sex,prune:0.9,Male,3,age|juv_fel_count|juv_misd_count,0.000000|0.000000|0.000000,4,74be6f46fae8,3.11.15,"{""numpy"": ""1.26.4"", ""pandas"": ""3.0.3"", ""scikit-learn"": ""1.9.0"", ""torch"": ""2.12.0""}"
compas,logreg,sex,prune:0.9,Female,3,age|juv_fel_count|juv_misd_count,0.000000|0.000000|0.000000,4,74be6f46fae8,3.11.15,"{""numpy"": ""1.26.4"", ""pandas"": ""3.0.3"", ""scikit-learn"": ""1.9.0"", ""torch"": ""2.12.0""}"
compas,logreg,race,none,African-American,3,priors_count|age|juv_other_count,0.137919|0.086163|0.014007,4,f00350cd0f43,3.11.15,"{""numpy"": ""1.26.4"", ""pandas"": ""3.0.3"", ""scikit-learn"": ""1.9.0"", ""torch"": ""2.12.0""}"
compas,logreg,race,none,Caucasian,3,priors_count|age|juv_other_count,0.101482|0.097924|0.012030,4,f00350cd0f43,3.11.15,"{""numpy"": ""1.26.4"", ""pandas"": ""3.0.3"", ""scikit-learn"": ""1.9.0"", ""torch"": ""2.12.0""}"
compas,logreg,race,none,Hispanic,3,priors_count|age|juv_other_count,0.110691|0.083572|0.010382,4,f00350cd0f43,3.11.15,"{""numpy"": ""1.26.4"", ""pandas"": ""3.0.3"", ""scikit-learn"": ""1.9.0"", ""torch"": ""2.12.0""}"
compas,logreg,race,none,Other,3,priors_count|age|juv_other_count,0.101790|0.076804|0.011854,4,f00350cd0f43,3.11.15,"{""numpy"": ""1.26.4"", ""pandas"": ""3.0.3"", ""scikit-learn"": ""1.9.0"", ""torch"": ""2.12.0""}"
compas,logreg,race,none,Asian,3,priors_count|age|juv_other_count,0.110838|0.078775|0.013533,4,f00350cd0f43,3.11.15,"{""numpy"": ""1.26.4"", ""pandas"": ""3.0.3"", ""scikit-learn"": ""1.9.0"", ""torch"": ""2.12.0""}"
compas,logreg,race,none,Native American,3,priors_count|age|juv_other_count,0.088116|0.068063|0.007561,4,f00350cd0f43,3.11.15,"{""numpy"": ""1.26.4"", ""pandas"": ""3.0.3"", ""scikit-learn"": ""1.9.0"", ""torch"": ""2.12.0""}"
compas,logreg,race,prune:0.3,African-American,3,priors_count|age|juv_other_count,0.139863|0.086574|0.014146,4,3fd56eeed77c,3.11.15,"{""numpy"": ""1.26.4"", ""pandas"": ""3.0.3"", ""scikit-learn"": ""1.9.0"", ""torch"": ""2.12.0""}"
compas,logreg,race,prune:0.3,Caucasian,3,priors_count|age|juv_other_count,0.102000|0.098352|0.012063,4,3fd56eeed77c,3.11.15,"{""numpy"": ""1.26.4"", ""pandas"": ""3.0.3"", ""scikit-learn"": ""1.9.0"", ""torch"": ""2.12.0""}"
compas,logreg,race,prune:0.3,Hispanic,3,priors_count|age|juv_other_count,0.110914|0.083871|0.010404,4,3fd56eeed77c,3.11.15,"{""numpy"": ""1.26.4"", ""pandas"": ""3.0.3"", ""scikit-learn"": ""1.9.0"", ""torch"": ""2.12.0""}"
compas,logreg,race,prune:0.3,Other,3,priors_count|age|juv_other_count,0.102113|0.077175|0.011960,4,3fd56eeed77c,3.11.15,"{""numpy"": ""1.26.4"", ""pandas"": ""3.0.3"", ""scikit-learn"": ""1.9.0"", ""torch"": ""2.12.0""}"
compas,logreg,race,prune:0.3,Asian,3,priors_count|age|juv_other_count,0.111250|0.079060|0.013572,4,3fd56eeed77c,3.11.15,"{""numpy"": ""1.26.4"", ""pandas"": ""3.0.3"", ""scikit-learn"": ""1.9.0"", ""torch"": ""2.12.0""}"
compas,logreg,race,prune:0.3,Native American,3,priors_count|age|juv_other_count,0.088464|0.068351|0.007589,4,3fd56eeed77c,3.11.15,"{""numpy"": ""1.26.4"", ""pandas"": ""3.0.3"", ""scikit-learn"": ""1.9.0"", ""torch"": ""2.12.0""}"
compas,logreg,race,prune:0.5,African-American,3,priors_count|age|juv_fel_count,0.142034|0.087216|0.000000,4,41be484db582,3.11.15,"{""numpy"": ""1.26.4"", ""pandas"": ""3.0.3"", ""scikit-learn"": ""1.9.0"", ""torch"": ""2.12.0""}"
compas,logreg,race,prune:0.5,Caucasian,3,priors_count|age|juv_fel_count,0.103046|0.099255|0.000000,4,41be484db582,3.11.15,"{""numpy"": ""1.26.4"", ""pandas"": ""3.0.3"", ""scikit-learn"": ""1.9.0"", ""torch"": ""2.12.0""}"
compas,logreg,race,prune:0.5,Hispanic,3,priors_count|age|juv_fel_count,0.111769|0.084542|0.000000,4,41be484db582,3.11.15,"{""numpy"": ""1.26.4"", ""pandas"": ""3.0.3"", ""scikit-learn"": ""1.9.0"", ""torch"": ""2.12.0""}"
compas,logreg,race,prune:0.5,Other,3,priors_count|age|juv_fel_count,0.102957|0.078529|0.000000,4,41be484db582,3.11.15,"{""numpy"": ""1.26.4"", ""pandas"": ""3.0.3"", ""scikit-learn"": ""1.9.0"", ""torch"": ""2.12.0""}"
compas,logreg,race,prune:0.5,Asian,3,priors_count|age|juv_fel_count,0.112522|0.078958|0.000000,4,41be484db582,3.11.15,"{""numpy"": ""1.26.4"", ""pandas"": ""3.0.3"", ""scikit-learn"": ""1.9.0"", ""torch"": ""2.12.0""}"
compas,logreg,race,prune:0.5,Native American,3,priors_count|age|juv_fel_count,0.089092|0.068871|0.000000,4,41be484db582,3.11.15,"{""numpy"": ""1.26.4"", ""pandas"": ""3.0.3"", ""scikit-learn"": ""1.9.0"", ""torch"": ""2.12.0""}"
compas,logreg,race,prune:0.7,African-American,3,priors_count|age|juv_fel_count,0.142354|0.000000|0.000000,4,070e40a9e95a,3.11.15,"{""numpy"": ""1.26.4"", ""pandas"": ""3.0.3"", ""scikit-learn"": ""1.9.0"", ""torch"": ""2.12.0""}"
compas,logreg,race,prune:0.7,Caucasian,3,priors_count|age|juv_fel_count,0.109322|0.000000|0.000000,4,070e40a9e95a,3.11.15,"{""numpy"": ""1.26.4"", ""pandas"": ""3.0.3"", ""scikit-learn"": ""1.9.0"", ""torch"": ""2.12.0""}"
compas,logreg,race,prune:0.7,Hispanic,3,priors_count|age|juv_fel_count,0.116055|0.000000|0.000000,4,070e40a9e95a,3.11.15,"{""numpy"": ""1.26.4"", ""pandas"": ""3.0.3"", ""scikit-learn"": ""1.9.0"", ""torch"": ""2.12.0""}"
compas,logreg,race,prune:0.7,Other,3,priors_count|age|juv_fel_count,0.108545|0.000000|0.000000,4,070e40a9e95a,3.11.15,"{""numpy"": ""1.26.4"", ""pandas"": ""3.0.3"", ""scikit-learn"": ""1.9.0"", ""torch"": ""2.12.0""}"
compas,logreg,race,prune:0.7,Asian,3,priors_count|age|juv_fel_count,0.119568|0.000000|0.000000,4,070e40a9e95a,3.11.15,"{""numpy"": ""1.26.4"", ""pandas"": ""3.0.3"", ""scikit-learn"": ""1.9.0"", ""torch"": ""2.12.0""}"
compas,logreg,race,prune:0.7,Native American,3,priors_count|age|juv_fel_count,0.094624|0.000000|0.000000,4,070e40a9e95a,3.11.15,"{""numpy"": ""1.26.4"", ""pandas"": ""3.0.3"", ""scikit-learn"": ""1.9.0"", ""torch"": ""2.12.0""}"
compas,logreg,race,prune:0.9,African-American,3,age|juv_fel_count|juv_misd_count,0.000000|0.000000|0.000000,4,67c2b45e7731,3.11.15,"{""numpy"": ""1.26.4"", ""pandas"": ""3.0.3"", ""scikit-learn"": ""1.9.0"", ""torch"": ""2.12.0""}"
compas,logreg,race,prune:0.9,Caucasian,3,age|juv_fel_count|juv_misd_count,0.000000|0.000000|0.000000,4,67c2b45e7731,3.11.15,"{""numpy"": ""1.26.4"", ""pandas"": ""3.0.3"", ""scikit-learn"": ""1.9.0"", ""torch"": ""2.12.0""}"
compas,logreg,race,prune:0.9,Hispanic,3,age|juv_fel_count|juv_misd_count,0.000000|0.000000|0.000000,4,67c2b45e7731,3.11.15,"{""numpy"": ""1.26.4"", ""pandas"": ""3.0.3"", ""scikit-learn"": ""1.9.0"", ""torch"": ""2.12.0""}"
compas,logreg,race,prune:0.9,Other,3,age|juv_fel_count|juv_misd_count,0.000000|0.000000|0.000000,4,67c2b45e7731,3.11.15,"{""numpy"": ""1.26.4"", ""pandas"": ""3.0.3"", ""scikit-learn"": ""1.9.0"", ""torch"": ""2.12.0""}"
compas,logreg,race,prune:0.9,Asian,3,age|juv_fel_count|juv_misd_count,0.000000|0.000000|0.000000,4,67c2b45e7731,3.11.15,"{""numpy"": ""1.26.4"", ""pandas"": ""3.0.3"", ""scikit-learn"": ""1.9.0"", ""torch"": ""2.12.0""}"
compas,logreg,race,prune:0.9,Native American,3,age|juv_fel_count|juv_misd_count,0.000000|0.000000|0.000000,4,67c2b45e7731,3.11.15,"{""numpy"": ""1.26.4"", ""pandas"": ""3.0.3"", ""scikit-learn"": ""1.9.0"", ""torch"": ""2.12.0""}"
compas,logreg,sex,none,Male,3,priors_count|age|juv_other_count,0.119154|0.091650|0.014475,5,1cdf94308227,3.11.15,"{""numpy"": ""1.26.4"", ""pandas"": ""3.0.3"", ""scikit-learn"": ""1.9.0"", ""torch"": ""2.12.0""}"
compas,logreg,sex,none,Female,3,priors_count|age|juv_other_count,0.104274|0.091610|0.010587,5,1cdf94308227,3.11.15,"{""numpy"": ""1.26.4"", ""pandas"": ""3.0.3"", ""scikit-learn"": ""1.9.0"", ""torch"": ""2.12.0""}"
compas,logreg,sex,prune:0.3,Male,3,priors_count|age|juv_other_count,0.118695|0.091619|0.014342,5,87bcb5d02b8f,3.11.15,"{""numpy"": ""1.26.4"", ""pandas"": ""3.0.3"", ""scikit-learn"": ""1.9.0"", ""torch"": ""2.12.0""}"
compas,logreg,sex,prune:0.3,Female,3,priors_count|age|juv_other_count,0.104111|0.091477|0.010486,5,87bcb5d02b8f,3.11.15,"{""numpy"": ""1.26.4"", ""pandas"": ""3.0.3"", ""scikit-learn"": ""1.9.0"", ""torch"": ""2.12.0""}"
compas,logreg,sex,prune:0.5,Male,3,priors_count|age|juv_fel_count,0.120826|0.092506|0.000000,5,36be729cb84e,3.11.15,"{""numpy"": ""1.26.4"", ""pandas"": ""3.0.3"", ""scikit-learn"": ""1.9.0"", ""torch"": ""2.12.0""}"
compas,logreg,sex,prune:0.5,Female,3,priors_count|age|juv_fel_count,0.104763|0.092216|0.000000,5,36be729cb84e,3.11.15,"{""numpy"": ""1.26.4"", ""pandas"": ""3.0.3"", ""scikit-learn"": ""1.9.0"", ""torch"": ""2.12.0""}"
compas,logreg,sex,prune:0.7,Male,3,priors_count|age|juv_fel_count,0.123978|0.000000|0.000000,5,04b523810bf9,3.11.15,"{""numpy"": ""1.26.4"", ""pandas"": ""3.0.3"", ""scikit-learn"": ""1.9.0"", ""torch"": ""2.12.0""}"
compas,logreg,sex,prune:0.7,Female,3,priors_count|age|juv_fel_count,0.109388|0.000000|0.000000,5,04b523810bf9,3.11.15,"{""numpy"": ""1.26.4"", ""pandas"": ""3.0.3"", ""scikit-learn"": ""1.9.0"", ""torch"": ""2.12.0""}"
compas,logreg,sex,prune:0.9,Male,3,age|juv_fel_count|juv_misd_count,0.000000|0.000000|0.000000,5,801a9cc9cc9d,3.11.15,"{""numpy"": ""1.26.4"", ""pandas"": ""3.0.3"", ""scikit-learn"": ""1.9.0"", ""torch"": ""2.12.0""}"
compas,logreg,sex,prune:0.9,Female,3,age|juv_fel_count|juv_misd_count,0.000000|0.000000|0.000000,5,801a9cc9cc9d,3.11.15,"{""numpy"": ""1.26.4"", ""pandas"": ""3.0.3"", ""scikit-learn"": ""1.9.0"", ""torch"": ""2.12.0""}"
compas,logreg,race,none,Other,3,priors_count|age|juv_other_count,0.106770|0.086886|0.008487,5,558ddea76641,3.11.15,"{""numpy"": ""1.26.4"", ""pandas"": ""3.0.3"", ""scikit-learn"": ""1.9.0"", ""torch"": ""2.12.0""}"
compas,logreg,race,none,African-American,3,priors_count|age|juv_other_count,0.133183|0.088490|0.014302,5,558ddea76641,3.11.15,"{""numpy"": ""1.26.4"", ""pandas"": ""3.0.3"", ""scikit-learn"": ""1.9.0"", ""torch"": ""2.12.0""}"
compas,logreg,race,none,Caucasian,3,age|priors_count|juv_other_count,0.097537|0.095191|0.014303,5,558ddea76641,3.11.15,"{""numpy"": ""1.26.4"", ""pandas"": ""3.0.3"", ""scikit-learn"": ""1.9.0"", ""torch"": ""2.12.0""}"
compas,logreg,race,none,Hispanic,3,priors_count|age|juv_other_count,0.105142|0.090622|0.011660,5,558ddea76641,3.11.15,"{""numpy"": ""1.26.4"", ""pandas"": ""3.0.3"", ""scikit-learn"": ""1.9.0"", ""torch"": ""2.12.0""}"
compas,logreg,race,none,Asian,3,priors_count|age|juv_other_count,0.106440|0.090654|0.008169,5,558ddea76641,3.11.15,"{""numpy"": ""1.26.4"", ""pandas"": ""3.0.3"", ""scikit-learn"": ""1.9.0"", ""torch"": ""2.12.0""}"
compas,logreg,race,none,Native American,3,priors_count|age|juv_other_count,0.115457|0.086879|0.027721,5,558ddea76641,3.11.15,"{""numpy"": ""1.26.4"", ""pandas"": ""3.0.3"", ""scikit-learn"": ""1.9.0"", ""torch"": ""2.12.0""}"
compas,logreg,race,prune:0.3,Other,3,priors_count|age|juv_other_count,0.106621|0.086762|0.008475,5,56a8e36342a0,3.11.15,"{""numpy"": ""1.26.4"", ""pandas"": ""3.0.3"", ""scikit-learn"": ""1.9.0"", ""torch"": ""2.12.0""}"
compas,logreg,race,prune:0.3,African-American,3,priors_count|age|juv_other_count,0.132385|0.088443|0.014097,5,56a8e36342a0,3.11.15,"{""numpy"": ""1.26.4"", ""pandas"": ""3.0.3"", ""scikit-learn"": ""1.9.0"", ""torch"": ""2.12.0""}"
compas,logreg,race,prune:0.3,Caucasian,3,age|priors_count|juv_other_count,0.097528|0.095352|0.014250,5,56a8e36342a0,3.11.15,"{""numpy"": ""1.26.4"", ""pandas"": ""3.0.3"", ""scikit-learn"": ""1.9.0"", ""torch"": ""2.12.0""}"
compas,logreg,race,prune:0.3,Hispanic,3,priors_count|age|juv_other_count,0.104650|0.090427|0.011623,5,56a8e36342a0,3.11.15,"{""numpy"": ""1.26.4"", ""pandas"": ""3.0.3"", ""scikit-learn"": ""1.9.0"", ""torch"": ""2.12.0""}"
compas,logreg,race,prune:0.3,Asian,3,priors_count|age|juv_other_count,0.106444|0.090594|0.008165,5,56a8e36342a0,3.11.15,"{""numpy"": ""1.26.4"", ""pandas"": ""3.0.3"", ""scikit-learn"": ""1.9.0"", ""torch"": ""2.12.0""}"
compas,logreg,race,prune:0.3,Native American,3,priors_count|age|juv_other_count,0.115534|0.086903|0.027727,5,56a8e36342a0,3.11.15,"{""numpy"": ""1.26.4"", ""pandas"": ""3.0.3"", ""scikit-learn"": ""1.9.0"", ""torch"": ""2.12.0""}"
compas,logreg,race,prune:0.5,Other,3,priors_count|age|juv_fel_count,0.107161|0.087396|0.000000,5,c6afd5989abe,3.11.15,"{""numpy"": ""1.26.4"", ""pandas"": ""3.0.3"", ""scikit-learn"": ""1.9.0"", ""torch"": ""2.12.0""}"
compas,logreg,race,prune:0.5,African-American,3,priors_count|age|juv_fel_count,0.135000|0.089232|0.000000,5,c6afd5989abe,3.11.15,"{""numpy"": ""1.26.4"", ""pandas"": ""3.0.3"", ""scikit-learn"": ""1.9.0"", ""torch"": ""2.12.0""}"
compas,logreg,race,prune:0.5,Caucasian,3,age|priors_count|juv_fel_count,0.098605|0.096594|0.000000,5,c6afd5989abe,3.11.15,"{""numpy"": ""1.26.4"", ""pandas"": ""3.0.3"", ""scikit-learn"": ""1.9.0"", ""torch"": ""2.12.0""}"
compas,logreg,race,prune:0.5,Hispanic,3,priors_count|age|juv_fel_count,0.105257|0.091054|0.000000,5,c6afd5989abe,3.11.15,"{""numpy"": ""1.26.4"", ""pandas"": ""3.0.3"", ""scikit-learn"": ""1.9.0"", ""torch"": ""2.12.0""}"
compas,logreg,race,prune:0.5,Asian,3,priors_count|age|juv_fel_count,0.106385|0.091120|0.000000,5,c6afd5989abe,3.11.15,"{""numpy"": ""1.26.4"", ""pandas"": ""3.0.3"", ""scikit-learn"": ""1.9.0"", ""torch"": ""2.12.0""}"
compas,logreg,race,prune:0.5,Native American,3,priors_count|age|juv_fel_count,0.116778|0.084777|0.000000,5,c6afd5989abe,3.11.15,"{""numpy"": ""1.26.4"", ""pandas"": ""3.0.3"", ""scikit-learn"": ""1.9.0"", ""torch"": ""2.12.0""}"
compas,logreg,race,prune:0.7,Other,3,priors_count|age|juv_fel_count,0.111463|0.000000|0.000000,5,be0b4b75884c,3.11.15,"{""numpy"": ""1.26.4"", ""pandas"": ""3.0.3"", ""scikit-learn"": ""1.9.0"", ""torch"": ""2.12.0""}"
compas,logreg,race,prune:0.7,African-American,3,priors_count|age|juv_fel_count,0.136318|0.000000|0.000000,5,be0b4b75884c,3.11.15,"{""numpy"": ""1.26.4"", ""pandas"": ""3.0.3"", ""scikit-learn"": ""1.9.0"", ""torch"": ""2.12.0""}"
compas,logreg,race,prune:0.7,Caucasian,3,priors_count|age|juv_fel_count,0.102412|0.000000|0.000000,5,be0b4b75884c,3.11.15,"{""numpy"": ""1.26.4"", ""pandas"": ""3.0.3"", ""scikit-learn"": ""1.9.0"", ""torch"": ""2.12.0""}"
compas,logreg,race,prune:0.7,Hispanic,3,priors_count|age|juv_fel_count,0.111832|0.000000|0.000000,5,be0b4b75884c,3.11.15,"{""numpy"": ""1.26.4"", ""pandas"": ""3.0.3"", ""scikit-learn"": ""1.9.0"", ""torch"": ""2.12.0""}"
compas,logreg,race,prune:0.7,Asian,3,priors_count|age|juv_fel_count,0.107871|0.000000|0.000000,5,be0b4b75884c,3.11.15,"{""numpy"": ""1.26.4"", ""pandas"": ""3.0.3"", ""scikit-learn"": ""1.9.0"", ""torch"": ""2.12.0""}"
compas,logreg,race,prune:0.7,Native American,3,priors_count|age|juv_fel_count,0.118438|0.000000|0.000000,5,be0b4b75884c,3.11.15,"{""numpy"": ""1.26.4"", ""pandas"": ""3.0.3"", ""scikit-learn"": ""1.9.0"", ""torch"": ""2.12.0""}"
compas,logreg,race,prune:0.9,Other,3,age|juv_fel_count|juv_misd_count,0.000000|0.000000|0.000000,5,919e700f1353,3.11.15,"{""numpy"": ""1.26.4"", ""pandas"": ""3.0.3"", ""scikit-learn"": ""1.9.0"", ""torch"": ""2.12.0""}"
compas,logreg,race,prune:0.9,African-American,3,age|juv_fel_count|juv_misd_count,0.000000|0.000000|0.000000,5,919e700f1353,3.11.15,"{""numpy"": ""1.26.4"", ""pandas"": ""3.0.3"", ""scikit-learn"": ""1.9.0"", ""torch"": ""2.12.0""}"
compas,logreg,race,prune:0.9,Caucasian,3,age|juv_fel_count|juv_misd_count,0.000000|0.000000|0.000000,5,919e700f1353,3.11.15,"{""numpy"": ""1.26.4"", ""pandas"": ""3.0.3"", ""scikit-learn"": ""1.9.0"", ""torch"": ""2.12.0""}"
compas,logreg,race,prune:0.9,Hispanic,3,age|juv_fel_count|juv_misd_count,0.000000|0.000000|0.000000,5,919e700f1353,3.11.15,"{""numpy"": ""1.26.4"", ""pandas"": ""3.0.3"", ""scikit-learn"": ""1.9.0"", ""torch"": ""2.12.0""}"
compas,logreg,race,prune:0.9,Asian,3,age|juv_fel_count|juv_misd_count,0.000000|0.000000|0.000000,5,919e700f1353,3.11.15,"{""numpy"": ""1.26.4"", ""pandas"": ""3.0.3"", ""scikit-learn"": ""1.9.0"", ""torch"": ""2.12.0""}"
compas,logreg,race,prune:0.9,Native American,3,age|juv_fel_count|juv_misd_count,0.000000|0.000000|0.000000,5,919e700f1353,3.11.15,"{""numpy"": ""1.26.4"", ""pandas"": ""3.0.3"", ""scikit-learn"": ""1.9.0"", ""torch"": ""2.12.0""}"
compas,logreg,sex,none,Female,3,priors_count|age|juv_other_count,0.105890|0.089460|0.011673,6,67fd0c634120,3.11.15,"{""numpy"": ""1.26.4"", ""pandas"": ""3.0.3"", ""scikit-learn"": ""1.9.0"", ""torch"": ""2.12.0""}"
compas,logreg,sex,none,Male,3,priors_count|age|juv_other_count,0.122913|0.094758|0.014843,6,67fd0c634120,3.11.15,"{""numpy"": ""1.26.4"", ""pandas"": ""3.0.3"", ""scikit-learn"": ""1.9.0"", ""torch"": ""2.12.0""}"
compas,logreg,sex,prune:0.3,Female,3,priors_count|age|juv_other_count,0.106092|0.089556|0.011678,6,ec81f7ea32a9,3.11.15,"{""numpy"": ""1.26.4"", ""pandas"": ""3.0.3"", ""scikit-learn"": ""1.9.0"", ""torch"": ""2.12.0""}"
compas,logreg,sex,prune:0.3,Male,3,priors_count|age|juv_other_count,0.123569|0.094946|0.014878,6,ec81f7ea32a9,3.11.15,"{""numpy"": ""1.26.4"", ""pandas"": ""3.0.3"", ""scikit-learn"": ""1.9.0"", ""torch"": ""2.12.0""}"
compas,logreg,sex,prune:0.5,Female,3,priors_count|age|juv_fel_count,0.107395|0.090591|0.000000,6,7ff12083fcf1,3.11.15,"{""numpy"": ""1.26.4"", ""pandas"": ""3.0.3"", ""scikit-learn"": ""1.9.0"", ""torch"": ""2.12.0""}"
compas,logreg,sex,prune:0.5,Male,3,priors_count|age|juv_fel_count,0.125307|0.095932|0.000000,6,7ff12083fcf1,3.11.15,"{""numpy"": ""1.26.4"", ""pandas"": ""3.0.3"", ""scikit-learn"": ""1.9.0"", ""torch"": ""2.12.0""}"
compas,logreg,sex,prune:0.7,Female,3,priors_count|age|juv_fel_count,0.111565|0.000000|0.000000,6,26ffab66af90,3.11.15,"{""numpy"": ""1.26.4"", ""pandas"": ""3.0.3"", ""scikit-learn"": ""1.9.0"", ""torch"": ""2.12.0""}"
compas,logreg,sex,prune:0.7,Male,3,priors_count|age|juv_fel_count,0.128134|0.000000|0.000000,6,26ffab66af90,3.11.15,"{""numpy"": ""1.26.4"", ""pandas"": ""3.0.3"", ""scikit-learn"": ""1.9.0"", ""torch"": ""2.12.0""}"
compas,logreg,sex,prune:0.9,Female,3,age|juv_fel_count|juv_misd_count,0.000000|0.000000|0.000000,6,d3be0c9c6bdc,3.11.15,"{""numpy"": ""1.26.4"", ""pandas"": ""3.0.3"", ""scikit-learn"": ""1.9.0"", ""torch"": ""2.12.0""}"
compas,logreg,sex,prune:0.9,Male,3,age|juv_fel_count|juv_misd_count,0.000000|0.000000|0.000000,6,d3be0c9c6bdc,3.11.15,"{""numpy"": ""1.26.4"", ""pandas"": ""3.0.3"", ""scikit-learn"": ""1.9.0"", ""torch"": ""2.12.0""}"
compas,logreg,race,none,African-American,3,priors_count|age|juv_other_count,0.134565|0.092630|0.014578,6,49f989c2fd5c,3.11.15,"{""numpy"": ""1.26.4"", ""pandas"": ""3.0.3"", ""scikit-learn"": ""1.9.0"", ""torch"": ""2.12.0""}"
compas,logreg,race,none,Other,3,priors_count|age|juv_other_count,0.106440|0.096012|0.009581,6,49f989c2fd5c,3.11.15,"{""numpy"": ""1.26.4"", ""pandas"": ""3.0.3"", ""scikit-learn"": ""1.9.0"", ""torch"": ""2.12.0""}"
compas,logreg,race,none,Caucasian,3,priors_count|age|juv_other_count,0.099848|0.096623|0.013850,6,49f989c2fd5c,3.11.15,"{""numpy"": ""1.26.4"", ""pandas"": ""3.0.3"", ""scikit-learn"": ""1.9.0"", ""torch"": ""2.12.0""}"
compas,logreg,race,none,Hispanic,3,priors_count|age|juv_other_count,0.119071|0.088323|0.016140,6,49f989c2fd5c,3.11.15,"{""numpy"": ""1.26.4"", ""pandas"": ""3.0.3"", ""scikit-learn"": ""1.9.0"", ""torch"": ""2.12.0""}"
compas,logreg,race,none,Asian,3,priors_count|age|juv_other_count,0.109491|0.090204|0.014683,6,49f989c2fd5c,3.11.15,"{""numpy"": ""1.26.4"", ""pandas"": ""3.0.3"", ""scikit-learn"": ""1.9.0"", ""torch"": ""2.12.0""}"
compas,logreg,race,none,Native American,3,priors_count|age|juv_other_count,0.122789|0.019648|0.007765,6,49f989c2fd5c,3.11.15,"{""numpy"": ""1.26.4"", ""pandas"": ""3.0.3"", ""scikit-learn"": ""1.9.0"", ""torch"": ""2.12.0""}"
compas,logreg,race,prune:0.3,African-American,3,priors_count|age|juv_other_count,0.135405|0.092835|0.014627,6,a17f8572d6dc,3.11.15,"{""numpy"": ""1.26.4"", ""pandas"": ""3.0.3"", ""scikit-learn"": ""1.9.0"", ""torch"": ""2.12.0""}"
compas,logreg,race,prune:0.3,Other,3,priors_count|age|juv_other_count,0.106494|0.096119|0.009587,6,a17f8572d6dc,3.11.15,"{""numpy"": ""1.26.4"", ""pandas"": ""3.0.3"", ""scikit-learn"": ""1.9.0"", ""torch"": ""2.12.0""}"
compas,logreg,race,prune:0.3,Caucasian,3,priors_count|age|juv_other_count,0.100207|0.096778|0.013860,6,a17f8572d6dc,3.11.15,"{""numpy"": ""1.26.4"", ""pandas"": ""3.0.3"", ""scikit-learn"": ""1.9.0"", ""torch"": ""2.12.0""}"
compas,logreg,race,prune:0.3,Hispanic,3,priors_count|age|juv_other_count,0.119229|0.088395|0.016147,6,a17f8572d6dc,3.11.15,"{""numpy"": ""1.26.4"", ""pandas"": ""3.0.3"", ""scikit-learn"": ""1.9.0"", ""torch"": ""2.12.0""}"
compas,logreg,race,prune:0.3,Asian,3,priors_count|age|juv_other_count,0.109594|0.090327|0.014693,6,a17f8572d6dc,3.11.15,"{""numpy"": ""1.26.4"", ""pandas"": ""3.0.3"", ""scikit-learn"": ""1.9.0"", ""torch"": ""2.12.0""}"
compas,logreg,race,prune:0.3,Native American,3,priors_count|age|juv_other_count,0.122930|0.019679|0.007777,6,a17f8572d6dc,3.11.15,"{""numpy"": ""1.26.4"", ""pandas"": ""3.0.3"", ""scikit-learn"": ""1.9.0"", ""torch"": ""2.12.0""}"
compas,logreg,race,prune:0.5,African-American,3,priors_count|age|juv_fel_count,0.137322|0.093715|0.000000,6,643a0ebe03bd,3.11.15,"{""numpy"": ""1.26.4"", ""pandas"": ""3.0.3"", ""scikit-learn"": ""1.9.0"", ""torch"": ""2.12.0""}"
compas,logreg,race,prune:0.5,Other,3,priors_count|age|juv_fel_count,0.107148|0.096914|0.000000,6,643a0ebe03bd,3.11.15,"{""numpy"": ""1.26.4"", ""pandas"": ""3.0.3"", ""scikit-learn"": ""1.9.0"", ""torch"": ""2.12.0""}"
compas,logreg,race,prune:0.5,Caucasian,3,priors_count|age|juv_fel_count,0.101765|0.098080|0.000000,6,643a0ebe03bd,3.11.15,"{""numpy"": ""1.26.4"", ""pandas"": ""3.0.3"", ""scikit-learn"": ""1.9.0"", ""torch"": ""2.12.0""}"
compas,logreg,race,prune:0.5,Hispanic,3,priors_count|age|juv_fel_count,0.120314|0.089023|0.000000,6,643a0ebe03bd,3.11.15,"{""numpy"": ""1.26.4"", ""pandas"": ""3.0.3"", ""scikit-learn"": ""1.9.0"", ""torch"": ""2.12.0""}"
compas,logreg,race,prune:0.5,Asian,3,priors_count|age|juv_fel_count,0.111260|0.090737|0.000000,6,643a0ebe03bd,3.11.15,"{""numpy"": ""1.26.4"", ""pandas"": ""3.0.3"", ""scikit-learn"": ""1.9.0"", ""torch"": ""2.12.0""}"
compas,logreg,race,prune:0.5,Native American,3,priors_count|age|juv_fel_count,0.124182|0.019955|0.000000,6,643a0ebe03bd,3.11.15,"{""numpy"": ""1.26.4"", ""pandas"": ""3.0.3"", ""scikit-learn"": ""1.9.0"", ""torch"": ""2.12.0""}"
compas,logreg,race,prune:0.7,African-American,3,priors_count|age|juv_fel_count,0.137562|0.000000|0.000000,6,9b627bc36b8d,3.11.15,"{""numpy"": ""1.26.4"", ""pandas"": ""3.0.3"", ""scikit-learn"": ""1.9.0"", ""torch"": ""2.12.0""}"
compas,logreg,race,prune:0.7,Other,3,priors_count|age|juv_fel_count,0.111642|0.000000|0.000000,6,9b627bc36b8d,3.11.15,"{""numpy"": ""1.26.4"", ""pandas"": ""3.0.3"", ""scikit-learn"": ""1.9.0"", ""torch"": ""2.12.0""}"
compas,logreg,race,prune:0.7,Caucasian,3,priors_count|age|juv_fel_count,0.108624|0.000000|0.000000,6,9b627bc36b8d,3.11.15,"{""numpy"": ""1.26.4"", ""pandas"": ""3.0.3"", ""scikit-learn"": ""1.9.0"", ""torch"": ""2.12.0""}"
compas,logreg,race,prune:0.7,Hispanic,3,priors_count|age|juv_fel_count,0.123822|0.000000|0.000000,6,9b627bc36b8d,3.11.15,"{""numpy"": ""1.26.4"", ""pandas"": ""3.0.3"", ""scikit-learn"": ""1.9.0"", ""torch"": ""2.12.0""}"
compas,logreg,race,prune:0.7,Asian,3,priors_count|age|juv_fel_count,0.119308|0.000000|0.000000,6,9b627bc36b8d,3.11.15,"{""numpy"": ""1.26.4"", ""pandas"": ""3.0.3"", ""scikit-learn"": ""1.9.0"", ""torch"": ""2.12.0""}"
compas,logreg,race,prune:0.7,Native American,3,priors_count|age|juv_fel_count,0.127704|0.000000|0.000000,6,9b627bc36b8d,3.11.15,"{""numpy"": ""1.26.4"", ""pandas"": ""3.0.3"", ""scikit-learn"": ""1.9.0"", ""torch"": ""2.12.0""}"
compas,logreg,race,prune:0.9,African-American,3,age|juv_fel_count|juv_misd_count,0.000000|0.000000|0.000000,6,fa20c02fb3b2,3.11.15,"{""numpy"": ""1.26.4"", ""pandas"": ""3.0.3"", ""scikit-learn"": ""1.9.0"", ""torch"": ""2.12.0""}"
compas,logreg,race,prune:0.9,Other,3,age|juv_fel_count|juv_misd_count,0.000000|0.000000|0.000000,6,fa20c02fb3b2,3.11.15,"{""numpy"": ""1.26.4"", ""pandas"": ""3.0.3"", ""scikit-learn"": ""1.9.0"", ""torch"": ""2.12.0""}"
compas,logreg,race,prune:0.9,Caucasian,3,age|juv_fel_count|juv_misd_count,0.000000|0.000000|0.000000,6,fa20c02fb3b2,3.11.15,"{""numpy"": ""1.26.4"", ""pandas"": ""3.0.3"", ""scikit-learn"": ""1.9.0"", ""torch"": ""2.12.0""}"
compas,logreg,race,prune:0.9,Hispanic,3,age|juv_fel_count|juv_misd_count,0.000000|0.000000|0.000000,6,fa20c02fb3b2,3.11.15,"{""numpy"": ""1.26.4"", ""pandas"": ""3.0.3"", ""scikit-learn"": ""1.9.0"", ""torch"": ""2.12.0""}"
compas,logreg,race,prune:0.9,Asian,3,age|juv_fel_count|juv_misd_count,0.000000|0.000000|0.000000,6,fa20c02fb3b2,3.11.15,"{""numpy"": ""1.26.4"", ""pandas"": ""3.0.3"", ""scikit-learn"": ""1.9.0"", ""torch"": ""2.12.0""}"
compas,logreg,race,prune:0.9,Native American,3,age|juv_fel_count|juv_misd_count,0.000000|0.000000|0.000000,6,fa20c02fb3b2,3.11.15,"{""numpy"": ""1.26.4"", ""pandas"": ""3.0.3"", ""scikit-learn"": ""1.9.0"", ""torch"": ""2.12.0""}"
compas,logreg,sex,none,Male,3,priors_count|age|juv_other_count,0.121278|0.089396|0.014296,7,c0b2085f74d2,3.11.15,"{""numpy"": ""1.26.4"", ""pandas"": ""3.0.3"", ""scikit-learn"": ""1.9.0"", ""torch"": ""2.12.0""}"
compas,logreg,sex,none,Female,3,priors_count|age|juv_other_count,0.111713|0.081002|0.011520,7,c0b2085f74d2,3.11.15,"{""numpy"": ""1.26.4"", ""pandas"": ""3.0.3"", ""scikit-learn"": ""1.9.0"", ""torch"": ""2.12.0""}"
compas,logreg,sex,prune:0.3,Male,3,priors_count|age|juv_other_count,0.121800|0.089435|0.014281,7,7573a4c8cf02,3.11.15,"{""numpy"": ""1.26.4"", ""pandas"": ""3.0.3"", ""scikit-learn"": ""1.9.0"", ""torch"": ""2.12.0""}"
compas,logreg,sex,prune:0.3,Female,3,priors_count|age|juv_other_count,0.111635|0.081007|0.011492,7,7573a4c8cf02,3.11.15,"{""numpy"": ""1.26.4"", ""pandas"": ""3.0.3"", ""scikit-learn"": ""1.9.0"", ""torch"": ""2.12.0""}"
compas,logreg,sex,prune:0.5,Male,3,priors_count|age|juv_fel_count,0.123617|0.090526|0.000000,7,a81ba6b46d4b,3.11.15,"{""numpy"": ""1.26.4"", ""pandas"": ""3.0.3"", ""scikit-learn"": ""1.9.0"", ""torch"": ""2.12.0""}"
compas,logreg,sex,prune:0.5,Female,3,priors_count|age|juv_fel_count,0.112330|0.081852|0.000000,7,a81ba6b46d4b,3.11.15,"{""numpy"": ""1.26.4"", ""pandas"": ""3.0.3"", ""scikit-learn"": ""1.9.0"", ""torch"": ""2.12.0""}"
compas,logreg,sex,prune:0.7,Male,3,priors_count|age|juv_fel_count,0.126737|0.000000|0.000000,7,97feeef3dcf7,3.11.15,"{""numpy"": ""1.26.4"", ""pandas"": ""3.0.3"", ""scikit-learn"": ""1.9.0"", ""torch"": ""2.12.0""}"
compas,logreg,sex,prune:0.7,Female,3,priors_count|age|juv_fel_count,0.115479|0.000000|0.000000,7,97feeef3dcf7,3.11.15,"{""numpy"": ""1.26.4"", ""pandas"": ""3.0.3"", ""scikit-learn"": ""1.9.0"", ""torch"": ""2.12.0""}"
compas,logreg,sex,prune:0.9,Male,3,age|juv_fel_count|juv_misd_count,0.000000|0.000000|0.000000,7,4addd5a479ce,3.11.15,"{""numpy"": ""1.26.4"", ""pandas"": ""3.0.3"", ""scikit-learn"": ""1.9.0"", ""torch"": ""2.12.0""}"
compas,logreg,sex,prune:0.9,Female,3,age|juv_fel_count|juv_misd_count,0.000000|0.000000|0.000000,7,4addd5a479ce,3.11.15,"{""numpy"": ""1.26.4"", ""pandas"": ""3.0.3"", ""scikit-learn"": ""1.9.0"", ""torch"": ""2.12.0""}"
compas,logreg,race,none,African-American,3,priors_count|age|juv_other_count,0.129751|0.085267|0.014613,7,1c7292b7c0d9,3.11.15,"{""numpy"": ""1.26.4"", ""pandas"": ""3.0.3"", ""scikit-learn"": ""1.9.0"", ""torch"": ""2.12.0""}"
compas,logreg,race,none,Caucasian,3,priors_count|age|juv_other_count,0.104493|0.093267|0.014498,7,1c7292b7c0d9,3.11.15,"{""numpy"": ""1.26.4"", ""pandas"": ""3.0.3"", ""scikit-learn"": ""1.9.0"", ""torch"": ""2.12.0""}"
compas,logreg,race,none,Hispanic,3,priors_count|age|juv_other_count,0.115738|0.084633|0.010125,7,1c7292b7c0d9,3.11.15,"{""numpy"": ""1.26.4"", ""pandas"": ""3.0.3"", ""scikit-learn"": ""1.9.0"", ""torch"": ""2.12.0""}"
compas,logreg,race,none,Asian,3,priors_count|age|juv_other_count,0.107122|0.068611|0.007898,7,1c7292b7c0d9,3.11.15,"{""numpy"": ""1.26.4"", ""pandas"": ""3.0.3"", ""scikit-learn"": ""1.9.0"", ""torch"": ""2.12.0""}"
compas,logreg,race,none,Other,3,priors_count|age|juv_other_count,0.111319|0.085051|0.008186,7,1c7292b7c0d9,3.11.15,"{""numpy"": ""1.26.4"", ""pandas"": ""3.0.3"", ""scikit-learn"": ""1.9.0"", ""torch"": ""2.12.0""}"
compas,logreg,race,none,Native American,3,priors_count|age|juv_fel_count,0.288637|0.056141|0.006632,7,1c7292b7c0d9,3.11.15,"{""numpy"": ""1.26.4"", ""pandas"": ""3.0.3"", ""scikit-learn"": ""1.9.0"", ""torch"": ""2.12.0""}"
compas,logreg,race,prune:0.3,African-American,3,priors_count|age|juv_other_count,0.130075|0.085310|0.014593,7,4e2182c7638d,3.11.15,"{""numpy"": ""1.26.4"", ""pandas"": ""3.0.3"", ""scikit-learn"": ""1.9.0"", ""torch"": ""2.12.0""}"
compas,logreg,race,prune:0.3,Caucasian,3,priors_count|age|juv_other_count,0.104512|0.093289|0.014490,7,4e2182c7638d,3.11.15,"{""numpy"": ""1.26.4"", ""pandas"": ""3.0.3"", ""scikit-learn"": ""1.9.0"", ""torch"": ""2.12.0""}"
compas,logreg,race,prune:0.3,Hispanic,3,priors_count|age|juv_other_count,0.115831|0.084663|0.010122,7,4e2182c7638d,3.11.15,"{""numpy"": ""1.26.4"", ""pandas"": ""3.0.3"", ""scikit-learn"": ""1.9.0"", ""torch"": ""2.12.0""}"
compas,logreg,race,prune:0.3,Asian,3,priors_count|age|juv_other_count,0.107107|0.068689|0.007895,7,4e2182c7638d,3.11.15,"{""numpy"": ""1.26.4"", ""pandas"": ""3.0.3"", ""scikit-learn"": ""1.9.0"", ""torch"": ""2.12.0""}"
compas,logreg,race,prune:0.3,Other,3,priors_count|age|juv_other_count,0.114170|0.084967|0.008103,7,4e2182c7638d,3.11.15,"{""numpy"": ""1.26.4"", ""pandas"": ""3.0.3"", ""scikit-learn"": ""1.9.0"", ""torch"": ""2.12.0""}"
compas,logreg,race,prune:0.3,Native American,3,priors_count|age|juv_other_count,0.303364|0.058349|0.006103,7,4e2182c7638d,3.11.15,"{""numpy"": ""1.26.4"", ""pandas"": ""3.0.3"", ""scikit-learn"": ""1.9.0"", ""torch"": ""2.12.0""}"
compas,logreg,race,prune:0.5,African-American,3,priors_count|age|juv_fel_count,0.132206|0.086155|0.000000,7,3ffd24d0b83b,3.11.15,"{""numpy"": ""1.26.4"", ""pandas"": ""3.0.3"", ""scikit-learn"": ""1.9.0"", ""torch"": ""2.12.0""}"
compas,logreg,race,prune:0.5,Caucasian,3,priors_count|age|juv_fel_count,0.105795|0.094718|0.000000,7,3ffd24d0b83b,3.11.15,"{""numpy"": ""1.26.4"", ""pandas"": ""3.0.3"", ""scikit-learn"": ""1.9.0"", ""torch"": ""2.12.0""}"
compas,logreg,race,prune:0.5,Hispanic,3,priors_count|age|juv_fel_count,0.116303|0.085533|0.000000,7,3ffd24d0b83b,3.11.15,"{""numpy"": ""1.26.4"", ""pandas"": ""3.0.3"", ""scikit-learn"": ""1.9.0"", ""torch"": ""2.12.0""}"
compas,logreg,race,prune:0.5,Asian,3,priors_count|age|juv_fel_count,0.107907|0.069336|0.000000,7,3ffd24d0b83b,3.11.15,"{""numpy"": ""1.26.4"", ""pandas"": ""3.0.3"", ""scikit-learn"": ""1.9.0"", ""torch"": ""2.12.0""}"
compas,logreg,race,prune:0.5,Other,3,priors_count|age|juv_fel_count,0.114666|0.085886|0.000000,7,3ffd24d0b83b,3.11.15,"{""numpy"": ""1.26.4"", ""pandas"": ""3.0.3"", ""scikit-learn"": ""1.9.0"", ""torch"": ""2.12.0""}"
compas,logreg,race,prune:0.5,Native American,3,priors_count|age|juv_fel_count,0.301742|0.058015|0.000000,7,3ffd24d0b83b,3.11.15,"{""numpy"": ""1.26.4"", ""pandas"": ""3.0.3"", ""scikit-learn"": ""1.9.0"", ""torch"": ""2.12.0""}"
compas,logreg,race,prune:0.7,African-American,3,priors_count|age|juv_fel_count,0.133179|0.000000|0.000000,7,b619321aeda4,3.11.15,"{""numpy"": ""1.26.4"", ""pandas"": ""3.0.3"", ""scikit-learn"": ""1.9.0"", ""torch"": ""2.12.0""}"
compas,logreg,race,prune:0.7,Caucasian,3,priors_count|age|juv_fel_count,0.112141|0.000000|0.000000,7,b619321aeda4,3.11.15,"{""numpy"": ""1.26.4"", ""pandas"": ""3.0.3"", ""scikit-learn"": ""1.9.0"", ""torch"": ""2.12.0""}"
compas,logreg,race,prune:0.7,Hispanic,3,priors_count|age|juv_fel_count,0.121042|0.000000|0.000000,7,b619321aeda4,3.11.15,"{""numpy"": ""1.26.4"", ""pandas"": ""3.0.3"", ""scikit-learn"": ""1.9.0"", ""torch"": ""2.12.0""}"
compas,logreg,race,prune:0.7,Asian,3,priors_count|age|juv_fel_count,0.111617|0.000000|0.000000,7,b619321aeda4,3.11.15,"{""numpy"": ""1.26.4"", ""pandas"": ""3.0.3"", ""scikit-learn"": ""1.9.0"", ""torch"": ""2.12.0""}"
compas,logreg,race,prune:0.7,Other,3,priors_count|age|juv_fel_count,0.117740|0.000000|0.000000,7,b619321aeda4,3.11.15,"{""numpy"": ""1.26.4"", ""pandas"": ""3.0.3"", ""scikit-learn"": ""1.9.0"", ""torch"": ""2.12.0""}"
compas,logreg,race,prune:0.7,Native American,3,priors_count|age|juv_fel_count,0.269425|0.000000|0.000000,7,b619321aeda4,3.11.15,"{""numpy"": ""1.26.4"", ""pandas"": ""3.0.3"", ""scikit-learn"": ""1.9.0"", ""torch"": ""2.12.0""}"
compas,logreg,race,prune:0.9,African-American,3,age|juv_fel_count|juv_misd_count,0.000000|0.000000|0.000000,7,c811ef03e7af,3.11.15,"{""numpy"": ""1.26.4"", ""pandas"": ""3.0.3"", ""scikit-learn"": ""1.9.0"", ""torch"": ""2.12.0""}"
compas,logreg,race,prune:0.9,Caucasian,3,age|juv_fel_count|juv_misd_count,0.000000|0.000000|0.000000,7,c811ef03e7af,3.11.15,"{""numpy"": ""1.26.4"", ""pandas"": ""3.0.3"", ""scikit-learn"": ""1.9.0"", ""torch"": ""2.12.0""}"
compas,logreg,race,prune:0.9,Hispanic,3,age|juv_fel_count|juv_misd_count,0.000000|0.000000|0.000000,7,c811ef03e7af,3.11.15,"{""numpy"": ""1.26.4"", ""pandas"": ""3.0.3"", ""scikit-learn"": ""1.9.0"", ""torch"": ""2.12.0""}"
compas,logreg,race,prune:0.9,Asian,3,age|juv_fel_count|juv_misd_count,0.000000|0.000000|0.000000,7,c811ef03e7af,3.11.15,"{""numpy"": ""1.26.4"", ""pandas"": ""3.0.3"", ""scikit-learn"": ""1.9.0"", ""torch"": ""2.12.0""}"
compas,logreg,race,prune:0.9,Other,3,age|juv_fel_count|juv_misd_count,0.000000|0.000000|0.000000,7,c811ef03e7af,3.11.15,"{""numpy"": ""1.26.4"", ""pandas"": ""3.0.3"", ""scikit-learn"": ""1.9.0"", ""torch"": ""2.12.0""}"
compas,logreg,race,prune:0.9,Native American,3,age|juv_fel_count|juv_misd_count,0.000000|0.000000|0.000000,7,c811ef03e7af,3.11.15,"{""numpy"": ""1.26.4"", ""pandas"": ""3.0.3"", ""scikit-learn"": ""1.9.0"", ""torch"": ""2.12.0""}"
compas,logreg,sex,none,Male,3,priors_count|age|juv_other_count,0.143732|0.084405|0.013782,8,c71d33198e00,3.11.15,"{""numpy"": ""1.26.4"", ""pandas"": ""3.0.3"", ""scikit-learn"": ""1.9.0"", ""torch"": ""2.12.0""}"
compas,logreg,sex,none,Female,3,priors_count|age|juv_other_count,0.121445|0.084733|0.010114,8,c71d33198e00,3.11.15,"{""numpy"": ""1.26.4"", ""pandas"": ""3.0.3"", ""scikit-learn"": ""1.9.0"", ""torch"": ""2.12.0""}"
compas,logreg,sex,prune:0.3,Male,3,priors_count|age|juv_other_count,0.143222|0.084221|0.013594,8,d54f7cbdaac8,3.11.15,"{""numpy"": ""1.26.4"", ""pandas"": ""3.0.3"", ""scikit-learn"": ""1.9.0"", ""torch"": ""2.12.0""}"
compas,logreg,sex,prune:0.3,Female,3,priors_count|age|juv_other_count,0.121147|0.084543|0.010025,8,d54f7cbdaac8,3.11.15,"{""numpy"": ""1.26.4"", ""pandas"": ""3.0.3"", ""scikit-learn"": ""1.9.0"", ""torch"": ""2.12.0""}"
compas,logreg,sex,prune:0.5,Male,3,priors_count|age|juv_fel_count,0.145245|0.085053|0.000000,8,8de6b6921219,3.11.15,"{""numpy"": ""1.26.4"", ""pandas"": ""3.0.3"", ""scikit-learn"": ""1.9.0"", ""torch"": ""2.12.0""}"
compas,logreg,sex,prune:0.5,Female,3,priors_count|age|juv_fel_count,0.122208|0.085291|0.000000,8,8de6b6921219,3.11.15,"{""numpy"": ""1.26.4"", ""pandas"": ""3.0.3"", ""scikit-learn"": ""1.9.0"", ""torch"": ""2.12.0""}"
compas,logreg,sex,prune:0.7,Male,3,priors_count|age|juv_fel_count,0.146795|0.000000|0.000000,8,fb3c478d09ca,3.11.15,"{""numpy"": ""1.26.4"", ""pandas"": ""3.0.3"", ""scikit-learn"": ""1.9.0"", ""torch"": ""2.12.0""}"
compas,logreg,sex,prune:0.7,Female,3,priors_count|age|juv_fel_count,0.126689|0.000000|0.000000,8,fb3c478d09ca,3.11.15,"{""numpy"": ""1.26.4"", ""pandas"": ""3.0.3"", ""scikit-learn"": ""1.9.0"", ""torch"": ""2.12.0""}"
compas,logreg,sex,prune:0.9,Male,3,age|juv_fel_count|juv_misd_count,0.000000|0.000000|0.000000,8,6461ba42769c,3.11.15,"{""numpy"": ""1.26.4"", ""pandas"": ""3.0.3"", ""scikit-learn"": ""1.9.0"", ""torch"": ""2.12.0""}"
compas,logreg,sex,prune:0.9,Female,3,age|juv_fel_count|juv_misd_count,0.000000|0.000000|0.000000,8,6461ba42769c,3.11.15,"{""numpy"": ""1.26.4"", ""pandas"": ""3.0.3"", ""scikit-learn"": ""1.9.0"", ""torch"": ""2.12.0""}"
compas,logreg,race,none,Hispanic,3,priors_count|age|juv_other_count,0.126597|0.087649|0.010044,8,fd1a08606523,3.11.15,"{""numpy"": ""1.26.4"", ""pandas"": ""3.0.3"", ""scikit-learn"": ""1.9.0"", ""torch"": ""2.12.0""}"
compas,logreg,race,none,African-American,3,priors_count|age|juv_other_count,0.156713|0.079855|0.014754,8,fd1a08606523,3.11.15,"{""numpy"": ""1.26.4"", ""pandas"": ""3.0.3"", ""scikit-learn"": ""1.9.0"", ""torch"": ""2.12.0""}"
compas,logreg,race,none,Caucasian,3,priors_count|age|juv_other_count,0.117144|0.092282|0.012285,8,fd1a08606523,3.11.15,"{""numpy"": ""1.26.4"", ""pandas"": ""3.0.3"", ""scikit-learn"": ""1.9.0"", ""torch"": ""2.12.0""}"
compas,logreg,race,none,Other,3,priors_count|age|juv_other_count,0.123951|0.079150|0.007429,8,fd1a08606523,3.11.15,"{""numpy"": ""1.26.4"", ""pandas"": ""3.0.3"", ""scikit-learn"": ""1.9.0"", ""torch"": ""2.12.0""}"
compas,logreg,race,none,Asian,3,priors_count|age|juv_other_count,0.127730|0.083488|0.011538,8,fd1a08606523,3.11.15,"{""numpy"": ""1.26.4"", ""pandas"": ""3.0.3"", ""scikit-learn"": ""1.9.0"", ""torch"": ""2.12.0""}"
compas,logreg,race,none,Native American,3,priors_count|age|juv_other_count,0.234626|0.053936|0.006699,8,fd1a08606523,3.11.15,"{""numpy"": ""1.26.4"", ""pandas"": ""3.0.3"", ""scikit-learn"": ""1.9.0"", ""torch"": ""2.12.0""}"
compas,logreg,race,prune:0.3,Hispanic,3,priors_count|age|juv_other_count,0.126311|0.087503|0.010025,8,427de2a14dfa,3.11.15,"{""numpy"": ""1.26.4"", ""pandas"": ""3.0.3"", ""scikit-learn"": ""1.9.0"", ""torch"": ""2.12.0""}"
compas,logreg,race,prune:0.3,African-American,3,priors_count|age|juv_other_count,0.155500|0.079620|0.014438,8,427de2a14dfa,3.11.15,"{""numpy"": ""1.26.4"", ""pandas"": ""3.0.3"", ""scikit-learn"": ""1.9.0"", ""torch"": ""2.12.0""}"
compas,logreg,race,prune:0.3,Caucasian,3,priors_count|age|juv_other_count,0.117214|0.092132|0.012276,8,427de2a14dfa,3.11.15,"{""numpy"": ""1.26.4"", ""pandas"": ""3.0.3"", ""scikit-learn"": ""1.9.0"", ""torch"": ""2.12.0""}"
compas,logreg,race,prune:0.3,Other,3,priors_count|age|juv_other_count,0.126571|0.079062|0.007422,8,427de2a14dfa,3.11.15,"{""numpy"": ""1.26.4"", ""pandas"": ""3.0.3"", ""scikit-learn"": ""1.9.0"", ""torch"": ""2.12.0""}"
compas,logreg,race,prune:0.3,Asian,3,priors_count|age|juv_other_count,0.127619|0.083350|0.011526,8,427de2a14dfa,3.11.15,"{""numpy"": ""1.26.4"", ""pandas"": ""3.0.3"", ""scikit-learn"": ""1.9.0"", ""torch"": ""2.12.0""}"
compas,logreg,race,prune:0.3,Native American,3,priors_count|age|juv_other_count,0.241447|0.055179|0.006765,8,427de2a14dfa,3.11.15,"{""numpy"": ""1.26.4"", ""pandas"": ""3.0.3"", ""scikit-learn"": ""1.9.0"", ""torch"": ""2.12.0""}"
compas,logreg,race,prune:0.5,Hispanic,3,priors_count|age|juv_fel_count,0.126755|0.088229|0.000000,8,a05911ebf074,3.11.15,"{""numpy"": ""1.26.4"", ""pandas"": ""3.0.3"", ""scikit-learn"": ""1.9.0"", ""torch"": ""2.12.0""}"
compas,logreg,race,prune:0.5,African-American,3,priors_count|age|juv_fel_count,0.158010|0.080394|0.000000,8,a05911ebf074,3.11.15,"{""numpy"": ""1.26.4"", ""pandas"": ""3.0.3"", ""scikit-learn"": ""1.9.0"", ""torch"": ""2.12.0""}"
compas,logreg,race,prune:0.5,Caucasian,3,priors_count|age|juv_fel_count,0.118638|0.093084|0.000000,8,a05911ebf074,3.11.15,"{""numpy"": ""1.26.4"", ""pandas"": ""3.0.3"", ""scikit-learn"": ""1.9.0"", ""torch"": ""2.12.0""}"
compas,logreg,race,prune:0.5,Other,3,priors_count|age|juv_fel_count,0.127082|0.079800|0.000000,8,a05911ebf074,3.11.15,"{""numpy"": ""1.26.4"", ""pandas"": ""3.0.3"", ""scikit-learn"": ""1.9.0"", ""torch"": ""2.12.0""}"
compas,logreg,race,prune:0.5,Asian,3,priors_count|age|juv_fel_count,0.128585|0.083566|0.000000,8,a05911ebf074,3.11.15,"{""numpy"": ""1.26.4"", ""pandas"": ""3.0.3"", ""scikit-learn"": ""1.9.0"", ""torch"": ""2.12.0""}"
compas,logreg,race,prune:0.5,Native American,3,priors_count|age|juv_fel_count,0.240202|0.055036|0.000000,8,a05911ebf074,3.11.15,"{""numpy"": ""1.26.4"", ""pandas"": ""3.0.3"", ""scikit-learn"": ""1.9.0"", ""torch"": ""2.12.0""}"
compas,logreg,race,prune:0.7,Hispanic,3,priors_count|age|juv_fel_count,0.133122|0.000000|0.000000,8,a293d34ccc4f,3.11.15,"{""numpy"": ""1.26.4"", ""pandas"": ""3.0.3"", ""scikit-learn"": ""1.9.0"", ""torch"": ""2.12.0""}"
compas,logreg,race,prune:0.7,African-American,3,priors_count|age|juv_fel_count,0.157391|0.000000|0.000000,8,a293d34ccc4f,3.11.15,"{""numpy"": ""1.26.4"", ""pandas"": ""3.0.3"", ""scikit-learn"": ""1.9.0"", ""torch"": ""2.12.0""}"
compas,logreg,race,prune:0.7,Caucasian,3,priors_count|age|juv_fel_count,0.123805|0.000000|0.000000,8,a293d34ccc4f,3.11.15,"{""numpy"": ""1.26.4"", ""pandas"": ""3.0.3"", ""scikit-learn"": ""1.9.0"", ""torch"": ""2.12.0""}"
compas,logreg,race,prune:0.7,Other,3,priors_count|age|juv_fel_count,0.131335|0.000000|0.000000,8,a293d34ccc4f,3.11.15,"{""numpy"": ""1.26.4"", ""pandas"": ""3.0.3"", ""scikit-learn"": ""1.9.0"", ""torch"": ""2.12.0""}"
compas,logreg,race,prune:0.7,Asian,3,priors_count|age|juv_fel_count,0.135442|0.000000|0.000000,8,a293d34ccc4f,3.11.15,"{""numpy"": ""1.26.4"", ""pandas"": ""3.0.3"", ""scikit-learn"": ""1.9.0"", ""torch"": ""2.12.0""}"
compas,logreg,race,prune:0.7,Native American,3,priors_count|age|juv_fel_count,0.215127|0.000000|0.000000,8,a293d34ccc4f,3.11.15,"{""numpy"": ""1.26.4"", ""pandas"": ""3.0.3"", ""scikit-learn"": ""1.9.0"", ""torch"": ""2.12.0""}"
compas,logreg,race,prune:0.9,Hispanic,3,age|juv_fel_count|juv_misd_count,0.000000|0.000000|0.000000,8,47756d747b44,3.11.15,"{""numpy"": ""1.26.4"", ""pandas"": ""3.0.3"", ""scikit-learn"": ""1.9.0"", ""torch"": ""2.12.0""}"
compas,logreg,race,prune:0.9,African-American,3,age|juv_fel_count|juv_misd_count,0.000000|0.000000|0.000000,8,47756d747b44,3.11.15,"{""numpy"": ""1.26.4"", ""pandas"": ""3.0.3"", ""scikit-learn"": ""1.9.0"", ""torch"": ""2.12.0""}"
compas,logreg,race,prune:0.9,Caucasian,3,age|juv_fel_count|juv_misd_count,0.000000|0.000000|0.000000,8,47756d747b44,3.11.15,"{""numpy"": ""1.26.4"", ""pandas"": ""3.0.3"", ""scikit-learn"": ""1.9.0"", ""torch"": ""2.12.0""}"
compas,logreg,race,prune:0.9,Other,3,age|juv_fel_count|juv_misd_count,0.000000|0.000000|0.000000,8,47756d747b44,3.11.15,"{""numpy"": ""1.26.4"", ""pandas"": ""3.0.3"", ""scikit-learn"": ""1.9.0"", ""torch"": ""2.12.0""}"
compas,logreg,race,prune:0.9,Asian,3,age|juv_fel_count|juv_misd_count,0.000000|0.000000|0.000000,8,47756d747b44,3.11.15,"{""numpy"": ""1.26.4"", ""pandas"": ""3.0.3"", ""scikit-learn"": ""1.9.0"", ""torch"": ""2.12.0""}"
compas,logreg,race,prune:0.9,Native American,3,age|juv_fel_count|juv_misd_count,0.000000|0.000000|0.000000,8,47756d747b44,3.11.15,"{""numpy"": ""1.26.4"", ""pandas"": ""3.0.3"", ""scikit-learn"": ""1.9.0"", ""torch"": ""2.12.0""}"
compas,logreg,sex,none,Female,3,priors_count|age|juv_other_count,0.119744|0.087564|0.014201,9,f48a0e4987ef,3.11.15,"{""numpy"": ""1.26.4"", ""pandas"": ""3.0.3"", ""scikit-learn"": ""1.9.0"", ""torch"": ""2.12.0""}"
compas,logreg,sex,none,Male,3,priors_count|age|juv_other_count,0.136392|0.091357|0.015442,9,f48a0e4987ef,3.11.15,"{""numpy"": ""1.26.4"", ""pandas"": ""3.0.3"", ""scikit-learn"": ""1.9.0"", ""torch"": ""2.12.0""}"
compas,logreg,sex,prune:0.3,Female,3,priors_count|age|juv_other_count,0.119628|0.087550|0.014142,9,e7d4eef65b59,3.11.15,"{""numpy"": ""1.26.4"", ""pandas"": ""3.0.3"", ""scikit-learn"": ""1.9.0"", ""torch"": ""2.12.0""}"
compas,logreg,sex,prune:0.3,Male,3,priors_count|age|juv_other_count,0.136688|0.091413|0.015434,9,e7d4eef65b59,3.11.15,"{""numpy"": ""1.26.4"", ""pandas"": ""3.0.3"", ""scikit-learn"": ""1.9.0"", ""torch"": ""2.12.0""}"
compas,logreg,sex,prune:0.5,Female,3,priors_count|age|juv_fel_count,0.121593|0.089013|0.000000,9,89c57dda3c38,3.11.15,"{""numpy"": ""1.26.4"", ""pandas"": ""3.0.3"", ""scikit-learn"": ""1.9.0"", ""torch"": ""2.12.0""}"
compas,logreg,sex,prune:0.5,Male,3,priors_count|age|juv_fel_count,0.138646|0.092337|0.000000,9,89c57dda3c38,3.11.15,"{""numpy"": ""1.26.4"", ""pandas"": ""3.0.3"", ""scikit-learn"": ""1.9.0"", ""torch"": ""2.12.0""}"
compas,logreg,sex,prune:0.7,Female,3,priors_count|age|juv_fel_count,0.124838|0.000000|0.000000,9,ab42ee74b998,3.11.15,"{""numpy"": ""1.26.4"", ""pandas"": ""3.0.3"", ""scikit-learn"": ""1.9.0"", ""torch"": ""2.12.0""}"
compas,logreg,sex,prune:0.7,Male,3,priors_count|age|juv_fel_count,0.141231|0.000000|0.000000,9,ab42ee74b998,3.11.15,"{""numpy"": ""1.26.4"", ""pandas"": ""3.0.3"", ""scikit-learn"": ""1.9.0"", ""torch"": ""2.12.0""}"
compas,logreg,sex,prune:0.9,Female,3,age|juv_fel_count|juv_misd_count,0.000000|0.000000|0.000000,9,dfefcc793201,3.11.15,"{""numpy"": ""1.26.4"", ""pandas"": ""3.0.3"", ""scikit-learn"": ""1.9.0"", ""torch"": ""2.12.0""}"
compas,logreg,sex,prune:0.9,Male,3,age|juv_fel_count|juv_misd_count,0.000000|0.000000|0.000000,9,dfefcc793201,3.11.15,"{""numpy"": ""1.26.4"", ""pandas"": ""3.0.3"", ""scikit-learn"": ""1.9.0"", ""torch"": ""2.12.0""}"
compas,logreg,race,none,African-American,3,priors_count|age|juv_other_count,0.148892|0.085784|0.015406,9,9dc19e816783,3.11.15,"{""numpy"": ""1.26.4"", ""pandas"": ""3.0.3"", ""scikit-learn"": ""1.9.0"", ""torch"": ""2.12.0""}"
compas,logreg,race,none,Caucasian,3,priors_count|age|juv_other_count,0.113063|0.098427|0.016022,9,9dc19e816783,3.11.15,"{""numpy"": ""1.26.4"", ""pandas"": ""3.0.3"", ""scikit-learn"": ""1.9.0"", ""torch"": ""2.12.0""}"
compas,logreg,race,none,Other,3,priors_count|age|juv_other_count,0.122820|0.089682|0.009019,9,9dc19e816783,3.11.15,"{""numpy"": ""1.26.4"", ""pandas"": ""3.0.3"", ""scikit-learn"": ""1.9.0"", ""torch"": ""2.12.0""}"
compas,logreg,race,none,Hispanic,3,priors_count|age|juv_other_count,0.127130|0.092439|0.015403,9,9dc19e816783,3.11.15,"{""numpy"": ""1.26.4"", ""pandas"": ""3.0.3"", ""scikit-learn"": ""1.9.0"", ""torch"": ""2.12.0""}"
compas,logreg,race,none,Asian,3,priors_count|age|juv_other_count,0.128112|0.045285|0.008329,9,9dc19e816783,3.11.15,"{""numpy"": ""1.26.4"", ""pandas"": ""3.0.3"", ""scikit-learn"": ""1.9.0"", ""torch"": ""2.12.0""}"
compas,logreg,race,none,Native American,3,priors_count|age|juv_fel_count,0.364475|0.033116|0.006528,9,9dc19e816783,3.11.15,"{""numpy"": ""1.26.4"", ""pandas"": ""3.0.3"", ""scikit-learn"": ""1.9.0"", ""torch"": ""2.12.0""}"
compas,logreg,race,prune:0.3,African-American,3,priors_count|age|juv_other_count,0.149139|0.085824|0.015378,9,272ba9a51521,3.11.15,"{""numpy"": ""1.26.4"", ""pandas"": ""3.0.3"", ""scikit-learn"": ""1.9.0"", ""torch"": ""2.12.0""}"
compas,logreg,race,prune:0.3,Caucasian,3,priors_count|age|juv_other_count,0.113252|0.098479|0.016014,9,272ba9a51521,3.11.15,"{""numpy"": ""1.26.4"", ""pandas"": ""3.0.3"", ""scikit-learn"": ""1.9.0"", ""torch"": ""2.12.0""}"
compas,logreg,race,prune:0.3,Other,3,priors_count|age|juv_other_count,0.122853|0.089689|0.009022,9,272ba9a51521,3.11.15,"{""numpy"": ""1.26.4"", ""pandas"": ""3.0.3"", ""scikit-learn"": ""1.9.0"", ""torch"": ""2.12.0""}"
compas,logreg,race,prune:0.3,Hispanic,3,priors_count|age|juv_other_count,0.127033|0.092440|0.015390,9,272ba9a51521,3.11.15,"{""numpy"": ""1.26.4"", ""pandas"": ""3.0.3"", ""scikit-learn"": ""1.9.0"", ""torch"": ""2.12.0""}"
compas,logreg,race,prune:0.3,Asian,3,priors_count|age|juv_other_count,0.128160|0.045311|0.008334,9,272ba9a51521,3.11.15,"{""numpy"": ""1.26.4"", ""pandas"": ""3.0.3"", ""scikit-learn"": ""1.9.0"", ""torch"": ""2.12.0""}"
compas,logreg,race,prune:0.3,Native American,3,priors_count|age|juv_other_count,0.383947|0.035429|0.006215,9,272ba9a51521,3.11.15,"{""numpy"": ""1.26.4"", ""pandas"": ""3.0.3"", ""scikit-learn"": ""1.9.0"", ""torch"": ""2.12.0""}"
compas,logreg,race,prune:0.5,African-American,3,priors_count|age|juv_fel_count,0.151668|0.086591|0.000000,9,70874b44bdd8,3.11.15,"{""numpy"": ""1.26.4"", ""pandas"": ""3.0.3"", ""scikit-learn"": ""1.9.0"", ""torch"": ""2.12.0""}"
compas,logreg,race,prune:0.5,Caucasian,3,priors_count|age|juv_fel_count,0.114869|0.099948|0.000000,9,70874b44bdd8,3.11.15,"{""numpy"": ""1.26.4"", ""pandas"": ""3.0.3"", ""scikit-learn"": ""1.9.0"", ""torch"": ""2.12.0""}"
compas,logreg,race,prune:0.5,Other,3,priors_count|age|juv_fel_count,0.123312|0.090441|0.000000,9,70874b44bdd8,3.11.15,"{""numpy"": ""1.26.4"", ""pandas"": ""3.0.3"", ""scikit-learn"": ""1.9.0"", ""torch"": ""2.12.0""}"
compas,logreg,race,prune:0.5,Hispanic,3,priors_count|age|juv_fel_count,0.128150|0.093353|0.000000,9,70874b44bdd8,3.11.15,"{""numpy"": ""1.26.4"", ""pandas"": ""3.0.3"", ""scikit-learn"": ""1.9.0"", ""torch"": ""2.12.0""}"
compas,logreg,race,prune:0.5,Asian,3,priors_count|age|juv_fel_count,0.129525|0.046053|0.000000,9,70874b44bdd8,3.11.15,"{""numpy"": ""1.26.4"", ""pandas"": ""3.0.3"", ""scikit-learn"": ""1.9.0"", ""torch"": ""2.12.0""}"
compas,logreg,race,prune:0.5,Native American,3,priors_count|age|juv_fel_count,0.380875|0.034570|0.000000,9,70874b44bdd8,3.11.15,"{""numpy"": ""1.26.4"", ""pandas"": ""3.0.3"", ""scikit-learn"": ""1.9.0"", ""torch"": ""2.12.0""}"
compas,logreg,race,prune:0.7,African-American,3,priors_count|age|juv_fel_count,0.151927|0.000000|0.000000,9,5f58fbf1eeb0,3.11.15,"{""numpy"": ""1.26.4"", ""pandas"": ""3.0.3"", ""scikit-learn"": ""1.9.0"", ""torch"": ""2.12.0""}"
compas,logreg,race,prune:0.7,Caucasian,3,priors_count|age|juv_fel_count,0.120928|0.000000|0.000000,9,5f58fbf1eeb0,3.11.15,"{""numpy"": ""1.26.4"", ""pandas"": ""3.0.3"", ""scikit-learn"": ""1.9.0"", ""torch"": ""2.12.0""}"
compas,logreg,race,prune:0.7,Other,3,priors_count|age|juv_fel_count,0.125698|0.000000|0.000000,9,5f58fbf1eeb0,3.11.15,"{""numpy"": ""1.26.4"", ""pandas"": ""3.0.3"", ""scikit-learn"": ""1.9.0"", ""torch"": ""2.12.0""}"
compas,logreg,race,prune:0.7,Hispanic,3,priors_count|age|juv_fel_count,0.132757|0.000000|0.000000,9,5f58fbf1eeb0,3.11.15,"{""numpy"": ""1.26.4"", ""pandas"": ""3.0.3"", ""scikit-learn"": ""1.9.0"", ""torch"": ""2.12.0""}"
compas,logreg,race,prune:0.7,Asian,3,priors_count|age|juv_fel_count,0.136191|0.000000|0.000000,9,5f58fbf1eeb0,3.11.15,"{""numpy"": ""1.26.4"", ""pandas"": ""3.0.3"", ""scikit-learn"": ""1.9.0"", ""torch"": ""2.12.0""}"
compas,logreg,race,prune:0.7,Native American,3,priors_count|age|juv_fel_count,0.327032|0.000000|0.000000,9,5f58fbf1eeb0,3.11.15,"{""numpy"": ""1.26.4"", ""pandas"": ""3.0.3"", ""scikit-learn"": ""1.9.0"", ""torch"": ""2.12.0""}"
compas,logreg,race,prune:0.9,African-American,3,age|juv_fel_count|juv_misd_count,0.000000|0.000000|0.000000,9,9bfd1d6592f6,3.11.15,"{""numpy"": ""1.26.4"", ""pandas"": ""3.0.3"", ""scikit-learn"": ""1.9.0"", ""torch"": ""2.12.0""}"
compas,logreg,race,prune:0.9,Caucasian,3,age|juv_fel_count|juv_misd_count,0.000000|0.000000|0.000000,9,9bfd1d6592f6,3.11.15,"{""numpy"": ""1.26.4"", ""pandas"": ""3.0.3"", ""scikit-learn"": ""1.9.0"", ""torch"": ""2.12.0""}"
compas,logreg,race,prune:0.9,Other,3,age|juv_fel_count|juv_misd_count,0.000000|0.000000|0.000000,9,9bfd1d6592f6,3.11.15,"{""numpy"": ""1.26.4"", ""pandas"": ""3.0.3"", ""scikit-learn"": ""1.9.0"", ""torch"": ""2.12.0""}"
compas,logreg,race,prune:0.9,Hispanic,3,age|juv_fel_count|juv_misd_count,0.000000|0.000000|0.000000,9,9bfd1d6592f6,3.11.15,"{""numpy"": ""1.26.4"", ""pandas"": ""3.0.3"", ""scikit-learn"": ""1.9.0"", ""torch"": ""2.12.0""}"
compas,logreg,race,prune:0.9,Asian,3,age|juv_fel_count|juv_misd_count,0.000000|0.000000|0.000000,9,9bfd1d6592f6,3.11.15,"{""numpy"": ""1.26.4"", ""pandas"": ""3.0.3"", ""scikit-learn"": ""1.9.0"", ""torch"": ""2.12.0""}"
compas,logreg,race,prune:0.9,Native American,3,age|juv_fel_count|juv_misd_count,0.000000|0.000000|0.000000,9,9bfd1d6592f6,3.11.15,"{""numpy"": ""1.26.4"", ""pandas"": ""3.0.3"", ""scikit-learn"": ""1.9.0"", ""torch"": ""2.12.0""}"
compas,mlp,sex,none,Male,3,priors_count|age|juv_other_count,0.190612|0.115602|0.021912,0,bad525ff2f33,3.11.15,"{""numpy"": ""1.26.4"", ""pandas"": ""3.0.3"", ""scikit-learn"": ""1.9.0"", ""torch"": ""2.12.0""}"
compas,mlp,sex,none,Female,3,priors_count|age|juv_other_count,0.208234|0.096947|0.020178,0,bad525ff2f33,3.11.15,"{""numpy"": ""1.26.4"", ""pandas"": ""3.0.3"", ""scikit-learn"": ""1.9.0"", ""torch"": ""2.12.0""}"
compas,mlp,sex,prune:0.3,Male,3,priors_count|age|juv_other_count,0.137926|0.078290|0.023306,0,848c7f339525,3.11.15,"{""numpy"": ""1.26.4"", ""pandas"": ""3.0.3"", ""scikit-learn"": ""1.9.0"", ""torch"": ""2.12.0""}"
compas,mlp,sex,prune:0.3,Female,3,priors_count|age|juv_other_count,0.151920|0.067860|0.018506,0,848c7f339525,3.11.15,"{""numpy"": ""1.26.4"", ""pandas"": ""3.0.3"", ""scikit-learn"": ""1.9.0"", ""torch"": ""2.12.0""}"
compas,mlp,sex,prune:0.5,Male,3,priors_count|age|juv_other_count,0.076321|0.070581|0.014707,0,b172b18c00d3,3.11.15,"{""numpy"": ""1.26.4"", ""pandas"": ""3.0.3"", ""scikit-learn"": ""1.9.0"", ""torch"": ""2.12.0""}"
compas,mlp,sex,prune:0.5,Female,3,priors_count|age|juv_other_count,0.083509|0.065318|0.011681,0,b172b18c00d3,3.11.15,"{""numpy"": ""1.26.4"", ""pandas"": ""3.0.3"", ""scikit-learn"": ""1.9.0"", ""torch"": ""2.12.0""}"
compas,mlp,sex,prune:0.7,Male,3,age|priors_count|juv_fel_count,0.047810|0.015455|0.012898,0,2dfdffbe3cdc,3.11.15,"{""numpy"": ""1.26.4"", ""pandas"": ""3.0.3"", ""scikit-learn"": ""1.9.0"", ""torch"": ""2.12.0""}"
compas,mlp,sex,prune:0.7,Female,3,age|priors_count|juv_fel_count,0.040323|0.013267|0.008386,0,2dfdffbe3cdc,3.11.15,"{""numpy"": ""1.26.4"", ""pandas"": ""3.0.3"", ""scikit-learn"": ""1.9.0"", ""torch"": ""2.12.0""}"
compas,mlp,sex,prune:0.9,Male,3,priors_count|juv_fel_count|age,0.000289|0.000082|0.000069,0,e5f0782f00c8,3.11.15,"{""numpy"": ""1.26.4"", ""pandas"": ""3.0.3"", ""scikit-learn"": ""1.9.0"", ""torch"": ""2.12.0""}"
compas,mlp,sex,prune:0.9,Female,3,priors_count|age|juv_fel_count,0.000071|0.000000|0.000000,0,e5f0782f00c8,3.11.15,"{""numpy"": ""1.26.4"", ""pandas"": ""3.0.3"", ""scikit-learn"": ""1.9.0"", ""torch"": ""2.12.0""}"
compas,mlp,race,none,Caucasian,3,priors_count|age|juv_other_count,0.179679|0.102215|0.018876,0,1b0cd0ba0bea,3.11.15,"{""numpy"": ""1.26.4"", ""pandas"": ""3.0.3"", ""scikit-learn"": ""1.9.0"", ""torch"": ""2.12.0""}"
compas,mlp,race,none,African-American,3,priors_count|age|juv_other_count,0.199194|0.123709|0.023928,0,1b0cd0ba0bea,3.11.15,"{""numpy"": ""1.26.4"", ""pandas"": ""3.0.3"", ""scikit-learn"": ""1.9.0"", ""torch"": ""2.12.0""}"
compas,mlp,race,none,Other,3,priors_count|age|juv_other_count,0.213294|0.096044|0.018862,0,1b0cd0ba0bea,3.11.15,"{""numpy"": ""1.26.4"", ""pandas"": ""3.0.3"", ""scikit-learn"": ""1.9.0"", ""torch"": ""2.12.0""}"
compas,mlp,race,none,Hispanic,3,priors_count|age|juv_other_count,0.205711|0.095221|0.020351,0,1b0cd0ba0bea,3.11.15,"{""numpy"": ""1.26.4"", ""pandas"": ""3.0.3"", ""scikit-learn"": ""1.9.0"", ""torch"": ""2.12.0""}"
compas,mlp,race,none,Native American,3,priors_count|age|juv_misd_count,0.134682|0.057735|0.015096,0,1b0cd0ba0bea,3.11.15,"{""numpy"": ""1.26.4"", ""pandas"": ""3.0.3"", ""scikit-learn"": ""1.9.0"", ""torch"": ""2.12.0""}"
compas,mlp,race,none,Asian,3,priors_count|age|juv_misd_count,0.183752|0.038036|0.012535,0,1b0cd0ba0bea,3.11.15,"{""numpy"": ""1.26.4"", ""pandas"": ""3.0.3"", ""scikit-learn"": ""1.9.0"", ""torch"": ""2.12.0""}"
compas,mlp,race,prune:0.3,Caucasian,3,priors_count|age|juv_other_count,0.133824|0.063598|0.020794,0,1ee323ea4ac5,3.11.15,"{""numpy"": ""1.26.4"", ""pandas"": ""3.0.3"", ""scikit-learn"": ""1.9.0"", ""torch"": ""2.12.0""}"
compas,mlp,race,prune:0.3,African-American,3,priors_count|age|juv_other_count,0.141612|0.087719|0.025014,0,1ee323ea4ac5,3.11.15,"{""numpy"": ""1.26.4"", ""pandas"": ""3.0.3"", ""scikit-learn"": ""1.9.0"", ""torch"": ""2.12.0""}"
compas,mlp,race,prune:0.3,Other,3,priors_count|age|juv_other_count,0.156226|0.066315|0.016719,0,1ee323ea4ac5,3.11.15,"{""numpy"": ""1.26.4"", ""pandas"": ""3.0.3"", ""scikit-learn"": ""1.9.0"", ""torch"": ""2.12.0""}"
compas,mlp,race,prune:0.3,Hispanic,3,priors_count|age|juv_other_count,0.150746|0.066634|0.017560,0,1ee323ea4ac5,3.11.15,"{""numpy"": ""1.26.4"", ""pandas"": ""3.0.3"", ""scikit-learn"": ""1.9.0"", ""torch"": ""2.12.0""}"
compas,mlp,race,prune:0.3,Native American,3,priors_count|age|juv_misd_count,0.102997|0.036599|0.010305,0,1ee323ea4ac5,3.11.15,"{""numpy"": ""1.26.4"", ""pandas"": ""3.0.3"", ""scikit-learn"": ""1.9.0"", ""torch"": ""2.12.0""}"
compas,mlp,race,prune:0.3,Asian,3,priors_count|age|juv_misd_count,0.131121|0.021767|0.010391,0,1ee323ea4ac5,3.11.15,"{""numpy"": ""1.26.4"", ""pandas"": ""3.0.3"", ""scikit-learn"": ""1.9.0"", ""torch"": ""2.12.0""}"
compas,mlp,race,prune:0.5,Caucasian,3,priors_count|age|juv_other_count,0.074314|0.064374|0.014752,0,cdf6a3462867,3.11.15,"{""numpy"": ""1.26.4"", ""pandas"": ""3.0.3"", ""scikit-learn"": ""1.9.0"", ""torch"": ""2.12.0""}"
compas,mlp,race,prune:0.5,African-American,3,priors_count|age|juv_fel_count,0.078009|0.074369|0.015856,0,cdf6a3462867,3.11.15,"{""numpy"": ""1.26.4"", ""pandas"": ""3.0.3"", ""scikit-learn"": ""1.9.0"", ""torch"": ""2.12.0""}"
compas,mlp,race,prune:0.5,Other,3,priors_count|age|juv_fel_count,0.085236|0.068469|0.011483,0,cdf6a3462867,3.11.15,"{""numpy"": ""1.26.4"", ""pandas"": ""3.0.3"", ""scikit-learn"": ""1.9.0"", ""torch"": ""2.12.0""}"
compas,mlp,race,prune:0.5,Hispanic,3,priors_count|age|juv_fel_count,0.084445|0.063562|0.014123,0,cdf6a3462867,3.11.15,"{""numpy"": ""1.26.4"", ""pandas"": ""3.0.3"", ""scikit-learn"": ""1.9.0"", ""torch"": ""2.12.0""}"
compas,mlp,race,prune:0.5,Native American,3,priors_count|age|juv_misd_count,0.063993|0.034103|0.006962,0,cdf6a3462867,3.11.15,"{""numpy"": ""1.26.4"", ""pandas"": ""3.0.3"", ""scikit-learn"": ""1.9.0"", ""torch"": ""2.12.0""}"
compas,mlp,race,prune:0.5,Asian,3,priors_count|age|juv_fel_count,0.061499|0.042572|0.005854,0,cdf6a3462867,3.11.15,"{""numpy"": ""1.26.4"", ""pandas"": ""3.0.3"", ""scikit-learn"": ""1.9.0"", ""torch"": ""2.12.0""}"
compas,mlp,race,prune:0.7,Caucasian,3,age|priors_count|juv_other_count,0.039627|0.011848|0.009721,0,01bab8998eab,3.11.15,"{""numpy"": ""1.26.4"", ""pandas"": ""3.0.3"", ""scikit-learn"": ""1.9.0"", ""torch"": ""2.12.0""}"
compas,mlp,race,prune:0.7,African-American,3,age|priors_count|juv_fel_count,0.052996|0.017566|0.014909,0,01bab8998eab,3.11.15,"{""numpy"": ""1.26.4"", ""pandas"": ""3.0.3"", ""scikit-learn"": ""1.9.0"", ""torch"": ""2.12.0""}"
compas,mlp,race,prune:0.7,Other,3,age|priors_count|juv_fel_count,0.042136|0.013944|0.006481,0,01bab8998eab,3.11.15,"{""numpy"": ""1.26.4"", ""pandas"": ""3.0.3"", ""scikit-learn"": ""1.9.0"", ""torch"": ""2.12.0""}"
compas,mlp,race,prune:0.7,Hispanic,3,age|priors_count|juv_fel_count,0.037237|0.013419|0.010729,0,01bab8998eab,3.11.15,"{""numpy"": ""1.26.4"", ""pandas"": ""3.0.3"", ""scikit-learn"": ""1.9.0"", ""torch"": ""2.12.0""}"
compas,mlp,race,prune:0.7,Native American,3,age|priors_count|juv_fel_count,0.019155|0.007704|0.005952,0,01bab8998eab,3.11.15,"{""numpy"": ""1.26.4"", ""pandas"": ""3.0.3"", ""scikit-learn"": ""1.9.0"", ""torch"": ""2.12.0""}"
compas,mlp,race,prune:0.7,Asian,3,age|priors_count|juv_fel_count,0.021629|0.007711|0.004591,0,01bab8998eab,3.11.15,"{""numpy"": ""1.26.4"", ""pandas"": ""3.0.3"", ""scikit-learn"": ""1.9.0"", ""torch"": ""2.12.0""}"
compas,mlp,race,prune:0.9,Caucasian,3,priors_count|juv_other_count|age,0.000060|0.000019|0.000000,0,31a1687516f1,3.11.15,"{""numpy"": ""1.26.4"", ""pandas"": ""3.0.3"", ""scikit-learn"": ""1.9.0"", ""torch"": ""2.12.0""}"
compas,mlp,race,prune:0.9,African-American,3,priors_count|juv_fel_count|age,0.000330|0.000081|0.000058,0,31a1687516f1,3.11.15,"{""numpy"": ""1.26.4"", ""pandas"": ""3.0.3"", ""scikit-learn"": ""1.9.0"", ""torch"": ""2.12.0""}"
compas,mlp,race,prune:0.9,Other,3,priors_count|juv_other_count|age,0.000089|0.000041|0.000000,0,31a1687516f1,3.11.15,"{""numpy"": ""1.26.4"", ""pandas"": ""3.0.3"", ""scikit-learn"": ""1.9.0"", ""torch"": ""2.12.0""}"
compas,mlp,race,prune:0.9,Hispanic,3,priors_count|age|juv_fel_count,0.000634|0.000316|0.000298,0,31a1687516f1,3.11.15,"{""numpy"": ""1.26.4"", ""pandas"": ""3.0.3"", ""scikit-learn"": ""1.9.0"", ""torch"": ""2.12.0""}"
compas,mlp,race,prune:0.9,Native American,3,age|juv_fel_count|juv_misd_count,0.000000|0.000000|0.000000,0,31a1687516f1,3.11.15,"{""numpy"": ""1.26.4"", ""pandas"": ""3.0.3"", ""scikit-learn"": ""1.9.0"", ""torch"": ""2.12.0""}"
compas,mlp,race,prune:0.9,Asian,3,age|juv_fel_count|juv_misd_count,0.000000|0.000000|0.000000,0,31a1687516f1,3.11.15,"{""numpy"": ""1.26.4"", ""pandas"": ""3.0.3"", ""scikit-learn"": ""1.9.0"", ""torch"": ""2.12.0""}"
compas,mlp,sex,none,Male,3,priors_count|age|juv_other_count,0.179119|0.115672|0.019393,1,2e2adb242f46,3.11.15,"{""numpy"": ""1.26.4"", ""pandas"": ""3.0.3"", ""scikit-learn"": ""1.9.0"", ""torch"": ""2.12.0""}"
compas,mlp,sex,none,Female,3,priors_count|age|juv_other_count,0.186338|0.096303|0.014053,1,2e2adb242f46,3.11.15,"{""numpy"": ""1.26.4"", ""pandas"": ""3.0.3"", ""scikit-learn"": ""1.9.0"", ""torch"": ""2.12.0""}"
compas,mlp,sex,prune:0.3,Male,3,priors_count|age|juv_other_count,0.155497|0.087427|0.015549,1,21f25a9e6ea6,3.11.15,"{""numpy"": ""1.26.4"", ""pandas"": ""3.0.3"", ""scikit-learn"": ""1.9.0"", ""torch"": ""2.12.0""}"
compas,mlp,sex,prune:0.3,Female,3,priors_count|age|juv_other_count,0.156533|0.071906|0.010280,1,21f25a9e6ea6,3.11.15,"{""numpy"": ""1.26.4"", ""pandas"": ""3.0.3"", ""scikit-learn"": ""1.9.0"", ""torch"": ""2.12.0""}"
compas,mlp,sex,prune:0.5,Male,3,priors_count|age|juv_other_count,0.116697|0.065366|0.017396,1,c0b75b408540,3.11.15,"{""numpy"": ""1.26.4"", ""pandas"": ""3.0.3"", ""scikit-learn"": ""1.9.0"", ""torch"": ""2.12.0""}"
compas,mlp,sex,prune:0.5,Female,3,priors_count|age|juv_other_count,0.119564|0.052807|0.013240,1,c0b75b408540,3.11.15,"{""numpy"": ""1.26.4"", ""pandas"": ""3.0.3"", ""scikit-learn"": ""1.9.0"", ""torch"": ""2.12.0""}"
compas,mlp,sex,prune:0.7,Male,3,priors_count|age|juv_other_count,0.061595|0.037723|0.007630,1,9adc43c7866f,3.11.15,"{""numpy"": ""1.26.4"", ""pandas"": ""3.0.3"", ""scikit-learn"": ""1.9.0"", ""torch"": ""2.12.0""}"
compas,mlp,sex,prune:0.7,Female,3,priors_count|age|juv_other_count,0.061391|0.034441|0.006563,1,9adc43c7866f,3.11.15,"{""numpy"": ""1.26.4"", ""pandas"": ""3.0.3"", ""scikit-learn"": ""1.9.0"", ""torch"": ""2.12.0""}"
compas,mlp,sex,prune:0.9,Male,3,priors_count|juv_other_count|age,0.003105|0.000463|0.000000,1,cf20650d4545,3.11.15,"{""numpy"": ""1.26.4"", ""pandas"": ""3.0.3"", ""scikit-learn"": ""1.9.0"", ""torch"": ""2.12.0""}"
compas,mlp,sex,prune:0.9,Female,3,priors_count|juv_other_count|age,0.001974|0.000020|0.000000,1,cf20650d4545,3.11.15,"{""numpy"": ""1.26.4"", ""pandas"": ""3.0.3"", ""scikit-learn"": ""1.9.0"", ""torch"": ""2.12.0""}"
compas,mlp,race,none,Caucasian,3,priors_count|age|juv_other_count,0.165477|0.097343|0.015613,1,3f54630b38fa,3.11.15,"{""numpy"": ""1.26.4"", ""pandas"": ""3.0.3"", ""scikit-learn"": ""1.9.0"", ""torch"": ""2.12.0""}"
compas,mlp,race,none,African-American,3,priors_count|age|juv_other_count,0.186507|0.122478|0.020811,1,3f54630b38fa,3.11.15,"{""numpy"": ""1.26.4"", ""pandas"": ""3.0.3"", ""scikit-learn"": ""1.9.0"", ""torch"": ""2.12.0""}"
compas,mlp,race,none,Hispanic,3,priors_count|age|juv_other_count,0.196369|0.112204|0.017835,1,3f54630b38fa,3.11.15,"{""numpy"": ""1.26.4"", ""pandas"": ""3.0.3"", ""scikit-learn"": ""1.9.0"", ""torch"": ""2.12.0""}"
compas,mlp,race,none,Asian,3,priors_count|age|juv_other_count,0.192184|0.072299|0.011328,1,3f54630b38fa,3.11.15,"{""numpy"": ""1.26.4"", ""pandas"": ""3.0.3"", ""scikit-learn"": ""1.9.0"", ""torch"": ""2.12.0""}"
compas,mlp,race,none,Other,3,priors_count|age|juv_other_count,0.200180|0.106262|0.013772,1,3f54630b38fa,3.11.15,"{""numpy"": ""1.26.4"", ""pandas"": ""3.0.3"", ""scikit-learn"": ""1.9.0"", ""torch"": ""2.12.0""}"
compas,mlp,race,none,Native American,3,age|priors_count|juv_other_count,0.285660|0.117725|0.041291,1,3f54630b38fa,3.11.15,"{""numpy"": ""1.26.4"", ""pandas"": ""3.0.3"", ""scikit-learn"": ""1.9.0"", ""torch"": ""2.12.0""}"
compas,mlp,race,prune:0.3,Caucasian,3,priors_count|age|juv_other_count,0.144772|0.074500|0.011735,1,6808f5e37802,3.11.15,"{""numpy"": ""1.26.4"", ""pandas"": ""3.0.3"", ""scikit-learn"": ""1.9.0"", ""torch"": ""2.12.0""}"
compas,mlp,race,prune:0.3,African-American,3,priors_count|age|juv_other_count,0.159276|0.090811|0.016850,1,6808f5e37802,3.11.15,"{""numpy"": ""1.26.4"", ""pandas"": ""3.0.3"", ""scikit-learn"": ""1.9.0"", ""torch"": ""2.12.0""}"
compas,mlp,race,prune:0.3,Hispanic,3,priors_count|age|juv_other_count,0.167300|0.087441|0.014448,1,6808f5e37802,3.11.15,"{""numpy"": ""1.26.4"", ""pandas"": ""3.0.3"", ""scikit-learn"": ""1.9.0"", ""torch"": ""2.12.0""}"
compas,mlp,race,prune:0.3,Asian,3,priors_count|age|juv_other_count,0.174978|0.062676|0.007287,1,6808f5e37802,3.11.15,"{""numpy"": ""1.26.4"", ""pandas"": ""3.0.3"", ""scikit-learn"": ""1.9.0"", ""torch"": ""2.12.0""}"
compas,mlp,race,prune:0.3,Other,3,priors_count|age|juv_other_count,0.175371|0.082202|0.010463,1,6808f5e37802,3.11.15,"{""numpy"": ""1.26.4"", ""pandas"": ""3.0.3"", ""scikit-learn"": ""1.9.0"", ""torch"": ""2.12.0""}"
compas,mlp,race,prune:0.3,Native American,3,age|priors_count|juv_other_count,0.226824|0.094234|0.053791,1,6808f5e37802,3.11.15,"{""numpy"": ""1.26.4"", ""pandas"": ""3.0.3"", ""scikit-learn"": ""1.9.0"", ""torch"": ""2.12.0""}"
compas,mlp,race,prune:0.5,Caucasian,3,priors_count|age|juv_other_count,0.109010|0.053729|0.014470,1,18a887ea2934,3.11.15,"{""numpy"": ""1.26.4"", ""pandas"": ""3.0.3"", ""scikit-learn"": ""1.9.0"", ""torch"": ""2.12.0""}"
compas,mlp,race,prune:0.5,African-American,3,priors_count|age|juv_other_count,0.119644|0.069436|0.018385,1,18a887ea2934,3.11.15,"{""numpy"": ""1.26.4"", ""pandas"": ""3.0.3"", ""scikit-learn"": ""1.9.0"", ""torch"": ""2.12.0""}"
compas,mlp,race,prune:0.5,Hispanic,3,priors_count|age|juv_other_count,0.126182|0.065166|0.016543,1,18a887ea2934,3.11.15,"{""numpy"": ""1.26.4"", ""pandas"": ""3.0.3"", ""scikit-learn"": ""1.9.0"", ""torch"": ""2.12.0""}"
compas,mlp,race,prune:0.5,Asian,3,priors_count|age|juv_misd_count,0.133229|0.040824|0.010152,1,18a887ea2934,3.11.15,"{""numpy"": ""1.26.4"", ""pandas"": ""3.0.3"", ""scikit-learn"": ""1.9.0"", ""torch"": ""2.12.0""}"
compas,mlp,race,prune:0.5,Other,3,priors_count|age|juv_other_count,0.134696|0.057208|0.012658,1,18a887ea2934,3.11.15,"{""numpy"": ""1.26.4"", ""pandas"": ""3.0.3"", ""scikit-learn"": ""1.9.0"", ""torch"": ""2.12.0""}"
compas,mlp,race,prune:0.5,Native American,3,age|juv_other_count|priors_count,0.182611|0.096057|0.074901,1,18a887ea2934,3.11.15,"{""numpy"": ""1.26.4"", ""pandas"": ""3.0.3"", ""scikit-learn"": ""1.9.0"", ""torch"": ""2.12.0""}"
compas,mlp,race,prune:0.7,Caucasian,3,priors_count|age|juv_other_count,0.060731|0.037299|0.007680,1,ce4ca696a4c5,3.11.15,"{""numpy"": ""1.26.4"", ""pandas"": ""3.0.3"", ""scikit-learn"": ""1.9.0"", ""torch"": ""2.12.0""}"
compas,mlp,race,prune:0.7,African-American,3,priors_count|age|juv_other_count,0.060068|0.035859|0.007589,1,ce4ca696a4c5,3.11.15,"{""numpy"": ""1.26.4"", ""pandas"": ""3.0.3"", ""scikit-learn"": ""1.9.0"", ""torch"": ""2.12.0""}"
compas,mlp,race,prune:0.7,Hispanic,3,priors_count|age|juv_other_count,0.066089|0.039892|0.006828,1,ce4ca696a4c5,3.11.15,"{""numpy"": ""1.26.4"", ""pandas"": ""3.0.3"", ""scikit-learn"": ""1.9.0"", ""torch"": ""2.12.0""}"
compas,mlp,race,prune:0.7,Asian,3,priors_count|age|juv_other_count,0.076829|0.046406|0.004374,1,ce4ca696a4c5,3.11.15,"{""numpy"": ""1.26.4"", ""pandas"": ""3.0.3"", ""scikit-learn"": ""1.9.0"", ""torch"": ""2.12.0""}"
compas,mlp,race,prune:0.7,Other,3,priors_count|age|juv_other_count,0.072273|0.040472|0.004923,1,ce4ca696a4c5,3.11.15,"{""numpy"": ""1.26.4"", ""pandas"": ""3.0.3"", ""scikit-learn"": ""1.9.0"", ""torch"": ""2.12.0""}"
compas,mlp,race,prune:0.7,Native American,3,age|priors_count|juv_other_count,0.072412|0.051248|0.025091,1,ce4ca696a4c5,3.11.15,"{""numpy"": ""1.26.4"", ""pandas"": ""3.0.3"", ""scikit-learn"": ""1.9.0"", ""torch"": ""2.12.0""}"
compas,mlp,race,prune:0.9,Caucasian,3,priors_count|juv_other_count|age,0.002341|0.000130|0.000000,1,00227bda654d,3.11.15,"{""numpy"": ""1.26.4"", ""pandas"": ""3.0.3"", ""scikit-learn"": ""1.9.0"", ""torch"": ""2.12.0""}"
compas,mlp,race,prune:0.9,African-American,3,priors_count|juv_other_count|age,0.003595|0.000618|0.000000,1,00227bda654d,3.11.15,"{""numpy"": ""1.26.4"", ""pandas"": ""3.0.3"", ""scikit-learn"": ""1.9.0"", ""torch"": ""2.12.0""}"
compas,mlp,race,prune:0.9,Hispanic,3,priors_count|juv_other_count|age,0.001878|0.000209|0.000000,1,00227bda654d,3.11.15,"{""numpy"": ""1.26.4"", ""pandas"": ""3.0.3"", ""scikit-learn"": ""1.9.0"", ""torch"": ""2.12.0""}"
compas,mlp,race,prune:0.9,Asian,3,age|juv_fel_count|juv_misd_count,0.000000|0.000000|0.000000,1,00227bda654d,3.11.15,"{""numpy"": ""1.26.4"", ""pandas"": ""3.0.3"", ""scikit-learn"": ""1.9.0"", ""torch"": ""2.12.0""}"
compas,mlp,race,prune:0.9,Other,3,priors_count|age|juv_fel_count,0.001600|0.000000|0.000000,1,00227bda654d,3.11.15,"{""numpy"": ""1.26.4"", ""pandas"": ""3.0.3"", ""scikit-learn"": ""1.9.0"", ""torch"": ""2.12.0""}"
compas,mlp,race,prune:0.9,Native American,3,age|juv_fel_count|juv_misd_count,0.000000|0.000000|0.000000,1,00227bda654d,3.11.15,"{""numpy"": ""1.26.4"", ""pandas"": ""3.0.3"", ""scikit-learn"": ""1.9.0"", ""torch"": ""2.12.0""}"
compas,mlp,sex,none,Male,3,priors_count|age|juv_other_count,0.180614|0.100326|0.022054,2,b44a05d5ac11,3.11.15,"{""numpy"": ""1.26.4"", ""pandas"": ""3.0.3"", ""scikit-learn"": ""1.9.0"", ""torch"": ""2.12.0""}"
compas,mlp,sex,none,Female,3,priors_count|age|juv_other_count,0.186578|0.089843|0.019120,2,b44a05d5ac11,3.11.15,"{""numpy"": ""1.26.4"", ""pandas"": ""3.0.3"", ""scikit-learn"": ""1.9.0"", ""torch"": ""2.12.0""}"
compas,mlp,sex,prune:0.3,Male,3,priors_count|age|juv_other_count,0.144603|0.076103|0.019837,2,5da13e783597,3.11.15,"{""numpy"": ""1.26.4"", ""pandas"": ""3.0.3"", ""scikit-learn"": ""1.9.0"", ""torch"": ""2.12.0""}"
compas,mlp,sex,prune:0.3,Female,3,priors_count|age|juv_other_count,0.146639|0.067222|0.017520,2,5da13e783597,3.11.15,"{""numpy"": ""1.26.4"", ""pandas"": ""3.0.3"", ""scikit-learn"": ""1.9.0"", ""torch"": ""2.12.0""}"
compas,mlp,sex,prune:0.5,Male,3,priors_count|age|juv_other_count,0.100134|0.052655|0.025075,2,5809396ea2c2,3.11.15,"{""numpy"": ""1.26.4"", ""pandas"": ""3.0.3"", ""scikit-learn"": ""1.9.0"", ""torch"": ""2.12.0""}"
compas,mlp,sex,prune:0.5,Female,3,priors_count|age|juv_other_count,0.103802|0.044723|0.018261,2,5809396ea2c2,3.11.15,"{""numpy"": ""1.26.4"", ""pandas"": ""3.0.3"", ""scikit-learn"": ""1.9.0"", ""torch"": ""2.12.0""}"
compas,mlp,sex,prune:0.7,Male,3,priors_count|age|juv_fel_count,0.050441|0.042048|0.011626,2,1a4b551eb70b,3.11.15,"{""numpy"": ""1.26.4"", ""pandas"": ""3.0.3"", ""scikit-learn"": ""1.9.0"", ""torch"": ""2.12.0""}"
compas,mlp,sex,prune:0.7,Female,3,priors_count|age|juv_fel_count,0.053138|0.040422|0.007713,2,1a4b551eb70b,3.11.15,"{""numpy"": ""1.26.4"", ""pandas"": ""3.0.3"", ""scikit-learn"": ""1.9.0"", ""torch"": ""2.12.0""}"
compas,mlp,sex,prune:0.9,Male,3,juv_misd_count|age|juv_other_count,0.000918|0.000310|0.000263,2,3977b829c03d,3.11.15,"{""numpy"": ""1.26.4"", ""pandas"": ""3.0.3"", ""scikit-learn"": ""1.9.0"", ""torch"": ""2.12.0""}"
compas,mlp,sex,prune:0.9,Female,3,age|juv_misd_count|juv_other_count,0.000201|0.000037|0.000027,2,3977b829c03d,3.11.15,"{""numpy"": ""1.26.4"", ""pandas"": ""3.0.3"", ""scikit-learn"": ""1.9.0"", ""torch"": ""2.12.0""}"
compas,mlp,race,none,African-American,3,priors_count|age|juv_other_count,0.189807|0.110184|0.025290,2,161fd5de755a,3.11.15,"{""numpy"": ""1.26.4"", ""pandas"": ""3.0.3"", ""scikit-learn"": ""1.9.0"", ""torch"": ""2.12.0""}"
compas,mlp,race,none,Caucasian,3,priors_count|age|juv_other_count,0.166812|0.086032|0.016423,2,161fd5de755a,3.11.15,"{""numpy"": ""1.26.4"", ""pandas"": ""3.0.3"", ""scikit-learn"": ""1.9.0"", ""torch"": ""2.12.0""}"
compas,mlp,race,none,Other,3,priors_count|age|juv_other_count,0.185758|0.082881|0.021427,2,161fd5de755a,3.11.15,"{""numpy"": ""1.26.4"", ""pandas"": ""3.0.3"", ""scikit-learn"": ""1.9.0"", ""torch"": ""2.12.0""}"
compas,mlp,race,none,Hispanic,3,priors_count|age|juv_other_count,0.194047|0.084933|0.019552,2,161fd5de755a,3.11.15,"{""numpy"": ""1.26.4"", ""pandas"": ""3.0.3"", ""scikit-learn"": ""1.9.0"", ""torch"": ""2.12.0""}"
compas,mlp,race,none,Asian,3,priors_count|age|juv_other_count,0.197254|0.129643|0.017923,2,161fd5de755a,3.11.15,"{""numpy"": ""1.26.4"", ""pandas"": ""3.0.3"", ""scikit-learn"": ""1.9.0"", ""torch"": ""2.12.0""}"
compas,mlp,race,none,Native American,3,age|priors_count|juv_fel_count,0.244867|0.106878|0.086520,2,161fd5de755a,3.11.15,"{""numpy"": ""1.26.4"", ""pandas"": ""3.0.3"", ""scikit-learn"": ""1.9.0"", ""torch"": ""2.12.0""}"
compas,mlp,race,prune:0.3,African-American,3,priors_count|age|juv_other_count,0.153823|0.087830|0.021012,2,a1e704e5abe4,3.11.15,"{""numpy"": ""1.26.4"", ""pandas"": ""3.0.3"", ""scikit-learn"": ""1.9.0"", ""torch"": ""2.12.0""}"
compas,mlp,race,prune:0.3,Caucasian,3,priors_count|age|juv_other_count,0.129636|0.060625|0.017285,2,a1e704e5abe4,3.11.15,"{""numpy"": ""1.26.4"", ""pandas"": ""3.0.3"", ""scikit-learn"": ""1.9.0"", ""torch"": ""2.12.0""}"
compas,mlp,race,prune:0.3,Other,3,priors_count|age|juv_other_count,0.147474|0.060867|0.020238,2,a1e704e5abe4,3.11.15,"{""numpy"": ""1.26.4"", ""pandas"": ""3.0.3"", ""scikit-learn"": ""1.9.0"", ""torch"": ""2.12.0""}"
compas,mlp,race,prune:0.3,Hispanic,3,priors_count|age|juv_other_count,0.153549|0.060007|0.018378,2,a1e704e5abe4,3.11.15,"{""numpy"": ""1.26.4"", ""pandas"": ""3.0.3"", ""scikit-learn"": ""1.9.0"", ""torch"": ""2.12.0""}"
compas,mlp,race,prune:0.3,Asian,3,priors_count|age|juv_other_count,0.156820|0.076729|0.008768,2,a1e704e5abe4,3.11.15,"{""numpy"": ""1.26.4"", ""pandas"": ""3.0.3"", ""scikit-learn"": ""1.9.0"", ""torch"": ""2.12.0""}"
compas,mlp,race,prune:0.3,Native American,3,priors_count|age|juv_other_count,0.157814|0.139553|0.020091,2,a1e704e5abe4,3.11.15,"{""numpy"": ""1.26.4"", ""pandas"": ""3.0.3"", ""scikit-learn"": ""1.9.0"", ""torch"": ""2.12.0""}"
compas,mlp,race,prune:0.5,African-American,3,priors_count|age|juv_other_count,0.107042|0.058717|0.026820,2,52da0dbf87e4,3.11.15,"{""numpy"": ""1.26.4"", ""pandas"": ""3.0.3"", ""scikit-learn"": ""1.9.0"", ""torch"": ""2.12.0""}"
compas,mlp,race,prune:0.5,Caucasian,3,priors_count|age|juv_other_count,0.088482|0.043430|0.019514,2,52da0dbf87e4,3.11.15,"{""numpy"": ""1.26.4"", ""pandas"": ""3.0.3"", ""scikit-learn"": ""1.9.0"", ""torch"": ""2.12.0""}"
compas,mlp,race,prune:0.5,Other,3,priors_count|age|juv_other_count,0.106104|0.044525|0.028078,2,52da0dbf87e4,3.11.15,"{""numpy"": ""1.26.4"", ""pandas"": ""3.0.3"", ""scikit-learn"": ""1.9.0"", ""torch"": ""2.12.0""}"
compas,mlp,race,prune:0.5,Hispanic,3,priors_count|age|juv_other_count,0.110397|0.041317|0.019527,2,52da0dbf87e4,3.11.15,"{""numpy"": ""1.26.4"", ""pandas"": ""3.0.3"", ""scikit-learn"": ""1.9.0"", ""torch"": ""2.12.0""}"
compas,mlp,race,prune:0.5,Asian,3,priors_count|age|juv_other_count,0.106087|0.064437|0.029105,2,52da0dbf87e4,3.11.15,"{""numpy"": ""1.26.4"", ""pandas"": ""3.0.3"", ""scikit-learn"": ""1.9.0"", ""torch"": ""2.12.0""}"
compas,mlp,race,prune:0.5,Native American,3,priors_count|juv_fel_count|age,0.135706|0.095320|0.090545,2,52da0dbf87e4,3.11.15,"{""numpy"": ""1.26.4"", ""pandas"": ""3.0.3"", ""scikit-learn"": ""1.9.0"", ""torch"": ""2.12.0""}"
compas,mlp,race,prune:0.7,African-American,3,priors_count|age|juv_fel_count,0.052248|0.048269|0.013091,2,f8a821bde16c,3.11.15,"{""numpy"": ""1.26.4"", ""pandas"": ""3.0.3"", ""scikit-learn"": ""1.9.0"", ""torch"": ""2.12.0""}"
compas,mlp,race,prune:0.7,Caucasian,3,priors_count|age|juv_fel_count,0.046895|0.034527|0.007520,2,f8a821bde16c,3.11.15,"{""numpy"": ""1.26.4"", ""pandas"": ""3.0.3"", ""scikit-learn"": ""1.9.0"", ""torch"": ""2.12.0""}"
compas,mlp,race,prune:0.7,Other,3,priors_count|age|juv_fel_count,0.054472|0.037297|0.010254,2,f8a821bde16c,3.11.15,"{""numpy"": ""1.26.4"", ""pandas"": ""3.0.3"", ""scikit-learn"": ""1.9.0"", ""torch"": ""2.12.0""}"
compas,mlp,race,prune:0.7,Hispanic,3,priors_count|age|juv_fel_count,0.057062|0.036359|0.009951,2,f8a821bde16c,3.11.15,"{""numpy"": ""1.26.4"", ""pandas"": ""3.0.3"", ""scikit-learn"": ""1.9.0"", ""torch"": ""2.12.0""}"
compas,mlp,race,prune:0.7,Asian,3,priors_count|age|juv_fel_count,0.060229|0.032215|0.005576,2,f8a821bde16c,3.11.15,"{""numpy"": ""1.26.4"", ""pandas"": ""3.0.3"", ""scikit-learn"": ""1.9.0"", ""torch"": ""2.12.0""}"
compas,mlp,race,prune:0.7,Native American,3,juv_fel_count|priors_count|age,0.107519|0.055170|0.054820,2,f8a821bde16c,3.11.15,"{""numpy"": ""1.26.4"", ""pandas"": ""3.0.3"", ""scikit-learn"": ""1.9.0"", ""torch"": ""2.12.0""}"
compas,mlp,race,prune:0.9,African-American,3,juv_misd_count|juv_fel_count|juv_other_count,0.001091|0.000383|0.000381,2,4cb02e166dc5,3.11.15,"{""numpy"": ""1.26.4"", ""pandas"": ""3.0.3"", ""scikit-learn"": ""1.9.0"", ""torch"": ""2.12.0""}"
compas,mlp,race,prune:0.9,Caucasian,3,age|juv_misd_count|juv_other_count,0.000233|0.000063|0.000036,2,4cb02e166dc5,3.11.15,"{""numpy"": ""1.26.4"", ""pandas"": ""3.0.3"", ""scikit-learn"": ""1.9.0"", ""torch"": ""2.12.0""}"
compas,mlp,race,prune:0.9,Other,3,juv_misd_count|age|juv_fel_count,0.003012|0.000420|0.000080,2,4cb02e166dc5,3.11.15,"{""numpy"": ""1.26.4"", ""pandas"": ""3.0.3"", ""scikit-learn"": ""1.9.0"", ""torch"": ""2.12.0""}"
compas,mlp,race,prune:0.9,Hispanic,3,juv_other_count|priors_count|juv_fel_count,0.000156|0.000156|0.000066,2,4cb02e166dc5,3.11.15,"{""numpy"": ""1.26.4"", ""pandas"": ""3.0.3"", ""scikit-learn"": ""1.9.0"", ""torch"": ""2.12.0""}"
compas,mlp,race,prune:0.9,Asian,3,age|juv_fel_count|juv_misd_count,0.000000|0.000000|0.000000,2,4cb02e166dc5,3.11.15,"{""numpy"": ""1.26.4"", ""pandas"": ""3.0.3"", ""scikit-learn"": ""1.9.0"", ""torch"": ""2.12.0""}"
compas,mlp,race,prune:0.9,Native American,3,age|juv_fel_count|juv_misd_count,0.000000|0.000000|0.000000,2,4cb02e166dc5,3.11.15,"{""numpy"": ""1.26.4"", ""pandas"": ""3.0.3"", ""scikit-learn"": ""1.9.0"", ""torch"": ""2.12.0""}"
compas,mlp,sex,none,Male,3,priors_count|age|juv_other_count,0.180056|0.109358|0.019343,3,3f5f1d06b400,3.11.15,"{""numpy"": ""1.26.4"", ""pandas"": ""3.0.3"", ""scikit-learn"": ""1.9.0"", ""torch"": ""2.12.0""}"
compas,mlp,sex,none,Female,3,priors_count|age|juv_misd_count,0.196059|0.091792|0.015667,3,3f5f1d06b400,3.11.15,"{""numpy"": ""1.26.4"", ""pandas"": ""3.0.3"", ""scikit-learn"": ""1.9.0"", ""torch"": ""2.12.0""}"
compas,mlp,sex,prune:0.3,Male,3,priors_count|age|juv_other_count,0.176802|0.097089|0.017975,3,f36cd5831e4b,3.11.15,"{""numpy"": ""1.26.4"", ""pandas"": ""3.0.3"", ""scikit-learn"": ""1.9.0"", ""torch"": ""2.12.0""}"
compas,mlp,sex,prune:0.3,Female,3,priors_count|age|juv_misd_count,0.188033|0.082619|0.013866,3,f36cd5831e4b,3.11.15,"{""numpy"": ""1.26.4"", ""pandas"": ""3.0.3"", ""scikit-learn"": ""1.9.0"", ""torch"": ""2.12.0""}"
compas,mlp,sex,prune:0.5,Male,3,priors_count|age|juv_other_count,0.132209|0.064208|0.018741,3,fe7da76ace57,3.11.15,"{""numpy"": ""1.26.4"", ""pandas"": ""3.0.3"", ""scikit-learn"": ""1.9.0"", ""torch"": ""2.12.0""}"
compas,mlp,sex,prune:0.5,Female,3,priors_count|age|juv_misd_count,0.141738|0.059059|0.014006,3,fe7da76ace57,3.11.15,"{""numpy"": ""1.26.4"", ""pandas"": ""3.0.3"", ""scikit-learn"": ""1.9.0"", ""torch"": ""2.12.0""}"
compas,mlp,sex,prune:0.7,Male,3,priors_count|age|juv_other_count,0.069160|0.036012|0.008995,3,bd43c720cff1,3.11.15,"{""numpy"": ""1.26.4"", ""pandas"": ""3.0.3"", ""scikit-learn"": ""1.9.0"", ""torch"": ""2.12.0""}"
compas,mlp,sex,prune:0.7,Female,3,priors_count|age|juv_other_count,0.077312|0.035921|0.006949,3,bd43c720cff1,3.11.15,"{""numpy"": ""1.26.4"", ""pandas"": ""3.0.3"", ""scikit-learn"": ""1.9.0"", ""torch"": ""2.12.0""}"
compas,mlp,sex,prune:0.9,Male,3,age|priors_count|juv_misd_count,0.008973|0.003367|0.000849,3,93a223997aa0,3.11.15,"{""numpy"": ""1.26.4"", ""pandas"": ""3.0.3"", ""scikit-learn"": ""1.9.0"", ""torch"": ""2.12.0""}"
compas,mlp,sex,prune:0.9,Female,3,age|priors_count|juv_misd_count,0.007408|0.004551|0.001068,3,93a223997aa0,3.11.15,"{""numpy"": ""1.26.4"", ""pandas"": ""3.0.3"", ""scikit-learn"": ""1.9.0"", ""torch"": ""2.12.0""}"
compas,mlp,race,none,Caucasian,3,priors_count|age|juv_other_count,0.169328|0.098070|0.014694,3,3bcbcbb99cee,3.11.15,"{""numpy"": ""1.26.4"", ""pandas"": ""3.0.3"", ""scikit-learn"": ""1.9.0"", ""torch"": ""2.12.0""}"
compas,mlp,race,none,African-American,3,priors_count|age|juv_other_count,0.189447|0.114596|0.021751,3,3bcbcbb99cee,3.11.15,"{""numpy"": ""1.26.4"", ""pandas"": ""3.0.3"", ""scikit-learn"": ""1.9.0"", ""torch"": ""2.12.0""}"
compas,mlp,race,none,Other,3,priors_count|age|juv_other_count,0.211192|0.087353|0.016790,3,3bcbcbb99cee,3.11.15,"{""numpy"": ""1.26.4"", ""pandas"": ""3.0.3"", ""scikit-learn"": ""1.9.0"", ""torch"": ""2.12.0""}"
compas,mlp,race,none,Hispanic,3,priors_count|age|juv_other_count,0.187421|0.094130|0.016250,3,3bcbcbb99cee,3.11.15,"{""numpy"": ""1.26.4"", ""pandas"": ""3.0.3"", ""scikit-learn"": ""1.9.0"", ""torch"": ""2.12.0""}"
compas,mlp,race,none,Native American,3,priors_count|age|juv_other_count,0.160787|0.117257|0.012022,3,3bcbcbb99cee,3.11.15,"{""numpy"": ""1.26.4"", ""pandas"": ""3.0.3"", ""scikit-learn"": ""1.9.0"", ""torch"": ""2.12.0""}"
compas,mlp,race,none,Asian,3,priors_count|age|juv_other_count,0.212538|0.039921|0.006082,3,3bcbcbb99cee,3.11.15,"{""numpy"": ""1.26.4"", ""pandas"": ""3.0.3"", ""scikit-learn"": ""1.9.0"", ""torch"": ""2.12.0""}"
compas,mlp,race,prune:0.3,Caucasian,3,priors_count|age|juv_other_count,0.166673|0.088146|0.014364,3,3cac8ae2444e,3.11.15,"{""numpy"": ""1.26.4"", ""pandas"": ""3.0.3"", ""scikit-learn"": ""1.9.0"", ""torch"": ""2.12.0""}"
compas,mlp,race,prune:0.3,African-American,3,priors_count|age|juv_other_count,0.184862|0.101217|0.019418,3,3cac8ae2444e,3.11.15,"{""numpy"": ""1.26.4"", ""pandas"": ""3.0.3"", ""scikit-learn"": ""1.9.0"", ""torch"": ""2.12.0""}"
compas,mlp,race,prune:0.3,Other,3,priors_count|age|juv_other_count,0.202286|0.079233|0.015515,3,3cac8ae2444e,3.11.15,"{""numpy"": ""1.26.4"", ""pandas"": ""3.0.3"", ""scikit-learn"": ""1.9.0"", ""torch"": ""2.12.0""}"
compas,mlp,race,prune:0.3,Hispanic,3,priors_count|age|juv_other_count,0.181337|0.083806|0.014323,3,3cac8ae2444e,3.11.15,"{""numpy"": ""1.26.4"", ""pandas"": ""3.0.3"", ""scikit-learn"": ""1.9.0"", ""torch"": ""2.12.0""}"
compas,mlp,race,prune:0.3,Native American,3,priors_count|age|juv_fel_count,0.168562|0.119896|0.023486,3,3cac8ae2444e,3.11.15,"{""numpy"": ""1.26.4"", ""pandas"": ""3.0.3"", ""scikit-learn"": ""1.9.0"", ""torch"": ""2.12.0""}"
compas,mlp,race,prune:0.3,Asian,3,priors_count|age|juv_other_count,0.201939|0.036990|0.004143,3,3cac8ae2444e,3.11.15,"{""numpy"": ""1.26.4"", ""pandas"": ""3.0.3"", ""scikit-learn"": ""1.9.0"", ""torch"": ""2.12.0""}"
compas,mlp,race,prune:0.5,Caucasian,3,priors_count|age|juv_other_count,0.132506|0.063722|0.015965,3,28516efef7c6,3.11.15,"{""numpy"": ""1.26.4"", ""pandas"": ""3.0.3"", ""scikit-learn"": ""1.9.0"", ""torch"": ""2.12.0""}"
compas,mlp,race,prune:0.5,African-American,3,priors_count|age|juv_misd_count,0.132429|0.064677|0.021074,3,28516efef7c6,3.11.15,"{""numpy"": ""1.26.4"", ""pandas"": ""3.0.3"", ""scikit-learn"": ""1.9.0"", ""torch"": ""2.12.0""}"
compas,mlp,race,prune:0.5,Other,3,priors_count|age|juv_misd_count,0.155717|0.054732|0.018351,3,28516efef7c6,3.11.15,"{""numpy"": ""1.26.4"", ""pandas"": ""3.0.3"", ""scikit-learn"": ""1.9.0"", ""torch"": ""2.12.0""}"
compas,mlp,race,prune:0.5,Hispanic,3,priors_count|age|juv_other_count,0.140113|0.056398|0.013395,3,28516efef7c6,3.11.15,"{""numpy"": ""1.26.4"", ""pandas"": ""3.0.3"", ""scikit-learn"": ""1.9.0"", ""torch"": ""2.12.0""}"
compas,mlp,race,prune:0.5,Native American,3,age|priors_count|juv_other_count,0.082737|0.069934|0.006727,3,28516efef7c6,3.11.15,"{""numpy"": ""1.26.4"", ""pandas"": ""3.0.3"", ""scikit-learn"": ""1.9.0"", ""torch"": ""2.12.0""}"
compas,mlp,race,prune:0.5,Asian,3,priors_count|age|juv_fel_count,0.181911|0.029134|0.005776,3,28516efef7c6,3.11.15,"{""numpy"": ""1.26.4"", ""pandas"": ""3.0.3"", ""scikit-learn"": ""1.9.0"", ""torch"": ""2.12.0""}"
compas,mlp,race,prune:0.7,Caucasian,3,priors_count|age|juv_other_count,0.071348|0.035547|0.006712,3,2cf7f5871039,3.11.15,"{""numpy"": ""1.26.4"", ""pandas"": ""3.0.3"", ""scikit-learn"": ""1.9.0"", ""torch"": ""2.12.0""}"
compas,mlp,race,prune:0.7,African-American,3,priors_count|age|juv_other_count,0.068548|0.036858|0.010060,3,2cf7f5871039,3.11.15,"{""numpy"": ""1.26.4"", ""pandas"": ""3.0.3"", ""scikit-learn"": ""1.9.0"", ""torch"": ""2.12.0""}"
compas,mlp,race,prune:0.7,Other,3,priors_count|age|juv_other_count,0.084357|0.035819|0.011123,3,2cf7f5871039,3.11.15,"{""numpy"": ""1.26.4"", ""pandas"": ""3.0.3"", ""scikit-learn"": ""1.9.0"", ""torch"": ""2.12.0""}"
compas,mlp,race,prune:0.7,Hispanic,3,priors_count|age|juv_other_count,0.075729|0.033757|0.005895,3,2cf7f5871039,3.11.15,"{""numpy"": ""1.26.4"", ""pandas"": ""3.0.3"", ""scikit-learn"": ""1.9.0"", ""torch"": ""2.12.0""}"
compas,mlp,race,prune:0.7,Native American,3,priors_count|juv_fel_count|age,0.042680|0.042628|0.018702,3,2cf7f5871039,3.11.15,"{""numpy"": ""1.26.4"", ""pandas"": ""3.0.3"", ""scikit-learn"": ""1.9.0"", ""torch"": ""2.12.0""}"
compas,mlp,race,prune:0.7,Asian,3,priors_count|age|juv_other_count,0.093067|0.014047|0.002624,3,2cf7f5871039,3.11.15,"{""numpy"": ""1.26.4"", ""pandas"": ""3.0.3"", ""scikit-learn"": ""1.9.0"", ""torch"": ""2.12.0""}"
compas,mlp,race,prune:0.9,Caucasian,3,age|priors_count|juv_misd_count,0.006928|0.003198|0.000787,3,d0921f8f9506,3.11.15,"{""numpy"": ""1.26.4"", ""pandas"": ""3.0.3"", ""scikit-learn"": ""1.9.0"", ""torch"": ""2.12.0""}"
compas,mlp,race,prune:0.9,African-American,3,age|priors_count|juv_misd_count,0.010082|0.003729|0.000942,3,d0921f8f9506,3.11.15,"{""numpy"": ""1.26.4"", ""pandas"": ""3.0.3"", ""scikit-learn"": ""1.9.0"", ""torch"": ""2.12.0""}"
compas,mlp,race,prune:0.9,Other,3,age|priors_count|juv_misd_count,0.007174|0.004962|0.001161,3,d0921f8f9506,3.11.15,"{""numpy"": ""1.26.4"", ""pandas"": ""3.0.3"", ""scikit-learn"": ""1.9.0"", ""torch"": ""2.12.0""}"
compas,mlp,race,prune:0.9,Hispanic,3,age|priors_count|juv_misd_count,0.007846|0.003974|0.000957,3,d0921f8f9506,3.11.15,"{""numpy"": ""1.26.4"", ""pandas"": ""3.0.3"", ""scikit-learn"": ""1.9.0"", ""torch"": ""2.12.0""}"
compas,mlp,race,prune:0.9,Native American,3,age|juv_fel_count|juv_misd_count,0.009206|0.000000|0.000000,3,d0921f8f9506,3.11.15,"{""numpy"": ""1.26.4"", ""pandas"": ""3.0.3"", ""scikit-learn"": ""1.9.0"", ""torch"": ""2.12.0""}"
compas,mlp,race,prune:0.9,Asian,3,priors_count|age|juv_fel_count,0.002732|0.002401|0.000000,3,d0921f8f9506,3.11.15,"{""numpy"": ""1.26.4"", ""pandas"": ""3.0.3"", ""scikit-learn"": ""1.9.0"", ""torch"": ""2.12.0""}"
compas,mlp,sex,none,Male,3,priors_count|age|juv_other_count,0.179643|0.109591|0.031344,4,6e29b603183d,3.11.15,"{""numpy"": ""1.26.4"", ""pandas"": ""3.0.3"", ""scikit-learn"": ""1.9.0"", ""torch"": ""2.12.0""}"
compas,mlp,sex,none,Female,3,priors_count|age|juv_other_count,0.193103|0.100289|0.030429,4,6e29b603183d,3.11.15,"{""numpy"": ""1.26.4"", ""pandas"": ""3.0.3"", ""scikit-learn"": ""1.9.0"", ""torch"": ""2.12.0""}"
compas,mlp,sex,prune:0.3,Male,3,priors_count|age|juv_other_count,0.163426|0.098051|0.025666,4,69bb4a018337,3.11.15,"{""numpy"": ""1.26.4"", ""pandas"": ""3.0.3"", ""scikit-learn"": ""1.9.0"", ""torch"": ""2.12.0""}"
compas,mlp,sex,prune:0.3,Female,3,priors_count|age|juv_other_count,0.177955|0.089190|0.026556,4,69bb4a018337,3.11.15,"{""numpy"": ""1.26.4"", ""pandas"": ""3.0.3"", ""scikit-learn"": ""1.9.0"", ""torch"": ""2.12.0""}"
compas,mlp,sex,prune:0.5,Male,3,priors_count|age|juv_other_count,0.129499|0.087956|0.028786,4,e20cc7a99500,3.11.15,"{""numpy"": ""1.26.4"", ""pandas"": ""3.0.3"", ""scikit-learn"": ""1.9.0"", ""torch"": ""2.12.0""}"
compas,mlp,sex,prune:0.5,Female,3,priors_count|age|juv_other_count,0.137454|0.082350|0.027574,4,e20cc7a99500,3.11.15,"{""numpy"": ""1.26.4"", ""pandas"": ""3.0.3"", ""scikit-learn"": ""1.9.0"", ""torch"": ""2.12.0""}"
compas,mlp,sex,prune:0.7,Male,3,age|priors_count|juv_other_count,0.039899|0.037325|0.015260,4,c7717b7ffe18,3.11.15,"{""numpy"": ""1.26.4"", ""pandas"": ""3.0.3"", ""scikit-learn"": ""1.9.0"", ""torch"": ""2.12.0""}"
compas,mlp,sex,prune:0.7,Female,3,priors_count|age|juv_other_count,0.044314|0.036743|0.015419,4,c7717b7ffe18,3.11.15,"{""numpy"": ""1.26.4"", ""pandas"": ""3.0.3"", ""scikit-learn"": ""1.9.0"", ""torch"": ""2.12.0""}"
compas,mlp,sex,prune:0.9,Male,3,priors_count|age|juv_other_count,0.007595|0.005363|0.001541,4,5392b916d63b,3.11.15,"{""numpy"": ""1.26.4"", ""pandas"": ""3.0.3"", ""scikit-learn"": ""1.9.0"", ""torch"": ""2.12.0""}"
compas,mlp,sex,prune:0.9,Female,3,priors_count|age|juv_other_count,0.007851|0.003866|0.000452,4,5392b916d63b,3.11.15,"{""numpy"": ""1.26.4"", ""pandas"": ""3.0.3"", ""scikit-learn"": ""1.9.0"", ""torch"": ""2.12.0""}"
compas,mlp,race,none,African-American,3,priors_count|age|juv_other_count,0.189231|0.122258|0.035919,4,f2fa45b345d5,3.11.15,"{""numpy"": ""1.26.4"", ""pandas"": ""3.0.3"", ""scikit-learn"": ""1.9.0"", ""torch"": ""2.12.0""}"
compas,mlp,race,none,Caucasian,3,priors_count|age|juv_other_count,0.166507|0.098686|0.025681,4,f2fa45b345d5,3.11.15,"{""numpy"": ""1.26.4"", ""pandas"": ""3.0.3"", ""scikit-learn"": ""1.9.0"", ""torch"": ""2.12.0""}"
compas,mlp,race,none,Hispanic,3,priors_count|age|juv_other_count,0.196471|0.082686|0.026658,4,f2fa45b345d5,3.11.15,"{""numpy"": ""1.26.4"", ""pandas"": ""3.0.3"", ""scikit-learn"": ""1.9.0"", ""torch"": ""2.12.0""}"
compas,mlp,race,none,Other,3,priors_count|age|juv_other_count,0.186482|0.067072|0.026616,4,f2fa45b345d5,3.11.15,"{""numpy"": ""1.26.4"", ""pandas"": ""3.0.3"", ""scikit-learn"": ""1.9.0"", ""torch"": ""2.12.0""}"
compas,mlp,race,none,Asian,3,priors_count|age|juv_other_count,0.190262|0.149984|0.041100,4,f2fa45b345d5,3.11.15,"{""numpy"": ""1.26.4"", ""pandas"": ""3.0.3"", ""scikit-learn"": ""1.9.0"", ""torch"": ""2.12.0""}"
compas,mlp,race,none,Native American,3,priors_count|age|juv_other_count,0.139469|0.078608|0.018279,4,f2fa45b345d5,3.11.15,"{""numpy"": ""1.26.4"", ""pandas"": ""3.0.3"", ""scikit-learn"": ""1.9.0"", ""torch"": ""2.12.0""}"
compas,mlp,race,prune:0.3,African-American,3,priors_count|age|juv_other_count,0.170271|0.108096|0.029045,4,f0d3c61321f7,3.11.15,"{""numpy"": ""1.26.4"", ""pandas"": ""3.0.3"", ""scikit-learn"": ""1.9.0"", ""torch"": ""2.12.0""}"
compas,mlp,race,prune:0.3,Caucasian,3,priors_count|age|juv_other_count,0.154146|0.089052|0.022089,4,f0d3c61321f7,3.11.15,"{""numpy"": ""1.26.4"", ""pandas"": ""3.0.3"", ""scikit-learn"": ""1.9.0"", ""torch"": ""2.12.0""}"
compas,mlp,race,prune:0.3,Hispanic,3,priors_count|age|juv_other_count,0.181210|0.076403|0.023643,4,f0d3c61321f7,3.11.15,"{""numpy"": ""1.26.4"", ""pandas"": ""3.0.3"", ""scikit-learn"": ""1.9.0"", ""torch"": ""2.12.0""}"
compas,mlp,race,prune:0.3,Other,3,priors_count|age|juv_other_count,0.173519|0.061882|0.020376,4,f0d3c61321f7,3.11.15,"{""numpy"": ""1.26.4"", ""pandas"": ""3.0.3"", ""scikit-learn"": ""1.9.0"", ""torch"": ""2.12.0""}"
compas,mlp,race,prune:0.3,Asian,3,priors_count|age|juv_other_count,0.181213|0.136305|0.042888,4,f0d3c61321f7,3.11.15,"{""numpy"": ""1.26.4"", ""pandas"": ""3.0.3"", ""scikit-learn"": ""1.9.0"", ""torch"": ""2.12.0""}"
compas,mlp,race,prune:0.3,Native American,3,priors_count|age|juv_other_count,0.133962|0.065886|0.019381,4,f0d3c61321f7,3.11.15,"{""numpy"": ""1.26.4"", ""pandas"": ""3.0.3"", ""scikit-learn"": ""1.9.0"", ""torch"": ""2.12.0""}"
compas,mlp,race,prune:0.5,African-American,3,priors_count|age|juv_other_count,0.134897|0.095210|0.031684,4,928993d4f588,3.11.15,"{""numpy"": ""1.26.4"", ""pandas"": ""3.0.3"", ""scikit-learn"": ""1.9.0"", ""torch"": ""2.12.0""}"
compas,mlp,race,prune:0.5,Caucasian,3,priors_count|age|juv_other_count,0.122143|0.081506|0.025779,4,928993d4f588,3.11.15,"{""numpy"": ""1.26.4"", ""pandas"": ""3.0.3"", ""scikit-learn"": ""1.9.0"", ""torch"": ""2.12.0""}"
compas,mlp,race,prune:0.5,Hispanic,3,priors_count|age|juv_other_count,0.139891|0.075038|0.025089,4,928993d4f588,3.11.15,"{""numpy"": ""1.26.4"", ""pandas"": ""3.0.3"", ""scikit-learn"": ""1.9.0"", ""torch"": ""2.12.0""}"
compas,mlp,race,prune:0.5,Other,3,priors_count|age|juv_other_count,0.132683|0.058839|0.020204,4,928993d4f588,3.11.15,"{""numpy"": ""1.26.4"", ""pandas"": ""3.0.3"", ""scikit-learn"": ""1.9.0"", ""torch"": ""2.12.0""}"
compas,mlp,race,prune:0.5,Asian,3,priors_count|age|juv_other_count,0.136732|0.129353|0.053022,4,928993d4f588,3.11.15,"{""numpy"": ""1.26.4"", ""pandas"": ""3.0.3"", ""scikit-learn"": ""1.9.0"", ""torch"": ""2.12.0""}"
compas,mlp,race,prune:0.5,Native American,3,priors_count|age|juv_other_count,0.113394|0.062326|0.008129,4,928993d4f588,3.11.15,"{""numpy"": ""1.26.4"", ""pandas"": ""3.0.3"", ""scikit-learn"": ""1.9.0"", ""torch"": ""2.12.0""}"
compas,mlp,race,prune:0.7,African-American,3,age|priors_count|juv_other_count,0.046599|0.036727|0.016997,4,04cabd4e4f05,3.11.15,"{""numpy"": ""1.26.4"", ""pandas"": ""3.0.3"", ""scikit-learn"": ""1.9.0"", ""torch"": ""2.12.0""}"
compas,mlp,race,prune:0.7,Caucasian,3,priors_count|age|juv_other_count,0.038051|0.032028|0.013381,4,04cabd4e4f05,3.11.15,"{""numpy"": ""1.26.4"", ""pandas"": ""3.0.3"", ""scikit-learn"": ""1.9.0"", ""torch"": ""2.12.0""}"
compas,mlp,race,prune:0.7,Hispanic,3,priors_count|age|juv_other_count,0.046268|0.033637|0.014170,4,04cabd4e4f05,3.11.15,"{""numpy"": ""1.26.4"", ""pandas"": ""3.0.3"", ""scikit-learn"": ""1.9.0"", ""torch"": ""2.12.0""}"
compas,mlp,race,prune:0.7,Other,3,priors_count|age|juv_other_count,0.045266|0.024188|0.012280,4,04cabd4e4f05,3.11.15,"{""numpy"": ""1.26.4"", ""pandas"": ""3.0.3"", ""scikit-learn"": ""1.9.0"", ""torch"": ""2.12.0""}"
compas,mlp,race,prune:0.7,Asian,3,priors_count|age|juv_other_count,0.053795|0.050599|0.020150,4,04cabd4e4f05,3.11.15,"{""numpy"": ""1.26.4"", ""pandas"": ""3.0.3"", ""scikit-learn"": ""1.9.0"", ""torch"": ""2.12.0""}"
compas,mlp,race,prune:0.7,Native American,3,priors_count|age|juv_other_count,0.042144|0.030226|0.012449,4,04cabd4e4f05,3.11.15,"{""numpy"": ""1.26.4"", ""pandas"": ""3.0.3"", ""scikit-learn"": ""1.9.0"", ""torch"": ""2.12.0""}"
compas,mlp,race,prune:0.9,African-American,3,priors_count|age|juv_other_count,0.008337|0.004924|0.001917,4,ad1358199a2a,3.11.15,"{""numpy"": ""1.26.4"", ""pandas"": ""3.0.3"", ""scikit-learn"": ""1.9.0"", ""torch"": ""2.12.0""}"
compas,mlp,race,prune:0.9,Caucasian,3,priors_count|age|juv_other_count,0.007157|0.005743|0.000830,4,ad1358199a2a,3.11.15,"{""numpy"": ""1.26.4"", ""pandas"": ""3.0.3"", ""scikit-learn"": ""1.9.0"", ""torch"": ""2.12.0""}"
compas,mlp,race,prune:0.9,Hispanic,3,priors_count|age|juv_other_count,0.006672|0.004076|0.000594,4,ad1358199a2a,3.11.15,"{""numpy"": ""1.26.4"", ""pandas"": ""3.0.3"", ""scikit-learn"": ""1.9.0"", ""torch"": ""2.12.0""}"
compas,mlp,race,prune:0.9,Other,3,priors_count|age|juv_other_count,0.006181|0.004476|0.000429,4,ad1358199a2a,3.11.15,"{""numpy"": ""1.26.4"", ""pandas"": ""3.0.3"", ""scikit-learn"": ""1.9.0"", ""torch"": ""2.12.0""}"
compas,mlp,race,prune:0.9,Asian,3,age|priors_count|juv_other_count,0.005548|0.003243|0.000830,4,ad1358199a2a,3.11.15,"{""numpy"": ""1.26.4"", ""pandas"": ""3.0.3"", ""scikit-learn"": ""1.9.0"", ""torch"": ""2.12.0""}"
compas,mlp,race,prune:0.9,Native American,3,age|juv_fel_count|juv_misd_count,0.000000|0.000000|0.000000,4,ad1358199a2a,3.11.15,"{""numpy"": ""1.26.4"", ""pandas"": ""3.0.3"", ""scikit-learn"": ""1.9.0"", ""torch"": ""2.12.0""}"
compas,mlp,sex,none,Male,3,priors_count|age|juv_other_count,0.172600|0.101825|0.026929,5,74f1e96c6262,3.11.15,"{""numpy"": ""1.26.4"", ""pandas"": ""3.0.3"", ""scikit-learn"": ""1.9.0"", ""torch"": ""2.12.0""}"
compas,mlp,sex,none,Female,3,priors_count|age|juv_other_count,0.187131|0.091682|0.026616,5,74f1e96c6262,3.11.15,"{""numpy"": ""1.26.4"", ""pandas"": ""3.0.3"", ""scikit-learn"": ""1.9.0"", ""torch"": ""2.12.0""}"
compas,mlp,sex,prune:0.3,Male,3,priors_count|age|juv_other_count,0.149226|0.091619|0.025906,5,59a8ba1f381f,3.11.15,"{""numpy"": ""1.26.4"", ""pandas"": ""3.0.3"", ""scikit-learn"": ""1.9.0"", ""torch"": ""2.12.0""}"
compas,mlp,sex,prune:0.3,Female,3,priors_count|age|juv_other_count,0.157478|0.082827|0.023318,5,59a8ba1f381f,3.11.15,"{""numpy"": ""1.26.4"", ""pandas"": ""3.0.3"", ""scikit-learn"": ""1.9.0"", ""torch"": ""2.12.0""}"
compas,mlp,sex,prune:0.5,Male,3,priors_count|age|juv_other_count,0.124309|0.059943|0.035025,5,2a822caa9d13,3.11.15,"{""numpy"": ""1.26.4"", ""pandas"": ""3.0.3"", ""scikit-learn"": ""1.9.0"", ""torch"": ""2.12.0""}"
compas,mlp,sex,prune:0.5,Female,3,priors_count|age|juv_other_count,0.136784|0.045117|0.029067,5,2a822caa9d13,3.11.15,"{""numpy"": ""1.26.4"", ""pandas"": ""3.0.3"", ""scikit-learn"": ""1.9.0"", ""torch"": ""2.12.0""}"
compas,mlp,sex,prune:0.7,Male,3,age|priors_count|juv_other_count,0.036128|0.026114|0.010751,5,baaf6b8167b0,3.11.15,"{""numpy"": ""1.26.4"", ""pandas"": ""3.0.3"", ""scikit-learn"": ""1.9.0"", ""torch"": ""2.12.0""}"
compas,mlp,sex,prune:0.7,Female,3,age|priors_count|juv_other_count,0.031993|0.031309|0.007789,5,baaf6b8167b0,3.11.15,"{""numpy"": ""1.26.4"", ""pandas"": ""3.0.3"", ""scikit-learn"": ""1.9.0"", ""torch"": ""2.12.0""}"
compas,mlp,sex,prune:0.9,Male,3,age|juv_other_count|juv_fel_count,0.017032|0.002660|0.000000,5,63b41fb92a11,3.11.15,"{""numpy"": ""1.26.4"", ""pandas"": ""3.0.3"", ""scikit-learn"": ""1.9.0"", ""torch"": ""2.12.0""}"
compas,mlp,sex,prune:0.9,Female,3,age|juv_other_count|juv_fel_count,0.017497|0.002815|0.000000,5,63b41fb92a11,3.11.15,"{""numpy"": ""1.26.4"", ""pandas"": ""3.0.3"", ""scikit-learn"": ""1.9.0"", ""torch"": ""2.12.0""}"
compas,mlp,race,none,Other,3,priors_count|age|juv_other_count,0.190935|0.075738|0.021320,5,d88497878408,3.11.15,"{""numpy"": ""1.26.4"", ""pandas"": ""3.0.3"", ""scikit-learn"": ""1.9.0"", ""torch"": ""2.12.0""}"
compas,mlp,race,none,African-American,3,priors_count|age|juv_other_count,0.179911|0.111844|0.031205,5,d88497878408,3.11.15,"{""numpy"": ""1.26.4"", ""pandas"": ""3.0.3"", ""scikit-learn"": ""1.9.0"", ""torch"": ""2.12.0""}"
compas,mlp,race,none,Caucasian,3,priors_count|age|juv_other_count,0.165023|0.087815|0.021854,5,d88497878408,3.11.15,"{""numpy"": ""1.26.4"", ""pandas"": ""3.0.3"", ""scikit-learn"": ""1.9.0"", ""torch"": ""2.12.0""}"
compas,mlp,race,none,Hispanic,3,priors_count|age|juv_other_count,0.176764|0.090904|0.023895,5,d88497878408,3.11.15,"{""numpy"": ""1.26.4"", ""pandas"": ""3.0.3"", ""scikit-learn"": ""1.9.0"", ""torch"": ""2.12.0""}"
compas,mlp,race,none,Asian,3,priors_count|age|juv_other_count,0.201837|0.089710|0.027197,5,d88497878408,3.11.15,"{""numpy"": ""1.26.4"", ""pandas"": ""3.0.3"", ""scikit-learn"": ""1.9.0"", ""torch"": ""2.12.0""}"
compas,mlp,race,none,Native American,3,age|priors_count|juv_other_count,0.182274|0.149889|0.041451,5,d88497878408,3.11.15,"{""numpy"": ""1.26.4"", ""pandas"": ""3.0.3"", ""scikit-learn"": ""1.9.0"", ""torch"": ""2.12.0""}"
compas,mlp,race,prune:0.3,Other,3,priors_count|age|juv_other_count,0.160069|0.067647|0.017403,5,d5305e45b662,3.11.15,"{""numpy"": ""1.26.4"", ""pandas"": ""3.0.3"", ""scikit-learn"": ""1.9.0"", ""torch"": ""2.12.0""}"
compas,mlp,race,prune:0.3,African-American,3,priors_count|age|juv_other_count,0.157088|0.101294|0.029151,5,d5305e45b662,3.11.15,"{""numpy"": ""1.26.4"", ""pandas"": ""3.0.3"", ""scikit-learn"": ""1.9.0"", ""torch"": ""2.12.0""}"
compas,mlp,race,prune:0.3,Caucasian,3,priors_count|age|juv_other_count,0.139471|0.078610|0.022052,5,d5305e45b662,3.11.15,"{""numpy"": ""1.26.4"", ""pandas"": ""3.0.3"", ""scikit-learn"": ""1.9.0"", ""torch"": ""2.12.0""}"
compas,mlp,race,prune:0.3,Hispanic,3,priors_count|age|juv_other_count,0.150070|0.080626|0.021721,5,d5305e45b662,3.11.15,"{""numpy"": ""1.26.4"", ""pandas"": ""3.0.3"", ""scikit-learn"": ""1.9.0"", ""torch"": ""2.12.0""}"
compas,mlp,race,prune:0.3,Asian,3,priors_count|age|juv_other_count,0.168421|0.081891|0.024212,5,d5305e45b662,3.11.15,"{""numpy"": ""1.26.4"", ""pandas"": ""3.0.3"", ""scikit-learn"": ""1.9.0"", ""torch"": ""2.12.0""}"
compas,mlp,race,prune:0.3,Native American,3,age|priors_count|juv_other_count,0.149351|0.144158|0.020175,5,d5305e45b662,3.11.15,"{""numpy"": ""1.26.4"", ""pandas"": ""3.0.3"", ""scikit-learn"": ""1.9.0"", ""torch"": ""2.12.0""}"
compas,mlp,race,prune:0.5,Other,3,priors_count|age|juv_other_count,0.137680|0.035492|0.023002,5,631f66c8f06a,3.11.15,"{""numpy"": ""1.26.4"", ""pandas"": ""3.0.3"", ""scikit-learn"": ""1.9.0"", ""torch"": ""2.12.0""}"
compas,mlp,race,prune:0.5,African-American,3,priors_count|age|juv_other_count,0.131231|0.065923|0.036951,5,631f66c8f06a,3.11.15,"{""numpy"": ""1.26.4"", ""pandas"": ""3.0.3"", ""scikit-learn"": ""1.9.0"", ""torch"": ""2.12.0""}"
compas,mlp,race,prune:0.5,Caucasian,3,priors_count|age|juv_other_count,0.116666|0.048783|0.031473,5,631f66c8f06a,3.11.15,"{""numpy"": ""1.26.4"", ""pandas"": ""3.0.3"", ""scikit-learn"": ""1.9.0"", ""torch"": ""2.12.0""}"
compas,mlp,race,prune:0.5,Hispanic,3,priors_count|age|juv_other_count,0.130027|0.050484|0.031882,5,631f66c8f06a,3.11.15,"{""numpy"": ""1.26.4"", ""pandas"": ""3.0.3"", ""scikit-learn"": ""1.9.0"", ""torch"": ""2.12.0""}"
compas,mlp,race,prune:0.5,Asian,3,priors_count|age|juv_other_count,0.148746|0.045656|0.025209,5,631f66c8f06a,3.11.15,"{""numpy"": ""1.26.4"", ""pandas"": ""3.0.3"", ""scikit-learn"": ""1.9.0"", ""torch"": ""2.12.0""}"
compas,mlp,race,prune:0.5,Native American,3,age|priors_count|juv_other_count,0.157953|0.124436|0.092710,5,631f66c8f06a,3.11.15,"{""numpy"": ""1.26.4"", ""pandas"": ""3.0.3"", ""scikit-learn"": ""1.9.0"", ""torch"": ""2.12.0""}"
compas,mlp,race,prune:0.7,Other,3,priors_count|age|juv_other_count,0.032452|0.026014|0.006676,5,fd572085c8a3,3.11.15,"{""numpy"": ""1.26.4"", ""pandas"": ""3.0.3"", ""scikit-learn"": ""1.9.0"", ""torch"": ""2.12.0""}"
compas,mlp,race,prune:0.7,African-American,3,age|priors_count|juv_other_count,0.039785|0.026950|0.011691,5,fd572085c8a3,3.11.15,"{""numpy"": ""1.26.4"", ""pandas"": ""3.0.3"", ""scikit-learn"": ""1.9.0"", ""torch"": ""2.12.0""}"
compas,mlp,race,prune:0.7,Caucasian,3,age|priors_count|juv_other_count,0.031054|0.026046|0.009223,5,fd572085c8a3,3.11.15,"{""numpy"": ""1.26.4"", ""pandas"": ""3.0.3"", ""scikit-learn"": ""1.9.0"", ""torch"": ""2.12.0""}"
compas,mlp,race,prune:0.7,Hispanic,3,age|priors_count|juv_other_count,0.031129|0.028556|0.007257,5,fd572085c8a3,3.11.15,"{""numpy"": ""1.26.4"", ""pandas"": ""3.0.3"", ""scikit-learn"": ""1.9.0"", ""torch"": ""2.12.0""}"
compas,mlp,race,prune:0.7,Asian,3,age|priors_count|juv_other_count,0.034744|0.029612|0.007302,5,fd572085c8a3,3.11.15,"{""numpy"": ""1.26.4"", ""pandas"": ""3.0.3"", ""scikit-learn"": ""1.9.0"", ""torch"": ""2.12.0""}"
compas,mlp,race,prune:0.7,Native American,3,age|priors_count|juv_other_count,0.065221|0.018012|0.014482,5,fd572085c8a3,3.11.15,"{""numpy"": ""1.26.4"", ""pandas"": ""3.0.3"", ""scikit-learn"": ""1.9.0"", ""torch"": ""2.12.0""}"
compas,mlp,race,prune:0.9,Other,3,age|juv_other_count|juv_fel_count,0.013707|0.002874|0.000000,5,e7a80868c56b,3.11.15,"{""numpy"": ""1.26.4"", ""pandas"": ""3.0.3"", ""scikit-learn"": ""1.9.0"", ""torch"": ""2.12.0""}"
compas,mlp,race,prune:0.9,African-American,3,age|juv_other_count|juv_fel_count,0.019344|0.002642|0.000000,5,e7a80868c56b,3.11.15,"{""numpy"": ""1.26.4"", ""pandas"": ""3.0.3"", ""scikit-learn"": ""1.9.0"", ""torch"": ""2.12.0""}"
compas,mlp,race,prune:0.9,Caucasian,3,age|juv_other_count|juv_fel_count,0.014472|0.002718|0.000000,5,e7a80868c56b,3.11.15,"{""numpy"": ""1.26.4"", ""pandas"": ""3.0.3"", ""scikit-learn"": ""1.9.0"", ""torch"": ""2.12.0""}"
compas,mlp,race,prune:0.9,Hispanic,3,age|juv_other_count|juv_fel_count,0.016101|0.002732|0.000000,5,e7a80868c56b,3.11.15,"{""numpy"": ""1.26.4"", ""pandas"": ""3.0.3"", ""scikit-learn"": ""1.9.0"", ""torch"": ""2.12.0""}"
compas,mlp,race,prune:0.9,Asian,3,age|juv_other_count|juv_fel_count,0.019663|0.002906|0.000000,5,e7a80868c56b,3.11.15,"{""numpy"": ""1.26.4"", ""pandas"": ""3.0.3"", ""scikit-learn"": ""1.9.0"", ""torch"": ""2.12.0""}"
compas,mlp,race,prune:0.9,Native American,3,age|juv_other_count|juv_fel_count,0.028369|0.001938|0.000000,5,e7a80868c56b,3.11.15,"{""numpy"": ""1.26.4"", ""pandas"": ""3.0.3"", ""scikit-learn"": ""1.9.0"", ""torch"": ""2.12.0""}"
compas,mlp,sex,none,Female,3,priors_count|age|juv_other_count,0.197561|0.088365|0.025159,6,7df908944fbe,3.11.15,"{""numpy"": ""1.26.4"", ""pandas"": ""3.0.3"", ""scikit-learn"": ""1.9.0"", ""torch"": ""2.12.0""}"
compas,mlp,sex,none,Male,3,priors_count|age|juv_other_count,0.188141|0.110458|0.026025,6,7df908944fbe,3.11.15,"{""numpy"": ""1.26.4"", ""pandas"": ""3.0.3"", ""scikit-learn"": ""1.9.0"", ""torch"": ""2.12.0""}"
compas,mlp,sex,prune:0.3,Female,3,priors_count|age|juv_other_count,0.168917|0.080477|0.026943,6,c7f37739b191,3.11.15,"{""numpy"": ""1.26.4"", ""pandas"": ""3.0.3"", ""scikit-learn"": ""1.9.0"", ""torch"": ""2.12.0""}"
compas,mlp,sex,prune:0.3,Male,3,priors_count|age|juv_other_count,0.159745|0.095488|0.026380,6,c7f37739b191,3.11.15,"{""numpy"": ""1.26.4"", ""pandas"": ""3.0.3"", ""scikit-learn"": ""1.9.0"", ""torch"": ""2.12.0""}"
compas,mlp,sex,prune:0.5,Female,3,priors_count|age|juv_other_count,0.143575|0.056925|0.027192,6,49c35856baac,3.11.15,"{""numpy"": ""1.26.4"", ""pandas"": ""3.0.3"", ""scikit-learn"": ""1.9.0"", ""torch"": ""2.12.0""}"
compas,mlp,sex,prune:0.5,Male,3,priors_count|age|juv_other_count,0.138602|0.064230|0.028701,6,49c35856baac,3.11.15,"{""numpy"": ""1.26.4"", ""pandas"": ""3.0.3"", ""scikit-learn"": ""1.9.0"", ""torch"": ""2.12.0""}"
compas,mlp,sex,prune:0.7,Female,3,priors_count|age|juv_other_count,0.061757|0.048200|0.014561,6,a90e9a9e961d,3.11.15,"{""numpy"": ""1.26.4"", ""pandas"": ""3.0.3"", ""scikit-learn"": ""1.9.0"", ""torch"": ""2.12.0""}"
compas,mlp,sex,prune:0.7,Male,3,priors_count|age|juv_other_count,0.062130|0.052496|0.014314,6,a90e9a9e961d,3.11.15,"{""numpy"": ""1.26.4"", ""pandas"": ""3.0.3"", ""scikit-learn"": ""1.9.0"", ""torch"": ""2.12.0""}"
compas,mlp,sex,prune:0.9,Female,3,age|juv_misd_count|priors_count,0.016363|0.000650|0.000350,6,42fa32c2822d,3.11.15,"{""numpy"": ""1.26.4"", ""pandas"": ""3.0.3"", ""scikit-learn"": ""1.9.0"", ""torch"": ""2.12.0""}"
compas,mlp,sex,prune:0.9,Male,3,age|juv_misd_count|priors_count,0.018554|0.001456|0.000818,6,42fa32c2822d,3.11.15,"{""numpy"": ""1.26.4"", ""pandas"": ""3.0.3"", ""scikit-learn"": ""1.9.0"", ""torch"": ""2.12.0""}"
compas,mlp,race,none,African-American,3,priors_count|age|juv_other_count,0.198548|0.117938|0.027600,6,5bfca8715ec2,3.11.15,"{""numpy"": ""1.26.4"", ""pandas"": ""3.0.3"", ""scikit-learn"": ""1.9.0"", ""torch"": ""2.12.0""}"
compas,mlp,race,none,Other,3,priors_count|age|juv_other_count,0.206838|0.093541|0.025335,6,5bfca8715ec2,3.11.15,"{""numpy"": ""1.26.4"", ""pandas"": ""3.0.3"", ""scikit-learn"": ""1.9.0"", ""torch"": ""2.12.0""}"
compas,mlp,race,none,Caucasian,3,priors_count|age|juv_other_count,0.170358|0.091448|0.023478,6,5bfca8715ec2,3.11.15,"{""numpy"": ""1.26.4"", ""pandas"": ""3.0.3"", ""scikit-learn"": ""1.9.0"", ""torch"": ""2.12.0""}"
compas,mlp,race,none,Hispanic,3,priors_count|age|juv_other_count,0.205577|0.106305|0.025121,6,5bfca8715ec2,3.11.15,"{""numpy"": ""1.26.4"", ""pandas"": ""3.0.3"", ""scikit-learn"": ""1.9.0"", ""torch"": ""2.12.0""}"
compas,mlp,race,none,Asian,3,priors_count|age|juv_other_count,0.222231|0.066956|0.031797,6,5bfca8715ec2,3.11.15,"{""numpy"": ""1.26.4"", ""pandas"": ""3.0.3"", ""scikit-learn"": ""1.9.0"", ""torch"": ""2.12.0""}"
compas,mlp,race,none,Native American,3,priors_count|juv_other_count|age,0.233868|0.026002|0.016742,6,5bfca8715ec2,3.11.15,"{""numpy"": ""1.26.4"", ""pandas"": ""3.0.3"", ""scikit-learn"": ""1.9.0"", ""torch"": ""2.12.0""}"
compas,mlp,race,prune:0.3,African-American,3,priors_count|age|juv_other_count,0.164532|0.099750|0.027199,6,308ddafca0ce,3.11.15,"{""numpy"": ""1.26.4"", ""pandas"": ""3.0.3"", ""scikit-learn"": ""1.9.0"", ""torch"": ""2.12.0""}"
compas,mlp,race,prune:0.3,Other,3,priors_count|age|juv_other_count,0.178356|0.088323|0.027501,6,308ddafca0ce,3.11.15,"{""numpy"": ""1.26.4"", ""pandas"": ""3.0.3"", ""scikit-learn"": ""1.9.0"", ""torch"": ""2.12.0""}"
compas,mlp,race,prune:0.3,Caucasian,3,priors_count|age|juv_other_count,0.150450|0.083423|0.025431,6,308ddafca0ce,3.11.15,"{""numpy"": ""1.26.4"", ""pandas"": ""3.0.3"", ""scikit-learn"": ""1.9.0"", ""torch"": ""2.12.0""}"
compas,mlp,race,prune:0.3,Hispanic,3,priors_count|age|juv_other_count,0.174908|0.091715|0.025620,6,308ddafca0ce,3.11.15,"{""numpy"": ""1.26.4"", ""pandas"": ""3.0.3"", ""scikit-learn"": ""1.9.0"", ""torch"": ""2.12.0""}"
compas,mlp,race,prune:0.3,Asian,3,priors_count|age|juv_other_count,0.203588|0.067026|0.032773,6,308ddafca0ce,3.11.15,"{""numpy"": ""1.26.4"", ""pandas"": ""3.0.3"", ""scikit-learn"": ""1.9.0"", ""torch"": ""2.12.0""}"
compas,mlp,race,prune:0.3,Native American,3,priors_count|juv_other_count|age,0.220088|0.030460|0.016958,6,308ddafca0ce,3.11.15,"{""numpy"": ""1.26.4"", ""pandas"": ""3.0.3"", ""scikit-learn"": ""1.9.0"", ""torch"": ""2.12.0""}"
compas,mlp,race,prune:0.5,African-American,3,priors_count|age|juv_other_count,0.140692|0.064187|0.027667,6,fc33e819736f,3.11.15,"{""numpy"": ""1.26.4"", ""pandas"": ""3.0.3"", ""scikit-learn"": ""1.9.0"", ""torch"": ""2.12.0""}"
compas,mlp,race,prune:0.5,Other,3,priors_count|age|juv_other_count,0.151075|0.068518|0.029506,6,fc33e819736f,3.11.15,"{""numpy"": ""1.26.4"", ""pandas"": ""3.0.3"", ""scikit-learn"": ""1.9.0"", ""torch"": ""2.12.0""}"
compas,mlp,race,prune:0.5,Caucasian,3,priors_count|age|juv_other_count,0.134268|0.057833|0.028277,6,fc33e819736f,3.11.15,"{""numpy"": ""1.26.4"", ""pandas"": ""3.0.3"", ""scikit-learn"": ""1.9.0"", ""torch"": ""2.12.0""}"
compas,mlp,race,prune:0.5,Hispanic,3,priors_count|age|juv_other_count,0.145213|0.071002|0.031759,6,fc33e819736f,3.11.15,"{""numpy"": ""1.26.4"", ""pandas"": ""3.0.3"", ""scikit-learn"": ""1.9.0"", ""torch"": ""2.12.0""}"
compas,mlp,race,prune:0.5,Asian,3,priors_count|age|juv_other_count,0.169429|0.066572|0.039469,6,fc33e819736f,3.11.15,"{""numpy"": ""1.26.4"", ""pandas"": ""3.0.3"", ""scikit-learn"": ""1.9.0"", ""torch"": ""2.12.0""}"
compas,mlp,race,prune:0.5,Native American,3,priors_count|juv_other_count|age,0.175707|0.015825|0.010261,6,fc33e819736f,3.11.15,"{""numpy"": ""1.26.4"", ""pandas"": ""3.0.3"", ""scikit-learn"": ""1.9.0"", ""torch"": ""2.12.0""}"
compas,mlp,race,prune:0.7,African-American,3,priors_count|age|juv_other_count,0.066153|0.050055|0.014667,6,cef3f999603b,3.11.15,"{""numpy"": ""1.26.4"", ""pandas"": ""3.0.3"", ""scikit-learn"": ""1.9.0"", ""torch"": ""2.12.0""}"
compas,mlp,race,prune:0.7,Other,3,priors_count|age|juv_other_count,0.063529|0.053737|0.014308,6,cef3f999603b,3.11.15,"{""numpy"": ""1.26.4"", ""pandas"": ""3.0.3"", ""scikit-learn"": ""1.9.0"", ""torch"": ""2.12.0""}"
compas,mlp,race,prune:0.7,Caucasian,3,priors_count|age|juv_other_count,0.055546|0.052945|0.013521,6,cef3f999603b,3.11.15,"{""numpy"": ""1.26.4"", ""pandas"": ""3.0.3"", ""scikit-learn"": ""1.9.0"", ""torch"": ""2.12.0""}"
compas,mlp,race,prune:0.7,Hispanic,3,priors_count|age|juv_other_count,0.062902|0.054677|0.015727,6,cef3f999603b,3.11.15,"{""numpy"": ""1.26.4"", ""pandas"": ""3.0.3"", ""scikit-learn"": ""1.9.0"", ""torch"": ""2.12.0""}"
compas,mlp,race,prune:0.7,Asian,3,priors_count|age|juv_other_count,0.066445|0.053708|0.016745,6,cef3f999603b,3.11.15,"{""numpy"": ""1.26.4"", ""pandas"": ""3.0.3"", ""scikit-learn"": ""1.9.0"", ""torch"": ""2.12.0""}"
compas,mlp,race,prune:0.7,Native American,3,priors_count|juv_other_count|juv_fel_count,0.076874|0.015863|0.007368,6,cef3f999603b,3.11.15,"{""numpy"": ""1.26.4"", ""pandas"": ""3.0.3"", ""scikit-learn"": ""1.9.0"", ""torch"": ""2.12.0""}"
compas,mlp,race,prune:0.9,African-American,3,age|juv_misd_count|priors_count,0.021134|0.001854|0.001142,6,cb892292689b,3.11.15,"{""numpy"": ""1.26.4"", ""pandas"": ""3.0.3"", ""scikit-learn"": ""1.9.0"", ""torch"": ""2.12.0""}"
compas,mlp,race,prune:0.9,Other,3,age|juv_fel_count|juv_misd_count,0.017481|0.000000|0.000000,6,cb892292689b,3.11.15,"{""numpy"": ""1.26.4"", ""pandas"": ""3.0.3"", ""scikit-learn"": ""1.9.0"", ""torch"": ""2.12.0""}"
compas,mlp,race,prune:0.9,Caucasian,3,age|juv_misd_count|priors_count,0.013265|0.000975|0.000244,6,cb892292689b,3.11.15,"{""numpy"": ""1.26.4"", ""pandas"": ""3.0.3"", ""scikit-learn"": ""1.9.0"", ""torch"": ""2.12.0""}"
compas,mlp,race,prune:0.9,Hispanic,3,age|priors_count|juv_misd_count,0.020723|0.000693|0.000233,6,cb892292689b,3.11.15,"{""numpy"": ""1.26.4"", ""pandas"": ""3.0.3"", ""scikit-learn"": ""1.9.0"", ""torch"": ""2.12.0""}"
compas,mlp,race,prune:0.9,Asian,3,age|juv_fel_count|juv_misd_count,0.012250|0.000000|0.000000,6,cb892292689b,3.11.15,"{""numpy"": ""1.26.4"", ""pandas"": ""3.0.3"", ""scikit-learn"": ""1.9.0"", ""torch"": ""2.12.0""}"
compas,mlp,race,prune:0.9,Native American,3,age|juv_fel_count|juv_misd_count,0.000000|0.000000|0.000000,6,cb892292689b,3.11.15,"{""numpy"": ""1.26.4"", ""pandas"": ""3.0.3"", ""scikit-learn"": ""1.9.0"", ""torch"": ""2.12.0""}"
compas,mlp,sex,none,Male,3,priors_count|age|juv_other_count,0.180696|0.109969|0.027507,7,eb20173b0497,3.11.15,"{""numpy"": ""1.26.4"", ""pandas"": ""3.0.3"", ""scikit-learn"": ""1.9.0"", ""torch"": ""2.12.0""}"
compas,mlp,sex,none,Female,3,priors_count|age|juv_other_count,0.202638|0.080583|0.024702,7,eb20173b0497,3.11.15,"{""numpy"": ""1.26.4"", ""pandas"": ""3.0.3"", ""scikit-learn"": ""1.9.0"", ""torch"": ""2.12.0""}"
compas,mlp,sex,prune:0.3,Male,3,priors_count|age|juv_other_count,0.165914|0.108962|0.028376,7,c9622da3d833,3.11.15,"{""numpy"": ""1.26.4"", ""pandas"": ""3.0.3"", ""scikit-learn"": ""1.9.0"", ""torch"": ""2.12.0""}"
compas,mlp,sex,prune:0.3,Female,3,priors_count|age|juv_other_count,0.184066|0.084023|0.026136,7,c9622da3d833,3.11.15,"{""numpy"": ""1.26.4"", ""pandas"": ""3.0.3"", ""scikit-learn"": ""1.9.0"", ""torch"": ""2.12.0""}"
compas,mlp,sex,prune:0.5,Male,3,priors_count|age|juv_other_count,0.166095|0.093285|0.024227,7,d4cb986cc579,3.11.15,"{""numpy"": ""1.26.4"", ""pandas"": ""3.0.3"", ""scikit-learn"": ""1.9.0"", ""torch"": ""2.12.0""}"
compas,mlp,sex,prune:0.5,Female,3,priors_count|age|juv_other_count,0.179754|0.068476|0.021043,7,d4cb986cc579,3.11.15,"{""numpy"": ""1.26.4"", ""pandas"": ""3.0.3"", ""scikit-learn"": ""1.9.0"", ""torch"": ""2.12.0""}"
compas,mlp,sex,prune:0.7,Male,3,priors_count|age|juv_misd_count,0.060289|0.059040|0.008533,7,023a5aa7a123,3.11.15,"{""numpy"": ""1.26.4"", ""pandas"": ""3.0.3"", ""scikit-learn"": ""1.9.0"", ""torch"": ""2.12.0""}"
compas,mlp,sex,prune:0.7,Female,3,priors_count|age|juv_misd_count,0.058329|0.048356|0.007854,7,023a5aa7a123,3.11.15,"{""numpy"": ""1.26.4"", ""pandas"": ""3.0.3"", ""scikit-learn"": ""1.9.0"", ""torch"": ""2.12.0""}"
compas,mlp,sex,prune:0.9,Male,3,priors_count|age|juv_other_count,0.016212|0.007421|0.000677,7,5751964bf9d4,3.11.15,"{""numpy"": ""1.26.4"", ""pandas"": ""3.0.3"", ""scikit-learn"": ""1.9.0"", ""torch"": ""2.12.0""}"
compas,mlp,sex,prune:0.9,Female,3,priors_count|age|juv_other_count,0.012457|0.003822|0.000247,7,5751964bf9d4,3.11.15,"{""numpy"": ""1.26.4"", ""pandas"": ""3.0.3"", ""scikit-learn"": ""1.9.0"", ""torch"": ""2.12.0""}"
compas,mlp,race,none,African-American,3,priors_count|age|juv_other_count,0.183758|0.114661|0.031078,7,c256efc0b4f8,3.11.15,"{""numpy"": ""1.26.4"", ""pandas"": ""3.0.3"", ""scikit-learn"": ""1.9.0"", ""torch"": ""2.12.0""}"
compas,mlp,race,none,Caucasian,3,priors_count|age|juv_other_count,0.178362|0.094437|0.021724,7,c256efc0b4f8,3.11.15,"{""numpy"": ""1.26.4"", ""pandas"": ""3.0.3"", ""scikit-learn"": ""1.9.0"", ""torch"": ""2.12.0""}"
compas,mlp,race,none,Hispanic,3,priors_count|age|juv_other_count,0.207479|0.087123|0.024563,7,c256efc0b4f8,3.11.15,"{""numpy"": ""1.26.4"", ""pandas"": ""3.0.3"", ""scikit-learn"": ""1.9.0"", ""torch"": ""2.12.0""}"
compas,mlp,race,none,Asian,3,priors_count|age|juv_other_count,0.220839|0.099255|0.022260,7,c256efc0b4f8,3.11.15,"{""numpy"": ""1.26.4"", ""pandas"": ""3.0.3"", ""scikit-learn"": ""1.9.0"", ""torch"": ""2.12.0""}"
compas,mlp,race,none,Other,3,priors_count|age|juv_other_count,0.198654|0.090675|0.024396,7,c256efc0b4f8,3.11.15,"{""numpy"": ""1.26.4"", ""pandas"": ""3.0.3"", ""scikit-learn"": ""1.9.0"", ""torch"": ""2.12.0""}"
compas,mlp,race,none,Native American,3,priors_count|age|juv_fel_count,0.203100|0.115643|0.051352,7,c256efc0b4f8,3.11.15,"{""numpy"": ""1.26.4"", ""pandas"": ""3.0.3"", ""scikit-learn"": ""1.9.0"", ""torch"": ""2.12.0""}"
compas,mlp,race,prune:0.3,African-American,3,priors_count|age|juv_other_count,0.169460|0.114811|0.032445,7,d7c5a20b4405,3.11.15,"{""numpy"": ""1.26.4"", ""pandas"": ""3.0.3"", ""scikit-learn"": ""1.9.0"", ""torch"": ""2.12.0""}"
compas,mlp,race,prune:0.3,Caucasian,3,priors_count|age|juv_other_count,0.161859|0.093787|0.022955,7,d7c5a20b4405,3.11.15,"{""numpy"": ""1.26.4"", ""pandas"": ""3.0.3"", ""scikit-learn"": ""1.9.0"", ""torch"": ""2.12.0""}"
compas,mlp,race,prune:0.3,Hispanic,3,priors_count|age|juv_other_count,0.187778|0.089644|0.023805,7,d7c5a20b4405,3.11.15,"{""numpy"": ""1.26.4"", ""pandas"": ""3.0.3"", ""scikit-learn"": ""1.9.0"", ""torch"": ""2.12.0""}"
compas,mlp,race,prune:0.3,Asian,3,priors_count|age|juv_other_count,0.206542|0.083290|0.023088,7,d7c5a20b4405,3.11.15,"{""numpy"": ""1.26.4"", ""pandas"": ""3.0.3"", ""scikit-learn"": ""1.9.0"", ""torch"": ""2.12.0""}"
compas,mlp,race,prune:0.3,Other,3,priors_count|age|juv_other_count,0.182662|0.089521|0.023379,7,d7c5a20b4405,3.11.15,"{""numpy"": ""1.26.4"", ""pandas"": ""3.0.3"", ""scikit-learn"": ""1.9.0"", ""torch"": ""2.12.0""}"
compas,mlp,race,prune:0.3,Native American,3,priors_count|age|juv_fel_count,0.206253|0.096356|0.029552,7,d7c5a20b4405,3.11.15,"{""numpy"": ""1.26.4"", ""pandas"": ""3.0.3"", ""scikit-learn"": ""1.9.0"", ""torch"": ""2.12.0""}"
compas,mlp,race,prune:0.5,African-American,3,priors_count|age|juv_other_count,0.168239|0.094926|0.025805,7,68a4593442f3,3.11.15,"{""numpy"": ""1.26.4"", ""pandas"": ""3.0.3"", ""scikit-learn"": ""1.9.0"", ""torch"": ""2.12.0""}"
compas,mlp,race,prune:0.5,Caucasian,3,priors_count|age|juv_other_count,0.161498|0.083868|0.021546,7,68a4593442f3,3.11.15,"{""numpy"": ""1.26.4"", ""pandas"": ""3.0.3"", ""scikit-learn"": ""1.9.0"", ""torch"": ""2.12.0""}"
compas,mlp,race,prune:0.5,Hispanic,3,priors_count|age|juv_other_count,0.187525|0.070827|0.020038,7,68a4593442f3,3.11.15,"{""numpy"": ""1.26.4"", ""pandas"": ""3.0.3"", ""scikit-learn"": ""1.9.0"", ""torch"": ""2.12.0""}"
compas,mlp,race,prune:0.5,Asian,3,priors_count|age|juv_other_count,0.193754|0.089378|0.021844,7,68a4593442f3,3.11.15,"{""numpy"": ""1.26.4"", ""pandas"": ""3.0.3"", ""scikit-learn"": ""1.9.0"", ""torch"": ""2.12.0""}"
compas,mlp,race,prune:0.5,Other,3,priors_count|age|juv_other_count,0.185493|0.080170|0.021408,7,68a4593442f3,3.11.15,"{""numpy"": ""1.26.4"", ""pandas"": ""3.0.3"", ""scikit-learn"": ""1.9.0"", ""torch"": ""2.12.0""}"
compas,mlp,race,prune:0.5,Native American,3,priors_count|age|juv_fel_count,0.173636|0.102546|0.061036,7,68a4593442f3,3.11.15,"{""numpy"": ""1.26.4"", ""pandas"": ""3.0.3"", ""scikit-learn"": ""1.9.0"", ""torch"": ""2.12.0""}"
compas,mlp,race,prune:0.7,African-American,3,priors_count|age|juv_misd_count,0.062959|0.058694|0.009901,7,b40ac7e4c241,3.11.15,"{""numpy"": ""1.26.4"", ""pandas"": ""3.0.3"", ""scikit-learn"": ""1.9.0"", ""torch"": ""2.12.0""}"
compas,mlp,race,prune:0.7,Caucasian,3,age|priors_count|juv_other_count,0.057631|0.054498|0.007520,7,b40ac7e4c241,3.11.15,"{""numpy"": ""1.26.4"", ""pandas"": ""3.0.3"", ""scikit-learn"": ""1.9.0"", ""torch"": ""2.12.0""}"
compas,mlp,race,prune:0.7,Hispanic,3,priors_count|age|juv_misd_count,0.063630|0.049925|0.006672,7,b40ac7e4c241,3.11.15,"{""numpy"": ""1.26.4"", ""pandas"": ""3.0.3"", ""scikit-learn"": ""1.9.0"", ""torch"": ""2.12.0""}"
compas,mlp,race,prune:0.7,Asian,3,priors_count|age|juv_other_count,0.057010|0.031895|0.008117,7,b40ac7e4c241,3.11.15,"{""numpy"": ""1.26.4"", ""pandas"": ""3.0.3"", ""scikit-learn"": ""1.9.0"", ""torch"": ""2.12.0""}"
compas,mlp,race,prune:0.7,Other,3,priors_count|age|juv_misd_count,0.059168|0.049226|0.007436,7,b40ac7e4c241,3.11.15,"{""numpy"": ""1.26.4"", ""pandas"": ""3.0.3"", ""scikit-learn"": ""1.9.0"", ""torch"": ""2.12.0""}"
compas,mlp,race,prune:0.7,Native American,3,age|priors_count|juv_fel_count,0.057168|0.043069|0.017290,7,b40ac7e4c241,3.11.15,"{""numpy"": ""1.26.4"", ""pandas"": ""3.0.3"", ""scikit-learn"": ""1.9.0"", ""torch"": ""2.12.0""}"
compas,mlp,race,prune:0.9,African-American,3,priors_count|age|juv_other_count,0.018615|0.008689|0.000857,7,aebd83128fe3,3.11.15,"{""numpy"": ""1.26.4"", ""pandas"": ""3.0.3"", ""scikit-learn"": ""1.9.0"", ""torch"": ""2.12.0""}"
compas,mlp,race,prune:0.9,Caucasian,3,priors_count|age|juv_other_count,0.010901|0.004520|0.000290,7,aebd83128fe3,3.11.15,"{""numpy"": ""1.26.4"", ""pandas"": ""3.0.3"", ""scikit-learn"": ""1.9.0"", ""torch"": ""2.12.0""}"
compas,mlp,race,prune:0.9,Hispanic,3,priors_count|age|juv_other_count,0.014533|0.003751|0.000347,7,aebd83128fe3,3.11.15,"{""numpy"": ""1.26.4"", ""pandas"": ""3.0.3"", ""scikit-learn"": ""1.9.0"", ""torch"": ""2.12.0""}"
compas,mlp,race,prune:0.9,Asian,3,priors_count|age|juv_fel_count,0.010015|0.003325|0.000000,7,aebd83128fe3,3.11.15,"{""numpy"": ""1.26.4"", ""pandas"": ""3.0.3"", ""scikit-learn"": ""1.9.0"", ""torch"": ""2.12.0""}"
compas,mlp,race,prune:0.9,Other,3,priors_count|age|juv_other_count,0.014637|0.005337|0.000336,7,aebd83128fe3,3.11.15,"{""numpy"": ""1.26.4"", ""pandas"": ""3.0.3"", ""scikit-learn"": ""1.9.0"", ""torch"": ""2.12.0""}"
compas,mlp,race,prune:0.9,Native American,3,priors_count|age|juv_other_count,0.029088|0.023694|0.001063,7,aebd83128fe3,3.11.15,"{""numpy"": ""1.26.4"", ""pandas"": ""3.0.3"", ""scikit-learn"": ""1.9.0"", ""torch"": ""2.12.0""}"
compas,mlp,sex,none,Male,3,priors_count|age|juv_other_count,0.196350|0.105932|0.027261,8,d4233ddcd2df,3.11.15,"{""numpy"": ""1.26.4"", ""pandas"": ""3.0.3"", ""scikit-learn"": ""1.9.0"", ""torch"": ""2.12.0""}"
compas,mlp,sex,none,Female,3,priors_count|age|juv_other_count,0.191551|0.085113|0.023535,8,d4233ddcd2df,3.11.15,"{""numpy"": ""1.26.4"", ""pandas"": ""3.0.3"", ""scikit-learn"": ""1.9.0"", ""torch"": ""2.12.0""}"
compas,mlp,sex,prune:0.3,Male,3,priors_count|age|juv_other_count,0.168918|0.074830|0.021971,8,2d5ff94b103c,3.11.15,"{""numpy"": ""1.26.4"", ""pandas"": ""3.0.3"", ""scikit-learn"": ""1.9.0"", ""torch"": ""2.12.0""}"
compas,mlp,sex,prune:0.3,Female,3,priors_count|age|juv_other_count,0.161732|0.060543|0.018433,8,2d5ff94b103c,3.11.15,"{""numpy"": ""1.26.4"", ""pandas"": ""3.0.3"", ""scikit-learn"": ""1.9.0"", ""torch"": ""2.12.0""}"
compas,mlp,sex,prune:0.5,Male,3,priors_count|age|juv_misd_count,0.140067|0.036149|0.020087,8,c4d488e792ce,3.11.15,"{""numpy"": ""1.26.4"", ""pandas"": ""3.0.3"", ""scikit-learn"": ""1.9.0"", ""torch"": ""2.12.0""}"
compas,mlp,sex,prune:0.5,Female,3,priors_count|age|juv_other_count,0.140557|0.025233|0.014393,8,c4d488e792ce,3.11.15,"{""numpy"": ""1.26.4"", ""pandas"": ""3.0.3"", ""scikit-learn"": ""1.9.0"", ""torch"": ""2.12.0""}"
compas,mlp,sex,prune:0.7,Male,3,priors_count|juv_other_count|age,0.075275|0.019972|0.018086,8,0e8862987521,3.11.15,"{""numpy"": ""1.26.4"", ""pandas"": ""3.0.3"", ""scikit-learn"": ""1.9.0"", ""torch"": ""2.12.0""}"
compas,mlp,sex,prune:0.7,Female,3,priors_count|age|juv_other_count,0.080179|0.017557|0.015710,8,0e8862987521,3.11.15,"{""numpy"": ""1.26.4"", ""pandas"": ""3.0.3"", ""scikit-learn"": ""1.9.0"", ""torch"": ""2.12.0""}"
compas,mlp,sex,prune:0.9,Male,3,juv_other_count|age|juv_fel_count,0.000676|0.000169|0.000067,8,035e3449e073,3.11.15,"{""numpy"": ""1.26.4"", ""pandas"": ""3.0.3"", ""scikit-learn"": ""1.9.0"", ""torch"": ""2.12.0""}"
compas,mlp,sex,prune:0.9,Female,3,juv_other_count|age|priors_count,0.000364|0.000234|0.000181,8,035e3449e073,3.11.15,"{""numpy"": ""1.26.4"", ""pandas"": ""3.0.3"", ""scikit-learn"": ""1.9.0"", ""torch"": ""2.12.0""}"
compas,mlp,race,none,Hispanic,3,priors_count|age|juv_other_count,0.187120|0.093534|0.025140,8,94eb9c60ea50,3.11.15,"{""numpy"": ""1.26.4"", ""pandas"": ""3.0.3"", ""scikit-learn"": ""1.9.0"", ""torch"": ""2.12.0""}"
compas,mlp,race,none,African-American,3,priors_count|age|juv_other_count,0.202910|0.113330|0.030384,8,94eb9c60ea50,3.11.15,"{""numpy"": ""1.26.4"", ""pandas"": ""3.0.3"", ""scikit-learn"": ""1.9.0"", ""torch"": ""2.12.0""}"
compas,mlp,race,none,Caucasian,3,priors_count|age|juv_other_count,0.184694|0.090348|0.022277,8,94eb9c60ea50,3.11.15,"{""numpy"": ""1.26.4"", ""pandas"": ""3.0.3"", ""scikit-learn"": ""1.9.0"", ""torch"": ""2.12.0""}"
compas,mlp,race,none,Other,3,priors_count|age|juv_other_count,0.200905|0.073925|0.018169,8,94eb9c60ea50,3.11.15,"{""numpy"": ""1.26.4"", ""pandas"": ""3.0.3"", ""scikit-learn"": ""1.9.0"", ""torch"": ""2.12.0""}"
compas,mlp,race,none,Asian,3,priors_count|age|juv_other_count,0.202439|0.090626|0.023915,8,94eb9c60ea50,3.11.15,"{""numpy"": ""1.26.4"", ""pandas"": ""3.0.3"", ""scikit-learn"": ""1.9.0"", ""torch"": ""2.12.0""}"
compas,mlp,race,none,Native American,3,priors_count|age|juv_fel_count,0.187907|0.156941|0.046643,8,94eb9c60ea50,3.11.15,"{""numpy"": ""1.26.4"", ""pandas"": ""3.0.3"", ""scikit-learn"": ""1.9.0"", ""torch"": ""2.12.0""}"
compas,mlp,race,prune:0.3,Hispanic,3,priors_count|age|juv_other_count,0.160074|0.068710|0.018521,8,8315f776f78c,3.11.15,"{""numpy"": ""1.26.4"", ""pandas"": ""3.0.3"", ""scikit-learn"": ""1.9.0"", ""torch"": ""2.12.0""}"
compas,mlp,race,prune:0.3,African-American,3,priors_count|age|juv_misd_count,0.174576|0.080485|0.027774,8,8315f776f78c,3.11.15,"{""numpy"": ""1.26.4"", ""pandas"": ""3.0.3"", ""scikit-learn"": ""1.9.0"", ""torch"": ""2.12.0""}"
compas,mlp,race,prune:0.3,Caucasian,3,priors_count|age|juv_other_count,0.157817|0.062724|0.018699,8,8315f776f78c,3.11.15,"{""numpy"": ""1.26.4"", ""pandas"": ""3.0.3"", ""scikit-learn"": ""1.9.0"", ""torch"": ""2.12.0""}"
compas,mlp,race,prune:0.3,Other,3,priors_count|age|juv_other_count,0.169528|0.054805|0.014320,8,8315f776f78c,3.11.15,"{""numpy"": ""1.26.4"", ""pandas"": ""3.0.3"", ""scikit-learn"": ""1.9.0"", ""torch"": ""2.12.0""}"
compas,mlp,race,prune:0.3,Asian,3,priors_count|age|juv_other_count,0.171820|0.061218|0.014037,8,8315f776f78c,3.11.15,"{""numpy"": ""1.26.4"", ""pandas"": ""3.0.3"", ""scikit-learn"": ""1.9.0"", ""torch"": ""2.12.0""}"
compas,mlp,race,prune:0.3,Native American,3,priors_count|age|juv_misd_count,0.171940|0.077175|0.024910,8,8315f776f78c,3.11.15,"{""numpy"": ""1.26.4"", ""pandas"": ""3.0.3"", ""scikit-learn"": ""1.9.0"", ""torch"": ""2.12.0""}"
compas,mlp,race,prune:0.5,Hispanic,3,priors_count|age|juv_other_count,0.140082|0.031516|0.015672,8,18cf39ec3e0e,3.11.15,"{""numpy"": ""1.26.4"", ""pandas"": ""3.0.3"", ""scikit-learn"": ""1.9.0"", ""torch"": ""2.12.0""}"
compas,mlp,race,prune:0.5,African-American,3,priors_count|age|juv_misd_count,0.141803|0.038447|0.026030,8,18cf39ec3e0e,3.11.15,"{""numpy"": ""1.26.4"", ""pandas"": ""3.0.3"", ""scikit-learn"": ""1.9.0"", ""torch"": ""2.12.0""}"
compas,mlp,race,prune:0.5,Caucasian,3,priors_count|age|juv_other_count,0.135130|0.029621|0.015594,8,18cf39ec3e0e,3.11.15,"{""numpy"": ""1.26.4"", ""pandas"": ""3.0.3"", ""scikit-learn"": ""1.9.0"", ""torch"": ""2.12.0""}"
compas,mlp,race,prune:0.5,Other,3,priors_count|age|juv_other_count,0.152948|0.021882|0.012687,8,18cf39ec3e0e,3.11.15,"{""numpy"": ""1.26.4"", ""pandas"": ""3.0.3"", ""scikit-learn"": ""1.9.0"", ""torch"": ""2.12.0""}"
compas,mlp,race,prune:0.5,Asian,3,priors_count|age|juv_other_count,0.157051|0.032172|0.017346,8,18cf39ec3e0e,3.11.15,"{""numpy"": ""1.26.4"", ""pandas"": ""3.0.3"", ""scikit-learn"": ""1.9.0"", ""torch"": ""2.12.0""}"
compas,mlp,race,prune:0.5,Native American,3,priors_count|age|juv_other_count,0.127189|0.052132|0.016110,8,18cf39ec3e0e,3.11.15,"{""numpy"": ""1.26.4"", ""pandas"": ""3.0.3"", ""scikit-learn"": ""1.9.0"", ""torch"": ""2.12.0""}"
compas,mlp,race,prune:0.7,Hispanic,3,priors_count|age|juv_other_count,0.078273|0.018553|0.016926,8,a0acc47f3275,3.11.15,"{""numpy"": ""1.26.4"", ""pandas"": ""3.0.3"", ""scikit-learn"": ""1.9.0"", ""torch"": ""2.12.0""}"
compas,mlp,race,prune:0.7,African-American,3,priors_count|juv_other_count|age,0.072784|0.019824|0.016395,8,a0acc47f3275,3.11.15,"{""numpy"": ""1.26.4"", ""pandas"": ""3.0.3"", ""scikit-learn"": ""1.9.0"", ""torch"": ""2.12.0""}"
compas,mlp,race,prune:0.7,Caucasian,3,priors_count|age|juv_other_count,0.077797|0.020697|0.019279,8,a0acc47f3275,3.11.15,"{""numpy"": ""1.26.4"", ""pandas"": ""3.0.3"", ""scikit-learn"": ""1.9.0"", ""torch"": ""2.12.0""}"
compas,mlp,race,prune:0.7,Other,3,priors_count|age|juv_other_count,0.092965|0.015946|0.015468,8,a0acc47f3275,3.11.15,"{""numpy"": ""1.26.4"", ""pandas"": ""3.0.3"", ""scikit-learn"": ""1.9.0"", ""torch"": ""2.12.0""}"
compas,mlp,race,prune:0.7,Asian,3,priors_count|juv_other_count|age,0.090058|0.023471|0.019444,8,a0acc47f3275,3.11.15,"{""numpy"": ""1.26.4"", ""pandas"": ""3.0.3"", ""scikit-learn"": ""1.9.0"", ""torch"": ""2.12.0""}"
compas,mlp,race,prune:0.7,Native American,3,priors_count|age|juv_misd_count,0.093080|0.016793|0.016234,8,a0acc47f3275,3.11.15,"{""numpy"": ""1.26.4"", ""pandas"": ""3.0.3"", ""scikit-learn"": ""1.9.0"", ""torch"": ""2.12.0""}"
compas,mlp,race,prune:0.9,Hispanic,3,age|juv_fel_count|juv_misd_count,0.000000|0.000000|0.000000,8,b5b2b588b0fa,3.11.15,"{""numpy"": ""1.26.4"", ""pandas"": ""3.0.3"", ""scikit-learn"": ""1.9.0"", ""torch"": ""2.12.0""}"
compas,mlp,race,prune:0.9,African-American,3,juv_other_count|age|juv_fel_count,0.001183|0.000345|0.000119,8,b5b2b588b0fa,3.11.15,"{""numpy"": ""1.26.4"", ""pandas"": ""3.0.3"", ""scikit-learn"": ""1.9.0"", ""torch"": ""2.12.0""}"
compas,mlp,race,prune:0.9,Caucasian,3,age|juv_fel_count|juv_misd_count,0.000006|0.000000|0.000000,8,b5b2b588b0fa,3.11.15,"{""numpy"": ""1.26.4"", ""pandas"": ""3.0.3"", ""scikit-learn"": ""1.9.0"", ""torch"": ""2.12.0""}"
compas,mlp,race,prune:0.9,Other,3,age|juv_fel_count|juv_misd_count,0.000000|0.000000|0.000000,8,b5b2b588b0fa,3.11.15,"{""numpy"": ""1.26.4"", ""pandas"": ""3.0.3"", ""scikit-learn"": ""1.9.0"", ""torch"": ""2.12.0""}"
compas,mlp,race,prune:0.9,Asian,3,age|juv_fel_count|juv_misd_count,0.000000|0.000000|0.000000,8,b5b2b588b0fa,3.11.15,"{""numpy"": ""1.26.4"", ""pandas"": ""3.0.3"", ""scikit-learn"": ""1.9.0"", ""torch"": ""2.12.0""}"
compas,mlp,race,prune:0.9,Native American,3,age|juv_fel_count|juv_misd_count,0.000000|0.000000|0.000000,8,b5b2b588b0fa,3.11.15,"{""numpy"": ""1.26.4"", ""pandas"": ""3.0.3"", ""scikit-learn"": ""1.9.0"", ""torch"": ""2.12.0""}"
compas,mlp,sex,none,Female,3,priors_count|age|juv_other_count,0.205135|0.093141|0.020751,9,3708bf65ff13,3.11.15,"{""numpy"": ""1.26.4"", ""pandas"": ""3.0.3"", ""scikit-learn"": ""1.9.0"", ""torch"": ""2.12.0""}"
compas,mlp,sex,none,Male,3,priors_count|age|juv_other_count,0.194416|0.108968|0.021967,9,3708bf65ff13,3.11.15,"{""numpy"": ""1.26.4"", ""pandas"": ""3.0.3"", ""scikit-learn"": ""1.9.0"", ""torch"": ""2.12.0""}"
compas,mlp,sex,prune:0.3,Female,3,priors_count|age|juv_other_count,0.193564|0.089258|0.017017,9,10901ae61d2f,3.11.15,"{""numpy"": ""1.26.4"", ""pandas"": ""3.0.3"", ""scikit-learn"": ""1.9.0"", ""torch"": ""2.12.0""}"
compas,mlp,sex,prune:0.3,Male,3,priors_count|age|juv_other_count,0.183516|0.095502|0.019133,9,10901ae61d2f,3.11.15,"{""numpy"": ""1.26.4"", ""pandas"": ""3.0.3"", ""scikit-learn"": ""1.9.0"", ""torch"": ""2.12.0""}"
compas,mlp,sex,prune:0.5,Female,3,priors_count|age|juv_other_count,0.124785|0.071310|0.019347,9,a4e103e76655,3.11.15,"{""numpy"": ""1.26.4"", ""pandas"": ""3.0.3"", ""scikit-learn"": ""1.9.0"", ""torch"": ""2.12.0""}"
compas,mlp,sex,prune:0.5,Male,3,priors_count|age|juv_other_count,0.119422|0.084615|0.022935,9,a4e103e76655,3.11.15,"{""numpy"": ""1.26.4"", ""pandas"": ""3.0.3"", ""scikit-learn"": ""1.9.0"", ""torch"": ""2.12.0""}"
compas,mlp,sex,prune:0.7,Female,3,priors_count|age|juv_misd_count,0.031968|0.019988|0.013024,9,324b1c1ecdd8,3.11.15,"{""numpy"": ""1.26.4"", ""pandas"": ""3.0.3"", ""scikit-learn"": ""1.9.0"", ""torch"": ""2.12.0""}"
compas,mlp,sex,prune:0.7,Male,3,priors_count|age|juv_other_count,0.028386|0.024134|0.012947,9,324b1c1ecdd8,3.11.15,"{""numpy"": ""1.26.4"", ""pandas"": ""3.0.3"", ""scikit-learn"": ""1.9.0"", ""torch"": ""2.12.0""}"
compas,mlp,sex,prune:0.9,Female,3,age|priors_count|juv_fel_count,0.002181|0.001050|0.000000,9,50b4418ebbef,3.11.15,"{""numpy"": ""1.26.4"", ""pandas"": ""3.0.3"", ""scikit-learn"": ""1.9.0"", ""torch"": ""2.12.0""}"
compas,mlp,sex,prune:0.9,Male,3,age|priors_count|juv_fel_count,0.002068|0.001068|0.000000,9,50b4418ebbef,3.11.15,"{""numpy"": ""1.26.4"", ""pandas"": ""3.0.3"", ""scikit-learn"": ""1.9.0"", ""torch"": ""2.12.0""}"
compas,mlp,race,none,African-American,3,priors_count|age|juv_other_count,0.196189|0.115573|0.024872,9,c24370067b4f,3.11.15,"{""numpy"": ""1.26.4"", ""pandas"": ""3.0.3"", ""scikit-learn"": ""1.9.0"", ""torch"": ""2.12.0""}"
compas,mlp,race,none,Caucasian,3,priors_count|age|juv_other_count,0.187377|0.096828|0.019107,9,c24370067b4f,3.11.15,"{""numpy"": ""1.26.4"", ""pandas"": ""3.0.3"", ""scikit-learn"": ""1.9.0"", ""torch"": ""2.12.0""}"
compas,mlp,race,none,Other,3,priors_count|age|juv_other_count,0.226359|0.093065|0.014438,9,c24370067b4f,3.11.15,"{""numpy"": ""1.26.4"", ""pandas"": ""3.0.3"", ""scikit-learn"": ""1.9.0"", ""torch"": ""2.12.0""}"
compas,mlp,race,none,Hispanic,3,priors_count|age|juv_other_count,0.212410|0.101574|0.019182,9,c24370067b4f,3.11.15,"{""numpy"": ""1.26.4"", ""pandas"": ""3.0.3"", ""scikit-learn"": ""1.9.0"", ""torch"": ""2.12.0""}"
compas,mlp,race,none,Asian,3,priors_count|age|juv_misd_count,0.227743|0.026308|0.014791,9,c24370067b4f,3.11.15,"{""numpy"": ""1.26.4"", ""pandas"": ""3.0.3"", ""scikit-learn"": ""1.9.0"", ""torch"": ""2.12.0""}"
compas,mlp,race,none,Native American,3,priors_count|juv_fel_count|age,0.212733|0.131560|0.108692,9,c24370067b4f,3.11.15,"{""numpy"": ""1.26.4"", ""pandas"": ""3.0.3"", ""scikit-learn"": ""1.9.0"", ""torch"": ""2.12.0""}"
compas,mlp,race,prune:0.3,African-American,3,priors_count|age|juv_other_count,0.182746|0.102921|0.021469,9,8b6db04452a3,3.11.15,"{""numpy"": ""1.26.4"", ""pandas"": ""3.0.3"", ""scikit-learn"": ""1.9.0"", ""torch"": ""2.12.0""}"
compas,mlp,race,prune:0.3,Caucasian,3,priors_count|age|juv_other_count,0.180624|0.083804|0.015919,9,8b6db04452a3,3.11.15,"{""numpy"": ""1.26.4"", ""pandas"": ""3.0.3"", ""scikit-learn"": ""1.9.0"", ""torch"": ""2.12.0""}"
compas,mlp,race,prune:0.3,Other,3,priors_count|age|juv_other_count,0.208944|0.094586|0.012621,9,8b6db04452a3,3.11.15,"{""numpy"": ""1.26.4"", ""pandas"": ""3.0.3"", ""scikit-learn"": ""1.9.0"", ""torch"": ""2.12.0""}"
compas,mlp,race,prune:0.3,Hispanic,3,priors_count|age|juv_other_count,0.201232|0.091385|0.018680,9,8b6db04452a3,3.11.15,"{""numpy"": ""1.26.4"", ""pandas"": ""3.0.3"", ""scikit-learn"": ""1.9.0"", ""torch"": ""2.12.0""}"
compas,mlp,race,prune:0.3,Asian,3,priors_count|age|juv_misd_count,0.228920|0.022438|0.014269,9,8b6db04452a3,3.11.15,"{""numpy"": ""1.26.4"", ""pandas"": ""3.0.3"", ""scikit-learn"": ""1.9.0"", ""torch"": ""2.12.0""}"
compas,mlp,race,prune:0.3,Native American,3,priors_count|age|juv_fel_count,0.214918|0.102462|0.070711,9,8b6db04452a3,3.11.15,"{""numpy"": ""1.26.4"", ""pandas"": ""3.0.3"", ""scikit-learn"": ""1.9.0"", ""torch"": ""2.12.0""}"
compas,mlp,race,prune:0.5,African-American,3,priors_count|age|juv_other_count,0.121198|0.088286|0.024412,9,b3081fcb08d0,3.11.15,"{""numpy"": ""1.26.4"", ""pandas"": ""3.0.3"", ""scikit-learn"": ""1.9.0"", ""torch"": ""2.12.0""}"
compas,mlp,race,prune:0.5,Caucasian,3,priors_count|age|juv_other_count,0.114277|0.076684|0.020575,9,b3081fcb08d0,3.11.15,"{""numpy"": ""1.26.4"", ""pandas"": ""3.0.3"", ""scikit-learn"": ""1.9.0"", ""torch"": ""2.12.0""}"
compas,mlp,race,prune:0.5,Other,3,priors_count|age|juv_other_count,0.136597|0.073496|0.017983,9,b3081fcb08d0,3.11.15,"{""numpy"": ""1.26.4"", ""pandas"": ""3.0.3"", ""scikit-learn"": ""1.9.0"", ""torch"": ""2.12.0""}"
compas,mlp,race,prune:0.5,Hispanic,3,priors_count|age|juv_other_count,0.129045|0.078644|0.020544,9,b3081fcb08d0,3.11.15,"{""numpy"": ""1.26.4"", ""pandas"": ""3.0.3"", ""scikit-learn"": ""1.9.0"", ""torch"": ""2.12.0""}"
compas,mlp,race,prune:0.5,Asian,3,priors_count|juv_misd_count|age,0.142522|0.017426|0.017078,9,b3081fcb08d0,3.11.15,"{""numpy"": ""1.26.4"", ""pandas"": ""3.0.3"", ""scikit-learn"": ""1.9.0"", ""torch"": ""2.12.0""}"
compas,mlp,race,prune:0.5,Native American,3,priors_count|age|juv_fel_count,0.112321|0.083457|0.038266,9,b3081fcb08d0,3.11.15,"{""numpy"": ""1.26.4"", ""pandas"": ""3.0.3"", ""scikit-learn"": ""1.9.0"", ""torch"": ""2.12.0""}"
compas,mlp,race,prune:0.7,African-American,3,priors_count|age|juv_misd_count,0.027065|0.025818|0.014491,9,3a48cf714ca7,3.11.15,"{""numpy"": ""1.26.4"", ""pandas"": ""3.0.3"", ""scikit-learn"": ""1.9.0"", ""torch"": ""2.12.0""}"
compas,mlp,race,prune:0.7,Caucasian,3,priors_count|age|juv_other_count,0.030267|0.020439|0.011916,9,3a48cf714ca7,3.11.15,"{""numpy"": ""1.26.4"", ""pandas"": ""3.0.3"", ""scikit-learn"": ""1.9.0"", ""torch"": ""2.12.0""}"
compas,mlp,race,prune:0.7,Other,3,priors_count|age|juv_misd_count,0.033432|0.023531|0.011934,9,3a48cf714ca7,3.11.15,"{""numpy"": ""1.26.4"", ""pandas"": ""3.0.3"", ""scikit-learn"": ""1.9.0"", ""torch"": ""2.12.0""}"
compas,mlp,race,prune:0.7,Hispanic,3,priors_count|age|juv_misd_count,0.032211|0.022001|0.011914,9,3a48cf714ca7,3.11.15,"{""numpy"": ""1.26.4"", ""pandas"": ""3.0.3"", ""scikit-learn"": ""1.9.0"", ""torch"": ""2.12.0""}"
compas,mlp,race,prune:0.7,Asian,3,priors_count|juv_misd_count|juv_other_count,0.042241|0.010744|0.006004,9,3a48cf714ca7,3.11.15,"{""numpy"": ""1.26.4"", ""pandas"": ""3.0.3"", ""scikit-learn"": ""1.9.0"", ""torch"": ""2.12.0""}"
compas,mlp,race,prune:0.7,Native American,3,juv_fel_count|age|priors_count,0.074940|0.037434|0.016304,9,3a48cf714ca7,3.11.15,"{""numpy"": ""1.26.4"", ""pandas"": ""3.0.3"", ""scikit-learn"": ""1.9.0"", ""torch"": ""2.12.0""}"
compas,mlp,race,prune:0.9,African-American,3,age|priors_count|juv_fel_count,0.002261|0.001168|0.000000,9,1f3854dc94c9,3.11.15,"{""numpy"": ""1.26.4"", ""pandas"": ""3.0.3"", ""scikit-learn"": ""1.9.0"", ""torch"": ""2.12.0""}"
compas,mlp,race,prune:0.9,Caucasian,3,age|priors_count|juv_fel_count,0.001648|0.000893|0.000000,9,1f3854dc94c9,3.11.15,"{""numpy"": ""1.26.4"", ""pandas"": ""3.0.3"", ""scikit-learn"": ""1.9.0"", ""torch"": ""2.12.0""}"
compas,mlp,race,prune:0.9,Other,3,age|priors_count|juv_fel_count,0.003501|0.001233|0.000000,9,1f3854dc94c9,3.11.15,"{""numpy"": ""1.26.4"", ""pandas"": ""3.0.3"", ""scikit-learn"": ""1.9.0"", ""torch"": ""2.12.0""}"
compas,mlp,race,prune:0.9,Hispanic,3,age|priors_count|juv_fel_count,0.002142|0.001144|0.000000,9,1f3854dc94c9,3.11.15,"{""numpy"": ""1.26.4"", ""pandas"": ""3.0.3"", ""scikit-learn"": ""1.9.0"", ""torch"": ""2.12.0""}"
compas,mlp,race,prune:0.9,Asian,3,age|juv_fel_count|juv_misd_count,0.000000|0.000000|0.000000,9,1f3854dc94c9,3.11.15,"{""numpy"": ""1.26.4"", ""pandas"": ""3.0.3"", ""scikit-learn"": ""1.9.0"", ""torch"": ""2.12.0""}"
compas,mlp,race,prune:0.9,Native American,3,age|juv_fel_count|juv_misd_count,0.000000|0.000000|0.000000,9,1f3854dc94c9,3.11.15,"{""numpy"": ""1.26.4"", ""pandas"": ""3.0.3"", ""scikit-learn"": ""1.9.0"", ""torch"": ""2.12.0""}"
