dataset,model,sensitive,compression,group,top_k,top_features,top_importances,seed,config_hash,python,versions
adult,logreg,sex,none,Female,10,marital-status_Married-civ-spouse|capital-gain|marital-status_Never-married|marital-status_Divorced|age|education-num|hours-per-week|relationship_Wife|occupation_Exec-managerial|relationship_Not-in-family,0.056120|0.037808|0.032249|0.016944|0.015573|0.015270|0.012436|0.011420|0.011181|0.010737,0,74f350024cf3,3.11.15,"{""numpy"": ""1.26.4"", ""pandas"": ""3.0.3"", ""scikit-learn"": ""1.9.0"", ""torch"": ""2.12.0""}"
adult,logreg,sex,none,Male,10,marital-status_Married-civ-spouse|capital-gain|marital-status_Never-married|education-num|age|hours-per-week|occupation_Exec-managerial|education_Bachelors|relationship_Not-in-family|capital-loss,0.100900|0.061807|0.051988|0.031128|0.030468|0.025882|0.023305|0.015426|0.015417|0.014379,0,74f350024cf3,3.11.15,"{""numpy"": ""1.26.4"", ""pandas"": ""3.0.3"", ""scikit-learn"": ""1.9.0"", ""torch"": ""2.12.0""}"
adult,logreg,sex,prune:0.3,Female,10,marital-status_Married-civ-spouse|capital-gain|marital-status_Never-married|marital-status_Divorced|age|education-num|hours-per-week|relationship_Wife|occupation_Exec-managerial|relationship_Not-in-family,0.056323|0.037808|0.032342|0.017002|0.015604|0.015303|0.012442|0.011448|0.011181|0.010768,0,3e89bee5b892,3.11.15,"{""numpy"": ""1.26.4"", ""pandas"": ""3.0.3"", ""scikit-learn"": ""1.9.0"", ""torch"": ""2.12.0""}"
adult,logreg,sex,prune:0.3,Male,10,marital-status_Married-civ-spouse|capital-gain|marital-status_Never-married|education-num|age|hours-per-week|occupation_Exec-managerial|education_Bachelors|relationship_Not-in-family|capital-loss,0.100713|0.061749|0.051899|0.031069|0.030387|0.025829|0.023290|0.015428|0.015395|0.014377,0,3e89bee5b892,3.11.15,"{""numpy"": ""1.26.4"", ""pandas"": ""3.0.3"", ""scikit-learn"": ""1.9.0"", ""torch"": ""2.12.0""}"
adult,logreg,sex,prune:0.5,Female,10,marital-status_Married-civ-spouse|capital-gain|marital-status_Never-married|marital-status_Divorced|age|education-num|hours-per-week|relationship_Wife|occupation_Exec-managerial|relationship_Not-in-family,0.057031|0.037947|0.032808|0.017254|0.015834|0.015594|0.012568|0.011618|0.011340|0.010882,0,44ea56eef5e0,3.11.15,"{""numpy"": ""1.26.4"", ""pandas"": ""3.0.3"", ""scikit-learn"": ""1.9.0"", ""torch"": ""2.12.0""}"
adult,logreg,sex,prune:0.5,Male,10,marital-status_Married-civ-spouse|capital-gain|marital-status_Never-married|education-num|age|hours-per-week|occupation_Exec-managerial|education_Bachelors|relationship_Not-in-family|capital-loss,0.100282|0.061938|0.051835|0.031346|0.030367|0.025873|0.023273|0.015478|0.015414|0.014517,0,44ea56eef5e0,3.11.15,"{""numpy"": ""1.26.4"", ""pandas"": ""3.0.3"", ""scikit-learn"": ""1.9.0"", ""torch"": ""2.12.0""}"
adult,logreg,sex,prune:0.7,Female,10,marital-status_Married-civ-spouse|capital-gain|marital-status_Never-married|marital-status_Divorced|age|education-num|hours-per-week|relationship_Wife|occupation_Exec-managerial|relationship_Not-in-family,0.056714|0.037939|0.032033|0.016766|0.015829|0.015628|0.012440|0.011814|0.011011|0.010713,0,a7316418b2a1,3.11.15,"{""numpy"": ""1.26.4"", ""pandas"": ""3.0.3"", ""scikit-learn"": ""1.9.0"", ""torch"": ""2.12.0""}"
adult,logreg,sex,prune:0.7,Male,10,marital-status_Married-civ-spouse|capital-gain|marital-status_Never-married|education-num|age|hours-per-week|occupation_Exec-managerial|education_Bachelors|relationship_Not-in-family|capital-loss,0.102486|0.064669|0.052892|0.033639|0.031964|0.027399|0.024056|0.015905|0.015780|0.015253,0,a7316418b2a1,3.11.15,"{""numpy"": ""1.26.4"", ""pandas"": ""3.0.3"", ""scikit-learn"": ""1.9.0"", ""torch"": ""2.12.0""}"
adult,logreg,sex,prune:0.9,Female,10,marital-status_Married-civ-spouse|capital-gain|marital-status_Never-married|age|education-num|marital-status_Divorced|hours-per-week|occupation_Other-service|capital-loss|relationship_Own-child,0.051666|0.038214|0.027376|0.015055|0.013887|0.013875|0.011840|0.008900|0.007399|0.006518,0,afc89cf438c4,3.11.15,"{""numpy"": ""1.26.4"", ""pandas"": ""3.0.3"", ""scikit-learn"": ""1.9.0"", ""torch"": ""2.12.0""}"
adult,logreg,sex,prune:0.9,Male,10,marital-status_Married-civ-spouse|capital-gain|marital-status_Never-married|education-num|age|hours-per-week|capital-loss|occupation_Other-service|marital-status_Divorced|relationship_Own-child,0.109386|0.071146|0.055467|0.037418|0.035631|0.030559|0.016930|0.016394|0.015143|0.013927,0,afc89cf438c4,3.11.15,"{""numpy"": ""1.26.4"", ""pandas"": ""3.0.3"", ""scikit-learn"": ""1.9.0"", ""torch"": ""2.12.0""}"
adult,logreg,race,none,Amer-Indian-Eskimo,10,marital-status_Married-civ-spouse|marital-status_Never-married|capital-gain|hours-per-week|occupation_Exec-managerial|education-num|age|marital-status_Divorced|relationship_Not-in-family|capital-loss,0.074261|0.034281|0.031157|0.027932|0.021891|0.020779|0.018609|0.011474|0.011316|0.010720,0,34cf9b22db40,3.11.15,"{""numpy"": ""1.26.4"", ""pandas"": ""3.0.3"", ""scikit-learn"": ""1.9.0"", ""torch"": ""2.12.0""}"
adult,logreg,race,none,White,10,marital-status_Married-civ-spouse|capital-gain|marital-status_Never-married|age|education-num|hours-per-week|occupation_Exec-managerial|marital-status_Divorced|relationship_Not-in-family|education_Bachelors,0.090174|0.056078|0.047372|0.027121|0.026945|0.023077|0.020674|0.015298|0.014361|0.013727,0,34cf9b22db40,3.11.15,"{""numpy"": ""1.26.4"", ""pandas"": ""3.0.3"", ""scikit-learn"": ""1.9.0"", ""torch"": ""2.12.0""}"
adult,logreg,race,none,Black,10,marital-status_Married-civ-spouse|capital-gain|marital-status_Never-married|age|education-num|marital-status_Divorced|relationship_Not-in-family|occupation_Other-service|occupation_Exec-managerial|hours-per-week,0.058418|0.039522|0.033845|0.016261|0.015817|0.012643|0.010855|0.010097|0.009716|0.009644,0,34cf9b22db40,3.11.15,"{""numpy"": ""1.26.4"", ""pandas"": ""3.0.3"", ""scikit-learn"": ""1.9.0"", ""torch"": ""2.12.0""}"
adult,logreg,race,none,Asian-Pac-Islander,10,marital-status_Married-civ-spouse|capital-gain|marital-status_Never-married|education-num|age|hours-per-week|occupation_Prof-specialty|occupation_Exec-managerial|occupation_Other-service|marital-status_Divorced,0.088600|0.057543|0.045176|0.035170|0.021878|0.018725|0.018270|0.016767|0.015058|0.014252,0,34cf9b22db40,3.11.15,"{""numpy"": ""1.26.4"", ""pandas"": ""3.0.3"", ""scikit-learn"": ""1.9.0"", ""torch"": ""2.12.0""}"
adult,logreg,race,none,Other,10,marital-status_Married-civ-spouse|capital-gain|education-num|marital-status_Never-married|education_7th-8th|age|native-country_France|education_Bachelors|occupation_Exec-managerial|occupation_Tech-support,0.040007|0.032626|0.022346|0.019406|0.009667|0.008169|0.008081|0.007632|0.007503|0.007278,0,34cf9b22db40,3.11.15,"{""numpy"": ""1.26.4"", ""pandas"": ""3.0.3"", ""scikit-learn"": ""1.9.0"", ""torch"": ""2.12.0""}"
adult,logreg,race,prune:0.3,Amer-Indian-Eskimo,10,marital-status_Married-civ-spouse|marital-status_Never-married|capital-gain|hours-per-week|occupation_Exec-managerial|education-num|age|marital-status_Divorced|relationship_Not-in-family|capital-loss,0.074463|0.034385|0.031169|0.027842|0.021882|0.020833|0.018734|0.011512|0.011312|0.010774,0,4dff86cef819,3.11.15,"{""numpy"": ""1.26.4"", ""pandas"": ""3.0.3"", ""scikit-learn"": ""1.9.0"", ""torch"": ""2.12.0""}"
adult,logreg,race,prune:0.3,White,10,marital-status_Married-civ-spouse|capital-gain|marital-status_Never-married|age|education-num|hours-per-week|occupation_Exec-managerial|marital-status_Divorced|relationship_Not-in-family|education_Bachelors,0.090082|0.056037|0.047328|0.027079|0.026908|0.023037|0.020664|0.015285|0.014355|0.013733,0,4dff86cef819,3.11.15,"{""numpy"": ""1.26.4"", ""pandas"": ""3.0.3"", ""scikit-learn"": ""1.9.0"", ""torch"": ""2.12.0""}"
adult,logreg,race,prune:0.3,Black,10,marital-status_Married-civ-spouse|capital-gain|marital-status_Never-married|age|education-num|marital-status_Divorced|relationship_Not-in-family|occupation_Other-service|occupation_Exec-managerial|hours-per-week,0.058389|0.039647|0.033811|0.016243|0.015820|0.012719|0.010855|0.010108|0.009721|0.009592,0,4dff86cef819,3.11.15,"{""numpy"": ""1.26.4"", ""pandas"": ""3.0.3"", ""scikit-learn"": ""1.9.0"", ""torch"": ""2.12.0""}"
adult,logreg,race,prune:0.3,Asian-Pac-Islander,10,marital-status_Married-civ-spouse|capital-gain|marital-status_Never-married|education-num|age|hours-per-week|occupation_Prof-specialty|occupation_Exec-managerial|occupation_Other-service|marital-status_Divorced,0.088752|0.056891|0.045148|0.034974|0.021526|0.018938|0.018139|0.016665|0.015088|0.014132,0,4dff86cef819,3.11.15,"{""numpy"": ""1.26.4"", ""pandas"": ""3.0.3"", ""scikit-learn"": ""1.9.0"", ""torch"": ""2.12.0""}"
adult,logreg,race,prune:0.3,Other,10,marital-status_Married-civ-spouse|capital-gain|education-num|marital-status_Never-married|education_7th-8th|occupation_Tech-support|education_Bachelors|age|occupation_Exec-managerial|education_Preschool,0.041542|0.032979|0.023200|0.020553|0.009661|0.008635|0.008477|0.008328|0.007602|0.007165,0,4dff86cef819,3.11.15,"{""numpy"": ""1.26.4"", ""pandas"": ""3.0.3"", ""scikit-learn"": ""1.9.0"", ""torch"": ""2.12.0""}"
adult,logreg,race,prune:0.5,Amer-Indian-Eskimo,10,marital-status_Married-civ-spouse|marital-status_Never-married|capital-gain|hours-per-week|occupation_Exec-managerial|education-num|age|marital-status_Divorced|relationship_Not-in-family|capital-loss,0.073986|0.034123|0.031056|0.027519|0.021805|0.021205|0.018824|0.011595|0.011288|0.010760,0,5b0dcde944aa,3.11.15,"{""numpy"": ""1.26.4"", ""pandas"": ""3.0.3"", ""scikit-learn"": ""1.9.0"", ""torch"": ""2.12.0""}"
adult,logreg,race,prune:0.5,White,10,marital-status_Married-civ-spouse|capital-gain|marital-status_Never-married|education-num|age|hours-per-week|occupation_Exec-managerial|marital-status_Divorced|relationship_Not-in-family|education_Bachelors,0.090106|0.056189|0.047478|0.027202|0.027169|0.023127|0.020712|0.015396|0.014425|0.013808,0,5b0dcde944aa,3.11.15,"{""numpy"": ""1.26.4"", ""pandas"": ""3.0.3"", ""scikit-learn"": ""1.9.0"", ""torch"": ""2.12.0""}"
adult,logreg,race,prune:0.5,Black,10,marital-status_Married-civ-spouse|capital-gain|marital-status_Never-married|age|education-num|marital-status_Divorced|relationship_Not-in-family|occupation_Other-service|occupation_Exec-managerial|hours-per-week,0.058674|0.039897|0.034046|0.016342|0.015978|0.012976|0.010931|0.010207|0.009771|0.009635,0,5b0dcde944aa,3.11.15,"{""numpy"": ""1.26.4"", ""pandas"": ""3.0.3"", ""scikit-learn"": ""1.9.0"", ""torch"": ""2.12.0""}"
adult,logreg,race,prune:0.5,Asian-Pac-Islander,10,marital-status_Married-civ-spouse|capital-gain|marital-status_Never-married|education-num|age|hours-per-week|occupation_Prof-specialty|occupation_Exec-managerial|occupation_Other-service|marital-status_Divorced,0.085044|0.057462|0.043703|0.034971|0.020594|0.018650|0.017976|0.016437|0.014125|0.013749,0,5b0dcde944aa,3.11.15,"{""numpy"": ""1.26.4"", ""pandas"": ""3.0.3"", ""scikit-learn"": ""1.9.0"", ""torch"": ""2.12.0""}"
adult,logreg,race,prune:0.5,Other,10,marital-status_Married-civ-spouse|capital-gain|education-num|marital-status_Never-married|education_7th-8th|occupation_Tech-support|education_Bachelors|age|occupation_Exec-managerial|education_Preschool,0.041872|0.033278|0.024454|0.020728|0.009380|0.008651|0.008526|0.008470|0.007678|0.007152,0,5b0dcde944aa,3.11.15,"{""numpy"": ""1.26.4"", ""pandas"": ""3.0.3"", ""scikit-learn"": ""1.9.0"", ""torch"": ""2.12.0""}"
adult,logreg,race,prune:0.7,Amer-Indian-Eskimo,10,marital-status_Married-civ-spouse|marital-status_Never-married|hours-per-week|capital-gain|education-num|occupation_Exec-managerial|age|marital-status_Divorced|relationship_Not-in-family|capital-loss,0.076397|0.034964|0.032015|0.031612|0.022830|0.022713|0.018873|0.012058|0.011498|0.011373,0,b85560217b97,3.11.15,"{""numpy"": ""1.26.4"", ""pandas"": ""3.0.3"", ""scikit-learn"": ""1.9.0"", ""torch"": ""2.12.0""}"
adult,logreg,race,prune:0.7,White,10,marital-status_Married-civ-spouse|capital-gain|marital-status_Never-married|education-num|age|hours-per-week|occupation_Exec-managerial|marital-status_Divorced|relationship_Not-in-family|education_Bachelors,0.091332|0.058169|0.047894|0.028779|0.028291|0.024053|0.021155|0.015403|0.014577|0.014026,0,b85560217b97,3.11.15,"{""numpy"": ""1.26.4"", ""pandas"": ""3.0.3"", ""scikit-learn"": ""1.9.0"", ""torch"": ""2.12.0""}"
adult,logreg,race,prune:0.7,Black,10,marital-status_Married-civ-spouse|capital-gain|marital-status_Never-married|education-num|age|marital-status_Divorced|relationship_Not-in-family|hours-per-week|occupation_Other-service|occupation_Exec-managerial,0.059064|0.039677|0.033841|0.016907|0.016620|0.013144|0.010944|0.010363|0.010250|0.009743,0,b85560217b97,3.11.15,"{""numpy"": ""1.26.4"", ""pandas"": ""3.0.3"", ""scikit-learn"": ""1.9.0"", ""torch"": ""2.12.0""}"
adult,logreg,race,prune:0.7,Asian-Pac-Islander,10,marital-status_Married-civ-spouse|capital-gain|marital-status_Never-married|education-num|age|hours-per-week|occupation_Prof-specialty|occupation_Exec-managerial|marital-status_Divorced|relationship_Not-in-family,0.093107|0.062625|0.047224|0.037535|0.022997|0.021555|0.019129|0.017609|0.015296|0.015163,0,b85560217b97,3.11.15,"{""numpy"": ""1.26.4"", ""pandas"": ""3.0.3"", ""scikit-learn"": ""1.9.0"", ""torch"": ""2.12.0""}"
adult,logreg,race,prune:0.7,Other,10,marital-status_Married-civ-spouse|capital-gain|education-num|marital-status_Never-married|age|education_Preschool|education_7th-8th|education_Bachelors|occupation_Tech-support|occupation_Exec-managerial,0.046572|0.035306|0.028204|0.022705|0.010946|0.010548|0.009423|0.008947|0.008851|0.008211,0,b85560217b97,3.11.15,"{""numpy"": ""1.26.4"", ""pandas"": ""3.0.3"", ""scikit-learn"": ""1.9.0"", ""torch"": ""2.12.0""}"
adult,logreg,race,prune:0.9,Amer-Indian-Eskimo,10,marital-status_Married-civ-spouse|marital-status_Never-married|capital-gain|hours-per-week|education-num|age|capital-loss|marital-status_Divorced|occupation_Other-service|relationship_Own-child,0.086140|0.040348|0.036995|0.036764|0.027653|0.022094|0.017104|0.012640|0.010319|0.010042,0,fd22da94ba42,3.11.15,"{""numpy"": ""1.26.4"", ""pandas"": ""3.0.3"", ""scikit-learn"": ""1.9.0"", ""torch"": ""2.12.0""}"
adult,logreg,race,prune:0.9,White,10,marital-status_Married-civ-spouse|capital-gain|marital-status_Never-married|education-num|age|hours-per-week|marital-status_Divorced|capital-loss|occupation_Other-service|relationship_Own-child,0.094266|0.062812|0.048089|0.030622|0.030619|0.026231|0.015049|0.015000|0.014277|0.011871,0,fd22da94ba42,3.11.15,"{""numpy"": ""1.26.4"", ""pandas"": ""3.0.3"", ""scikit-learn"": ""1.9.0"", ""torch"": ""2.12.0""}"
adult,logreg,race,prune:0.9,Black,10,marital-status_Married-civ-spouse|capital-gain|marital-status_Never-married|education-num|age|marital-status_Divorced|occupation_Other-service|hours-per-week|relationship_Own-child|capital-loss,0.062177|0.038929|0.033436|0.018751|0.017719|0.012707|0.011477|0.011430|0.008450|0.005099,0,fd22da94ba42,3.11.15,"{""numpy"": ""1.26.4"", ""pandas"": ""3.0.3"", ""scikit-learn"": ""1.9.0"", ""torch"": ""2.12.0""}"
adult,logreg,race,prune:0.9,Asian-Pac-Islander,10,marital-status_Married-civ-spouse|capital-gain|marital-status_Never-married|education-num|age|hours-per-week|occupation_Other-service|marital-status_Divorced|relationship_Own-child|capital-loss,0.091242|0.075788|0.046127|0.036568|0.023900|0.017924|0.015647|0.014675|0.013400|0.010994,0,fd22da94ba42,3.11.15,"{""numpy"": ""1.26.4"", ""pandas"": ""3.0.3"", ""scikit-learn"": ""1.9.0"", ""torch"": ""2.12.0""}"
adult,logreg,race,prune:0.9,Other,10,marital-status_Married-civ-spouse|education-num|capital-gain|marital-status_Never-married|age|occupation_Other-service|hours-per-week|marital-status_Divorced|relationship_Own-child|capital-loss,0.067529|0.052985|0.050502|0.032597|0.019523|0.010694|0.010343|0.009199|0.008280|0.004907,0,fd22da94ba42,3.11.15,"{""numpy"": ""1.26.4"", ""pandas"": ""3.0.3"", ""scikit-learn"": ""1.9.0"", ""torch"": ""2.12.0""}"
adult,logreg,sex,none,Male,10,marital-status_Married-civ-spouse|capital-gain|marital-status_Never-married|education-num|age|hours-per-week|occupation_Exec-managerial|marital-status_Divorced|capital-loss|relationship_Not-in-family,0.103148|0.064775|0.049372|0.032047|0.031350|0.025836|0.024505|0.017708|0.016659|0.016197,1,9c9294008814,3.11.15,"{""numpy"": ""1.26.4"", ""pandas"": ""3.0.3"", ""scikit-learn"": ""1.9.0"", ""torch"": ""2.12.0""}"
adult,logreg,sex,none,Female,10,marital-status_Married-civ-spouse|capital-gain|marital-status_Never-married|marital-status_Divorced|age|education-num|hours-per-week|occupation_Exec-managerial|relationship_Not-in-family|relationship_Wife,0.059146|0.032856|0.031317|0.019499|0.016671|0.016408|0.015947|0.012460|0.012123|0.011857,1,9c9294008814,3.11.15,"{""numpy"": ""1.26.4"", ""pandas"": ""3.0.3"", ""scikit-learn"": ""1.9.0"", ""torch"": ""2.12.0""}"
adult,logreg,sex,prune:0.3,Male,10,marital-status_Married-civ-spouse|capital-gain|marital-status_Never-married|education-num|age|hours-per-week|occupation_Exec-managerial|marital-status_Divorced|capital-loss|relationship_Not-in-family,0.102942|0.065076|0.049393|0.032045|0.031308|0.025836|0.024547|0.017712|0.016679|0.016214,1,80da36fde7cd,3.11.15,"{""numpy"": ""1.26.4"", ""pandas"": ""3.0.3"", ""scikit-learn"": ""1.9.0"", ""torch"": ""2.12.0""}"
adult,logreg,sex,prune:0.3,Female,10,marital-status_Married-civ-spouse|capital-gain|marital-status_Never-married|marital-status_Divorced|age|education-num|hours-per-week|occupation_Exec-managerial|relationship_Not-in-family|relationship_Wife,0.059686|0.033067|0.031629|0.019639|0.016826|0.016586|0.016034|0.012557|0.012226|0.011991,1,80da36fde7cd,3.11.15,"{""numpy"": ""1.26.4"", ""pandas"": ""3.0.3"", ""scikit-learn"": ""1.9.0"", ""torch"": ""2.12.0""}"
adult,logreg,sex,prune:0.5,Male,10,marital-status_Married-civ-spouse|capital-gain|marital-status_Never-married|education-num|age|hours-per-week|occupation_Exec-managerial|marital-status_Divorced|capital-loss|relationship_Not-in-family,0.102977|0.065150|0.049457|0.032302|0.031379|0.025862|0.024570|0.017686|0.016789|0.016254,1,59ac0bdafad3,3.11.15,"{""numpy"": ""1.26.4"", ""pandas"": ""3.0.3"", ""scikit-learn"": ""1.9.0"", ""torch"": ""2.12.0""}"
adult,logreg,sex,prune:0.5,Female,10,marital-status_Married-civ-spouse|capital-gain|marital-status_Never-married|marital-status_Divorced|age|education-num|hours-per-week|occupation_Exec-managerial|relationship_Not-in-family|relationship_Wife,0.059340|0.032808|0.031447|0.019453|0.016791|0.016631|0.015994|0.012352|0.012154|0.012035,1,59ac0bdafad3,3.11.15,"{""numpy"": ""1.26.4"", ""pandas"": ""3.0.3"", ""scikit-learn"": ""1.9.0"", ""torch"": ""2.12.0""}"
adult,logreg,sex,prune:0.7,Male,10,marital-status_Married-civ-spouse|capital-gain|marital-status_Never-married|education-num|age|hours-per-week|occupation_Exec-managerial|marital-status_Divorced|capital-loss|occupation_Prof-specialty,0.103823|0.067582|0.049753|0.033727|0.032191|0.026851|0.024892|0.017592|0.017445|0.016473,1,8377d4d1953c,3.11.15,"{""numpy"": ""1.26.4"", ""pandas"": ""3.0.3"", ""scikit-learn"": ""1.9.0"", ""torch"": ""2.12.0""}"
adult,logreg,sex,prune:0.7,Female,10,marital-status_Married-civ-spouse|capital-gain|marital-status_Never-married|marital-status_Divorced|age|education-num|hours-per-week|relationship_Wife|occupation_Exec-managerial|relationship_Not-in-family,0.059669|0.033286|0.031312|0.019121|0.017037|0.016737|0.016080|0.012521|0.012187|0.012135,1,8377d4d1953c,3.11.15,"{""numpy"": ""1.26.4"", ""pandas"": ""3.0.3"", ""scikit-learn"": ""1.9.0"", ""torch"": ""2.12.0""}"
adult,logreg,sex,prune:0.9,Male,10,marital-status_Married-civ-spouse|capital-gain|marital-status_Never-married|education-num|age|hours-per-week|capital-loss|marital-status_Divorced|relationship_Own-child|occupation_Other-service,0.109747|0.075879|0.051655|0.037257|0.035050|0.029803|0.019573|0.017875|0.015768|0.015296,1,d63ba6ade0ca,3.11.15,"{""numpy"": ""1.26.4"", ""pandas"": ""3.0.3"", ""scikit-learn"": ""1.9.0"", ""torch"": ""2.12.0""}"
adult,logreg,sex,prune:0.9,Female,10,marital-status_Married-civ-spouse|capital-gain|marital-status_Never-married|hours-per-week|age|marital-status_Divorced|education-num|occupation_Other-service|relationship_Own-child|capital-loss,0.053991|0.033631|0.026128|0.016390|0.016265|0.016040|0.015313|0.009885|0.008385|0.008014,1,d63ba6ade0ca,3.11.15,"{""numpy"": ""1.26.4"", ""pandas"": ""3.0.3"", ""scikit-learn"": ""1.9.0"", ""torch"": ""2.12.0""}"
adult,logreg,race,none,White,10,marital-status_Married-civ-spouse|capital-gain|marital-status_Never-married|education-num|age|hours-per-week|occupation_Exec-managerial|marital-status_Divorced|relationship_Not-in-family|occupation_Prof-specialty,0.093775|0.056056|0.045546|0.028538|0.028010|0.024546|0.021980|0.019560|0.015704|0.014900,1,bfff18071fd3,3.11.15,"{""numpy"": ""1.26.4"", ""pandas"": ""3.0.3"", ""scikit-learn"": ""1.9.0"", ""torch"": ""2.12.0""}"
adult,logreg,race,none,Black,10,marital-status_Married-civ-spouse|capital-gain|marital-status_Never-married|age|education-num|marital-status_Divorced|occupation_Exec-managerial|occupation_Other-service|relationship_Not-in-family|relationship_Own-child,0.050464|0.039487|0.026275|0.015405|0.013388|0.010706|0.010602|0.009563|0.008865|0.008506,1,bfff18071fd3,3.11.15,"{""numpy"": ""1.26.4"", ""pandas"": ""3.0.3"", ""scikit-learn"": ""1.9.0"", ""torch"": ""2.12.0""}"
adult,logreg,race,none,Amer-Indian-Eskimo,10,marital-status_Married-civ-spouse|capital-gain|marital-status_Never-married|hours-per-week|marital-status_Divorced|occupation_Exec-managerial|occupation_Other-service|age|relationship_Not-in-family|relationship_Own-child,0.046995|0.033960|0.021724|0.013328|0.011328|0.011171|0.010865|0.010162|0.007062|0.005951,1,bfff18071fd3,3.11.15,"{""numpy"": ""1.26.4"", ""pandas"": ""3.0.3"", ""scikit-learn"": ""1.9.0"", ""torch"": ""2.12.0""}"
adult,logreg,race,none,Asian-Pac-Islander,10,marital-status_Married-civ-spouse|capital-gain|marital-status_Never-married|education-num|age|hours-per-week|occupation_Prof-specialty|occupation_Exec-managerial|capital-loss|education_Bachelors,0.080827|0.052442|0.046646|0.031332|0.026660|0.021845|0.016776|0.015949|0.014410|0.013710,1,bfff18071fd3,3.11.15,"{""numpy"": ""1.26.4"", ""pandas"": ""3.0.3"", ""scikit-learn"": ""1.9.0"", ""torch"": ""2.12.0""}"
adult,logreg,race,none,Other,10,marital-status_Married-civ-spouse|capital-gain|marital-status_Never-married|occupation_Protective-serv|occupation_Other-service|education-num|age|relationship_Own-child|relationship_Not-in-family|hours-per-week,0.065737|0.059873|0.030607|0.025575|0.021066|0.018434|0.012251|0.011086|0.009826|0.009714,1,bfff18071fd3,3.11.15,"{""numpy"": ""1.26.4"", ""pandas"": ""3.0.3"", ""scikit-learn"": ""1.9.0"", ""torch"": ""2.12.0""}"
adult,logreg,race,prune:0.3,White,10,marital-status_Married-civ-spouse|capital-gain|marital-status_Never-married|education-num|age|hours-per-week|occupation_Exec-managerial|marital-status_Divorced|relationship_Not-in-family|occupation_Prof-specialty,0.093707|0.056324|0.045627|0.028561|0.028002|0.024567|0.022024|0.019594|0.015747|0.014949,1,79772f7f85b0,3.11.15,"{""numpy"": ""1.26.4"", ""pandas"": ""3.0.3"", ""scikit-learn"": ""1.9.0"", ""torch"": ""2.12.0""}"
adult,logreg,race,prune:0.3,Black,10,marital-status_Married-civ-spouse|capital-gain|marital-status_Never-married|age|education-num|marital-status_Divorced|occupation_Exec-managerial|occupation_Other-service|relationship_Not-in-family|relationship_Own-child,0.050844|0.039586|0.026498|0.015510|0.013600|0.010811|0.010660|0.009615|0.008919|0.008575,1,79772f7f85b0,3.11.15,"{""numpy"": ""1.26.4"", ""pandas"": ""3.0.3"", ""scikit-learn"": ""1.9.0"", ""torch"": ""2.12.0""}"
adult,logreg,race,prune:0.3,Amer-Indian-Eskimo,10,marital-status_Married-civ-spouse|capital-gain|marital-status_Never-married|hours-per-week|marital-status_Divorced|occupation_Exec-managerial|occupation_Other-service|age|relationship_Not-in-family|relationship_Own-child,0.047578|0.034289|0.022108|0.013378|0.011577|0.011341|0.010974|0.010211|0.007151|0.006005,1,79772f7f85b0,3.11.15,"{""numpy"": ""1.26.4"", ""pandas"": ""3.0.3"", ""scikit-learn"": ""1.9.0"", ""torch"": ""2.12.0""}"
adult,logreg,race,prune:0.3,Asian-Pac-Islander,10,marital-status_Married-civ-spouse|capital-gain|marital-status_Never-married|education-num|age|hours-per-week|occupation_Prof-specialty|occupation_Exec-managerial|capital-loss|relationship_Not-in-family,0.082536|0.053275|0.047339|0.031870|0.027292|0.022445|0.016658|0.016416|0.014038|0.013743,1,79772f7f85b0,3.11.15,"{""numpy"": ""1.26.4"", ""pandas"": ""3.0.3"", ""scikit-learn"": ""1.9.0"", ""torch"": ""2.12.0""}"
adult,logreg,race,prune:0.3,Other,10,marital-status_Married-civ-spouse|capital-gain|marital-status_Never-married|occupation_Protective-serv|occupation_Other-service|education-num|age|relationship_Own-child|relationship_Not-in-family|hours-per-week,0.066436|0.060392|0.030854|0.025648|0.020780|0.018423|0.012289|0.011470|0.009890|0.009727,1,79772f7f85b0,3.11.15,"{""numpy"": ""1.26.4"", ""pandas"": ""3.0.3"", ""scikit-learn"": ""1.9.0"", ""torch"": ""2.12.0""}"
adult,logreg,race,prune:0.5,White,10,marital-status_Married-civ-spouse|capital-gain|marital-status_Never-married|education-num|age|hours-per-week|occupation_Exec-managerial|marital-status_Divorced|relationship_Not-in-family|capital-loss,0.093610|0.056293|0.045649|0.028745|0.028052|0.024565|0.021979|0.019518|0.015753|0.014938,1,c00b03b7dfbc,3.11.15,"{""numpy"": ""1.26.4"", ""pandas"": ""3.0.3"", ""scikit-learn"": ""1.9.0"", ""torch"": ""2.12.0""}"
adult,logreg,race,prune:0.5,Black,10,marital-status_Married-civ-spouse|capital-gain|marital-status_Never-married|age|education-num|marital-status_Divorced|occupation_Exec-managerial|occupation_Other-service|relationship_Not-in-family|relationship_Own-child,0.050437|0.039336|0.026274|0.015440|0.013571|0.010705|0.010556|0.009425|0.008897|0.008596,1,c00b03b7dfbc,3.11.15,"{""numpy"": ""1.26.4"", ""pandas"": ""3.0.3"", ""scikit-learn"": ""1.9.0"", ""torch"": ""2.12.0""}"
adult,logreg,race,prune:0.5,Amer-Indian-Eskimo,10,marital-status_Married-civ-spouse|capital-gain|marital-status_Never-married|hours-per-week|occupation_Other-service|occupation_Exec-managerial|marital-status_Divorced|age|relationship_Not-in-family|relationship_Own-child,0.046751|0.034354|0.021655|0.013343|0.011373|0.011213|0.011207|0.010229|0.007037|0.005924,1,c00b03b7dfbc,3.11.15,"{""numpy"": ""1.26.4"", ""pandas"": ""3.0.3"", ""scikit-learn"": ""1.9.0"", ""torch"": ""2.12.0""}"
adult,logreg,race,prune:0.5,Asian-Pac-Islander,10,marital-status_Married-civ-spouse|capital-gain|marital-status_Never-married|education-num|age|hours-per-week|occupation_Prof-specialty|occupation_Exec-managerial|capital-loss|education_Bachelors,0.083476|0.053309|0.046833|0.032387|0.027085|0.023100|0.016611|0.016254|0.014568|0.013928,1,c00b03b7dfbc,3.11.15,"{""numpy"": ""1.26.4"", ""pandas"": ""3.0.3"", ""scikit-learn"": ""1.9.0"", ""torch"": ""2.12.0""}"
adult,logreg,race,prune:0.5,Other,10,marital-status_Married-civ-spouse|capital-gain|marital-status_Never-married|occupation_Protective-serv|occupation_Other-service|education-num|age|relationship_Own-child|occupation_Farming-fishing|native-country_Mexico,0.068275|0.062461|0.031971|0.025165|0.022605|0.021276|0.013286|0.011851|0.011467|0.010980,1,c00b03b7dfbc,3.11.15,"{""numpy"": ""1.26.4"", ""pandas"": ""3.0.3"", ""scikit-learn"": ""1.9.0"", ""torch"": ""2.12.0""}"
adult,logreg,race,prune:0.7,White,10,marital-status_Married-civ-spouse|capital-gain|marital-status_Never-married|education-num|age|hours-per-week|occupation_Exec-managerial|marital-status_Divorced|relationship_Not-in-family|capital-loss,0.094166|0.058198|0.045733|0.029723|0.028648|0.025251|0.022130|0.019282|0.015831|0.015441,1,6b16f83ff7bc,3.11.15,"{""numpy"": ""1.26.4"", ""pandas"": ""3.0.3"", ""scikit-learn"": ""1.9.0"", ""torch"": ""2.12.0""}"
adult,logreg,race,prune:0.7,Black,10,marital-status_Married-civ-spouse|capital-gain|marital-status_Never-married|age|education-num|marital-status_Divorced|occupation_Exec-managerial|occupation_Other-service|relationship_Not-in-family|relationship_Own-child,0.050508|0.039680|0.026066|0.015813|0.014088|0.010770|0.010521|0.009497|0.008928|0.008268,1,6b16f83ff7bc,3.11.15,"{""numpy"": ""1.26.4"", ""pandas"": ""3.0.3"", ""scikit-learn"": ""1.9.0"", ""torch"": ""2.12.0""}"
adult,logreg,race,prune:0.7,Amer-Indian-Eskimo,10,marital-status_Married-civ-spouse|capital-gain|marital-status_Never-married|hours-per-week|occupation_Other-service|occupation_Exec-managerial|marital-status_Divorced|age|relationship_Not-in-family|capital-loss,0.051185|0.036590|0.023909|0.013975|0.012711|0.011981|0.011803|0.011367|0.007584|0.006477,1,6b16f83ff7bc,3.11.15,"{""numpy"": ""1.26.4"", ""pandas"": ""3.0.3"", ""scikit-learn"": ""1.9.0"", ""torch"": ""2.12.0""}"
adult,logreg,race,prune:0.7,Asian-Pac-Islander,10,marital-status_Married-civ-spouse|capital-gain|marital-status_Never-married|education-num|age|hours-per-week|occupation_Prof-specialty|occupation_Exec-managerial|capital-loss|education_Bachelors,0.087716|0.054797|0.049008|0.033842|0.028877|0.024383|0.017370|0.016947|0.015150|0.014565,1,6b16f83ff7bc,3.11.15,"{""numpy"": ""1.26.4"", ""pandas"": ""3.0.3"", ""scikit-learn"": ""1.9.0"", ""torch"": ""2.12.0""}"
adult,logreg,race,prune:0.7,Other,10,capital-gain|marital-status_Married-civ-spouse|marital-status_Never-married|education-num|occupation_Other-service|occupation_Farming-fishing|age|relationship_Own-child|hours-per-week|relationship_Other-relative,0.070625|0.069200|0.032721|0.029401|0.027273|0.015437|0.014680|0.014405|0.011268|0.011200,1,6b16f83ff7bc,3.11.15,"{""numpy"": ""1.26.4"", ""pandas"": ""3.0.3"", ""scikit-learn"": ""1.9.0"", ""torch"": ""2.12.0""}"
adult,logreg,race,prune:0.9,White,10,marital-status_Married-civ-spouse|capital-gain|marital-status_Never-married|education-num|age|hours-per-week|marital-status_Divorced|capital-loss|relationship_Own-child|occupation_Other-service,0.095685|0.063584|0.045111|0.031541|0.030300|0.027252|0.018194|0.016665|0.013777|0.013633,1,f017fdbc0b00,3.11.15,"{""numpy"": ""1.26.4"", ""pandas"": ""3.0.3"", ""scikit-learn"": ""1.9.0"", ""torch"": ""2.12.0""}"
adult,logreg,race,prune:0.9,Black,10,marital-status_Married-civ-spouse|capital-gain|marital-status_Never-married|age|education-num|occupation_Other-service|marital-status_Divorced|relationship_Own-child|hours-per-week|capital-loss,0.055190|0.046430|0.027154|0.017143|0.016046|0.011246|0.010955|0.009385|0.008969|0.007998,1,f017fdbc0b00,3.11.15,"{""numpy"": ""1.26.4"", ""pandas"": ""3.0.3"", ""scikit-learn"": ""1.9.0"", ""torch"": ""2.12.0""}"
adult,logreg,race,prune:0.9,Amer-Indian-Eskimo,10,marital-status_Married-civ-spouse|capital-gain|marital-status_Never-married|hours-per-week|marital-status_Divorced|occupation_Other-service|age|education-num|capital-loss|relationship_Own-child,0.058202|0.038694|0.026237|0.016067|0.014377|0.014039|0.012472|0.008749|0.007419|0.007388,1,f017fdbc0b00,3.11.15,"{""numpy"": ""1.26.4"", ""pandas"": ""3.0.3"", ""scikit-learn"": ""1.9.0"", ""torch"": ""2.12.0""}"
adult,logreg,race,prune:0.9,Asian-Pac-Islander,10,marital-status_Married-civ-spouse|capital-gain|marital-status_Never-married|education-num|age|hours-per-week|capital-loss|relationship_Own-child|marital-status_Divorced|occupation_Other-service,0.088876|0.062917|0.044156|0.034547|0.030233|0.028456|0.018033|0.013827|0.013355|0.012760,1,f017fdbc0b00,3.11.15,"{""numpy"": ""1.26.4"", ""pandas"": ""3.0.3"", ""scikit-learn"": ""1.9.0"", ""torch"": ""2.12.0""}"
adult,logreg,race,prune:0.9,Other,10,marital-status_Married-civ-spouse|capital-gain|marital-status_Never-married|education-num|occupation_Other-service|age|hours-per-week|relationship_Own-child|marital-status_Divorced|capital-loss,0.097370|0.087286|0.045999|0.042145|0.032735|0.022982|0.017773|0.017732|0.013947|0.007846,1,f017fdbc0b00,3.11.15,"{""numpy"": ""1.26.4"", ""pandas"": ""3.0.3"", ""scikit-learn"": ""1.9.0"", ""torch"": ""2.12.0""}"
adult,logreg,sex,none,Male,10,marital-status_Married-civ-spouse|capital-gain|marital-status_Never-married|education-num|age|hours-per-week|occupation_Exec-managerial|capital-loss|marital-status_Divorced|education_Bachelors,0.095327|0.067869|0.048012|0.033922|0.030050|0.024832|0.022758|0.015351|0.015068|0.014884,2,53c2f826617b,3.11.15,"{""numpy"": ""1.26.4"", ""pandas"": ""3.0.3"", ""scikit-learn"": ""1.9.0"", ""torch"": ""2.12.0""}"
adult,logreg,sex,none,Female,10,marital-status_Married-civ-spouse|capital-gain|marital-status_Never-married|marital-status_Divorced|education-num|age|hours-per-week|relationship_Wife|occupation_Exec-managerial|occupation_Other-service,0.046899|0.036514|0.027526|0.014318|0.013706|0.013017|0.011520|0.011300|0.010357|0.008727,2,53c2f826617b,3.11.15,"{""numpy"": ""1.26.4"", ""pandas"": ""3.0.3"", ""scikit-learn"": ""1.9.0"", ""torch"": ""2.12.0""}"
adult,logreg,sex,prune:0.3,Male,10,marital-status_Married-civ-spouse|capital-gain|marital-status_Never-married|education-num|age|hours-per-week|occupation_Exec-managerial|capital-loss|marital-status_Divorced|education_Bachelors,0.095323|0.067986|0.048011|0.033934|0.030071|0.024840|0.022782|0.015351|0.015078|0.014882,2,879224f619b3,3.11.15,"{""numpy"": ""1.26.4"", ""pandas"": ""3.0.3"", ""scikit-learn"": ""1.9.0"", ""torch"": ""2.12.0""}"
adult,logreg,sex,prune:0.3,Female,10,marital-status_Married-civ-spouse|capital-gain|marital-status_Never-married|marital-status_Divorced|education-num|age|hours-per-week|relationship_Wife|occupation_Exec-managerial|occupation_Other-service,0.046587|0.036317|0.027346|0.014207|0.013584|0.012940|0.011445|0.011226|0.010294|0.008677,2,879224f619b3,3.11.15,"{""numpy"": ""1.26.4"", ""pandas"": ""3.0.3"", ""scikit-learn"": ""1.9.0"", ""torch"": ""2.12.0""}"
adult,logreg,sex,prune:0.5,Male,10,marital-status_Married-civ-spouse|capital-gain|marital-status_Never-married|education-num|age|hours-per-week|occupation_Exec-managerial|capital-loss|marital-status_Divorced|education_Bachelors,0.094607|0.067897|0.047678|0.034293|0.029963|0.024773|0.022712|0.015279|0.014999|0.014877,2,089004680288,3.11.15,"{""numpy"": ""1.26.4"", ""pandas"": ""3.0.3"", ""scikit-learn"": ""1.9.0"", ""torch"": ""2.12.0""}"
adult,logreg,sex,prune:0.5,Female,10,marital-status_Married-civ-spouse|capital-gain|marital-status_Never-married|marital-status_Divorced|education-num|age|hours-per-week|relationship_Wife|occupation_Exec-managerial|occupation_Other-service,0.047336|0.036759|0.027716|0.014575|0.013898|0.013099|0.011535|0.011169|0.010386|0.008715,2,089004680288,3.11.15,"{""numpy"": ""1.26.4"", ""pandas"": ""3.0.3"", ""scikit-learn"": ""1.9.0"", ""torch"": ""2.12.0""}"
adult,logreg,sex,prune:0.7,Male,10,marital-status_Married-civ-spouse|capital-gain|marital-status_Never-married|education-num|age|hours-per-week|occupation_Exec-managerial|capital-loss|marital-status_Divorced|education_Bachelors,0.095259|0.070713|0.048235|0.035431|0.030870|0.025677|0.023178|0.015893|0.015307|0.015289,2,2a1897fb2905,3.11.15,"{""numpy"": ""1.26.4"", ""pandas"": ""3.0.3"", ""scikit-learn"": ""1.9.0"", ""torch"": ""2.12.0""}"
adult,logreg,sex,prune:0.7,Female,10,marital-status_Married-civ-spouse|capital-gain|marital-status_Never-married|marital-status_Divorced|education-num|age|hours-per-week|relationship_Wife|occupation_Exec-managerial|occupation_Other-service,0.048745|0.037331|0.028230|0.014872|0.014390|0.013683|0.012102|0.011639|0.010520|0.009061,2,2a1897fb2905,3.11.15,"{""numpy"": ""1.26.4"", ""pandas"": ""3.0.3"", ""scikit-learn"": ""1.9.0"", ""torch"": ""2.12.0""}"
adult,logreg,sex,prune:0.9,Male,10,marital-status_Married-civ-spouse|capital-gain|marital-status_Never-married|education-num|age|hours-per-week|capital-loss|occupation_Other-service|marital-status_Divorced|education_Preschool,0.097457|0.079765|0.049205|0.037871|0.033358|0.026787|0.017207|0.015598|0.015283|0.000838,2,2dc8a489a0c1,3.11.15,"{""numpy"": ""1.26.4"", ""pandas"": ""3.0.3"", ""scikit-learn"": ""1.9.0"", ""torch"": ""2.12.0""}"
adult,logreg,sex,prune:0.9,Female,10,marital-status_Married-civ-spouse|capital-gain|marital-status_Never-married|age|education-num|marital-status_Divorced|hours-per-week|occupation_Other-service|capital-loss|education_Preschool,0.044019|0.037482|0.024395|0.013538|0.012570|0.012417|0.011972|0.008629|0.004595|0.000384,2,2dc8a489a0c1,3.11.15,"{""numpy"": ""1.26.4"", ""pandas"": ""3.0.3"", ""scikit-learn"": ""1.9.0"", ""torch"": ""2.12.0""}"
adult,logreg,race,none,White,10,marital-status_Married-civ-spouse|capital-gain|marital-status_Never-married|education-num|age|hours-per-week|occupation_Exec-managerial|marital-status_Divorced|education_Bachelors|occupation_Prof-specialty,0.083994|0.061036|0.043196|0.028471|0.026113|0.021574|0.020153|0.015332|0.013008|0.012986,2,cfdf4fa27aab,3.11.15,"{""numpy"": ""1.26.4"", ""pandas"": ""3.0.3"", ""scikit-learn"": ""1.9.0"", ""torch"": ""2.12.0""}"
adult,logreg,race,none,Black,10,marital-status_Married-civ-spouse|capital-gain|marital-status_Never-married|education-num|age|marital-status_Divorced|hours-per-week|occupation_Exec-managerial|occupation_Other-service|relationship_Own-child,0.052099|0.035135|0.029563|0.017162|0.014785|0.012606|0.010595|0.009894|0.009408|0.007836,2,cfdf4fa27aab,3.11.15,"{""numpy"": ""1.26.4"", ""pandas"": ""3.0.3"", ""scikit-learn"": ""1.9.0"", ""torch"": ""2.12.0""}"
adult,logreg,race,none,Asian-Pac-Islander,10,marital-status_Married-civ-spouse|capital-gain|marital-status_Never-married|education-num|hours-per-week|age|capital-loss|education_Masters|occupation_Exec-managerial|occupation_Other-service,0.077721|0.062658|0.042744|0.035763|0.031939|0.022053|0.017938|0.017804|0.016280|0.015478,2,cfdf4fa27aab,3.11.15,"{""numpy"": ""1.26.4"", ""pandas"": ""3.0.3"", ""scikit-learn"": ""1.9.0"", ""torch"": ""2.12.0""}"
adult,logreg,race,none,Amer-Indian-Eskimo,10,marital-status_Married-civ-spouse|capital-gain|marital-status_Never-married|hours-per-week|education-num|age|occupation_Prof-specialty|marital-status_Divorced|occupation_Other-service|relationship_Own-child,0.032165|0.019947|0.017074|0.014089|0.012133|0.009330|0.008997|0.008167|0.004490|0.004330,2,cfdf4fa27aab,3.11.15,"{""numpy"": ""1.26.4"", ""pandas"": ""3.0.3"", ""scikit-learn"": ""1.9.0"", ""torch"": ""2.12.0""}"
adult,logreg,race,none,Other,10,marital-status_Married-civ-spouse|education-num|marital-status_Never-married|capital-gain|capital-loss|occupation_Prof-specialty|age|occupation_Exec-managerial|occupation_Farming-fishing|education_Masters,0.048777|0.040533|0.029468|0.026354|0.014525|0.014133|0.014122|0.011402|0.011324|0.009387,2,cfdf4fa27aab,3.11.15,"{""numpy"": ""1.26.4"", ""pandas"": ""3.0.3"", ""scikit-learn"": ""1.9.0"", ""torch"": ""2.12.0""}"
adult,logreg,race,prune:0.3,White,10,marital-status_Married-civ-spouse|capital-gain|marital-status_Never-married|education-num|age|hours-per-week|occupation_Exec-managerial|marital-status_Divorced|education_Bachelors|occupation_Prof-specialty,0.083883|0.061054|0.043135|0.028463|0.026108|0.021557|0.020145|0.015301|0.013001|0.012977,2,bb68ebe075dc,3.11.15,"{""numpy"": ""1.26.4"", ""pandas"": ""3.0.3"", ""scikit-learn"": ""1.9.0"", ""torch"": ""2.12.0""}"
adult,logreg,race,prune:0.3,Black,10,marital-status_Married-civ-spouse|capital-gain|marital-status_Never-married|education-num|age|marital-status_Divorced|hours-per-week|occupation_Exec-managerial|occupation_Other-service|relationship_Own-child,0.052392|0.035296|0.029722|0.017217|0.014865|0.012615|0.010591|0.009941|0.009454|0.007890,2,bb68ebe075dc,3.11.15,"{""numpy"": ""1.26.4"", ""pandas"": ""3.0.3"", ""scikit-learn"": ""1.9.0"", ""torch"": ""2.12.0""}"
adult,logreg,race,prune:0.3,Asian-Pac-Islander,10,marital-status_Married-civ-spouse|capital-gain|marital-status_Never-married|education-num|hours-per-week|age|capital-loss|education_Masters|occupation_Exec-managerial|occupation_Other-service,0.076622|0.062257|0.042137|0.034930|0.031819|0.021647|0.017476|0.017247|0.016241|0.015684,2,bb68ebe075dc,3.11.15,"{""numpy"": ""1.26.4"", ""pandas"": ""3.0.3"", ""scikit-learn"": ""1.9.0"", ""torch"": ""2.12.0""}"
adult,logreg,race,prune:0.3,Amer-Indian-Eskimo,10,marital-status_Married-civ-spouse|capital-gain|marital-status_Never-married|hours-per-week|education-num|age|occupation_Prof-specialty|marital-status_Divorced|occupation_Other-service|relationship_Own-child,0.032058|0.019892|0.016903|0.014138|0.012169|0.009305|0.008934|0.008225|0.004451|0.004318,2,bb68ebe075dc,3.11.15,"{""numpy"": ""1.26.4"", ""pandas"": ""3.0.3"", ""scikit-learn"": ""1.9.0"", ""torch"": ""2.12.0""}"
adult,logreg,race,prune:0.3,Other,10,marital-status_Married-civ-spouse|education-num|marital-status_Never-married|capital-gain|capital-loss|age|occupation_Prof-specialty|occupation_Farming-fishing|occupation_Exec-managerial|education_Masters,0.048283|0.039852|0.028990|0.026020|0.014492|0.014036|0.013776|0.011363|0.011335|0.009369,2,bb68ebe075dc,3.11.15,"{""numpy"": ""1.26.4"", ""pandas"": ""3.0.3"", ""scikit-learn"": ""1.9.0"", ""torch"": ""2.12.0""}"
adult,logreg,race,prune:0.5,White,10,marital-status_Married-civ-spouse|capital-gain|marital-status_Never-married|education-num|age|hours-per-week|occupation_Exec-managerial|marital-status_Divorced|education_Bachelors|occupation_Prof-specialty,0.083607|0.061131|0.043064|0.028748|0.026083|0.021540|0.020134|0.015356|0.013037|0.012994,2,1e302622f90c,3.11.15,"{""numpy"": ""1.26.4"", ""pandas"": ""3.0.3"", ""scikit-learn"": ""1.9.0"", ""torch"": ""2.12.0""}"
adult,logreg,race,prune:0.5,Black,10,marital-status_Married-civ-spouse|capital-gain|marital-status_Never-married|education-num|age|marital-status_Divorced|hours-per-week|occupation_Exec-managerial|occupation_Other-service|relationship_Own-child,0.052882|0.035558|0.030025|0.017723|0.015077|0.012851|0.010711|0.010011|0.009589|0.007927,2,1e302622f90c,3.11.15,"{""numpy"": ""1.26.4"", ""pandas"": ""3.0.3"", ""scikit-learn"": ""1.9.0"", ""torch"": ""2.12.0""}"
adult,logreg,race,prune:0.5,Asian-Pac-Islander,10,marital-status_Married-civ-spouse|capital-gain|marital-status_Never-married|education-num|hours-per-week|age|education_Masters|capital-loss|occupation_Exec-managerial|occupation_Other-service,0.073859|0.061304|0.039029|0.034628|0.031355|0.020554|0.017310|0.016812|0.015735|0.014968,2,1e302622f90c,3.11.15,"{""numpy"": ""1.26.4"", ""pandas"": ""3.0.3"", ""scikit-learn"": ""1.9.0"", ""torch"": ""2.12.0""}"
adult,logreg,race,prune:0.5,Amer-Indian-Eskimo,10,marital-status_Married-civ-spouse|capital-gain|marital-status_Never-married|education-num|hours-per-week|age|occupation_Prof-specialty|marital-status_Divorced|occupation_Other-service|relationship_Own-child,0.033316|0.020864|0.017690|0.015215|0.014025|0.009818|0.009178|0.008604|0.004681|0.004501,2,1e302622f90c,3.11.15,"{""numpy"": ""1.26.4"", ""pandas"": ""3.0.3"", ""scikit-learn"": ""1.9.0"", ""torch"": ""2.12.0""}"
adult,logreg,race,prune:0.5,Other,10,marital-status_Married-civ-spouse|education-num|marital-status_Never-married|capital-gain|age|occupation_Prof-specialty|capital-loss|occupation_Farming-fishing|occupation_Exec-managerial|education_Masters,0.049176|0.044542|0.029638|0.027067|0.014527|0.013896|0.013548|0.011443|0.010913|0.009407,2,1e302622f90c,3.11.15,"{""numpy"": ""1.26.4"", ""pandas"": ""3.0.3"", ""scikit-learn"": ""1.9.0"", ""torch"": ""2.12.0""}"
adult,logreg,race,prune:0.7,White,10,marital-status_Married-civ-spouse|capital-gain|marital-status_Never-married|education-num|age|hours-per-week|occupation_Exec-managerial|marital-status_Divorced|education_Bachelors|capital-loss,0.084515|0.063493|0.043632|0.029647|0.026973|0.022429|0.020542|0.015697|0.013375|0.013253,2,ca48ddd1da15,3.11.15,"{""numpy"": ""1.26.4"", ""pandas"": ""3.0.3"", ""scikit-learn"": ""1.9.0"", ""torch"": ""2.12.0""}"
adult,logreg,race,prune:0.7,Black,10,marital-status_Married-civ-spouse|capital-gain|marital-status_Never-married|education-num|age|marital-status_Divorced|hours-per-week|occupation_Exec-managerial|occupation_Other-service|education_Bachelors,0.051776|0.035559|0.029356|0.017675|0.014940|0.012608|0.010713|0.009829|0.009420|0.007958,2,ca48ddd1da15,3.11.15,"{""numpy"": ""1.26.4"", ""pandas"": ""3.0.3"", ""scikit-learn"": ""1.9.0"", ""torch"": ""2.12.0""}"
adult,logreg,race,prune:0.7,Asian-Pac-Islander,10,marital-status_Married-civ-spouse|capital-gain|marital-status_Never-married|education-num|hours-per-week|age|capital-loss|education_Masters|occupation_Exec-managerial|education_Bachelors,0.079485|0.062695|0.042122|0.037048|0.031670|0.021615|0.018517|0.018103|0.016361|0.015716,2,ca48ddd1da15,3.11.15,"{""numpy"": ""1.26.4"", ""pandas"": ""3.0.3"", ""scikit-learn"": ""1.9.0"", ""torch"": ""2.12.0""}"
adult,logreg,race,prune:0.7,Amer-Indian-Eskimo,10,marital-status_Married-civ-spouse|capital-gain|education-num|marital-status_Never-married|hours-per-week|age|marital-status_Divorced|occupation_Prof-specialty|occupation_Other-service|relationship_Own-child,0.038399|0.024387|0.023035|0.020240|0.016779|0.012356|0.009767|0.009627|0.005336|0.005189,2,ca48ddd1da15,3.11.15,"{""numpy"": ""1.26.4"", ""pandas"": ""3.0.3"", ""scikit-learn"": ""1.9.0"", ""torch"": ""2.12.0""}"
adult,logreg,race,prune:0.7,Other,10,marital-status_Married-civ-spouse|education-num|marital-status_Never-married|capital-gain|age|occupation_Prof-specialty|capital-loss|occupation_Exec-managerial|occupation_Farming-fishing|education_Masters,0.051884|0.049127|0.031391|0.028768|0.015151|0.014664|0.014647|0.011780|0.010787|0.009943,2,ca48ddd1da15,3.11.15,"{""numpy"": ""1.26.4"", ""pandas"": ""3.0.3"", ""scikit-learn"": ""1.9.0"", ""torch"": ""2.12.0""}"
adult,logreg,race,prune:0.9,White,10,marital-status_Married-civ-spouse|capital-gain|marital-status_Never-married|education-num|age|hours-per-week|marital-status_Divorced|capital-loss|occupation_Other-service|education_Preschool,0.084339|0.069974|0.043064|0.030955|0.028636|0.023182|0.014840|0.013992|0.013748|0.000730,2,e121af25d459,3.11.15,"{""numpy"": ""1.26.4"", ""pandas"": ""3.0.3"", ""scikit-learn"": ""1.9.0"", ""torch"": ""2.12.0""}"
adult,logreg,race,prune:0.9,Black,10,marital-status_Married-civ-spouse|capital-gain|marital-status_Never-married|education-num|age|marital-status_Divorced|hours-per-week|occupation_Other-service|capital-loss|education_Preschool,0.053256|0.038648|0.028533|0.017617|0.016160|0.012033|0.011692|0.010785|0.004323|0.000439,2,e121af25d459,3.11.15,"{""numpy"": ""1.26.4"", ""pandas"": ""3.0.3"", ""scikit-learn"": ""1.9.0"", ""torch"": ""2.12.0""}"
adult,logreg,race,prune:0.9,Asian-Pac-Islander,10,marital-status_Married-civ-spouse|capital-gain|marital-status_Never-married|education-num|hours-per-week|age|capital-loss|occupation_Other-service|marital-status_Divorced|education_Preschool,0.076033|0.072602|0.040895|0.033410|0.029219|0.022543|0.021583|0.015181|0.011824|0.000615,2,e121af25d459,3.11.15,"{""numpy"": ""1.26.4"", ""pandas"": ""3.0.3"", ""scikit-learn"": ""1.9.0"", ""torch"": ""2.12.0""}"
adult,logreg,race,prune:0.9,Amer-Indian-Eskimo,10,marital-status_Married-civ-spouse|capital-gain|education-num|marital-status_Never-married|hours-per-week|age|marital-status_Divorced|occupation_Other-service|capital-loss|education_Preschool,0.039165|0.025252|0.021875|0.021596|0.020659|0.013851|0.008518|0.005514|0.002814|0.000335,2,e121af25d459,3.11.15,"{""numpy"": ""1.26.4"", ""pandas"": ""3.0.3"", ""scikit-learn"": ""1.9.0"", ""torch"": ""2.12.0""}"
adult,logreg,race,prune:0.9,Other,10,marital-status_Married-civ-spouse|education-num|capital-gain|marital-status_Never-married|age|capital-loss|marital-status_Divorced|occupation_Other-service|hours-per-week|education_Preschool,0.065585|0.061867|0.039579|0.036641|0.024672|0.020806|0.008220|0.008157|0.007658|0.000567,2,e121af25d459,3.11.15,"{""numpy"": ""1.26.4"", ""pandas"": ""3.0.3"", ""scikit-learn"": ""1.9.0"", ""torch"": ""2.12.0""}"
adult,logreg,sex,none,Male,10,marital-status_Married-civ-spouse|capital-gain|marital-status_Never-married|education-num|age|hours-per-week|occupation_Exec-managerial|marital-status_Divorced|capital-loss|education_Bachelors,0.097357|0.057392|0.050106|0.032621|0.030103|0.026847|0.023571|0.016057|0.015562|0.015340,3,7d22d38b8122,3.11.15,"{""numpy"": ""1.26.4"", ""pandas"": ""3.0.3"", ""scikit-learn"": ""1.9.0"", ""torch"": ""2.12.0""}"
adult,logreg,sex,none,Female,10,marital-status_Married-civ-spouse|capital-gain|marital-status_Never-married|education-num|marital-status_Divorced|age|relationship_Wife|hours-per-week|occupation_Exec-managerial|occupation_Prof-specialty,0.053152|0.034653|0.030490|0.017783|0.016484|0.016140|0.015795|0.012865|0.011261|0.010311,3,7d22d38b8122,3.11.15,"{""numpy"": ""1.26.4"", ""pandas"": ""3.0.3"", ""scikit-learn"": ""1.9.0"", ""torch"": ""2.12.0""}"
adult,logreg,sex,prune:0.3,Male,10,marital-status_Married-civ-spouse|capital-gain|marital-status_Never-married|education-num|age|hours-per-week|occupation_Exec-managerial|marital-status_Divorced|capital-loss|education_Bachelors,0.097249|0.057528|0.050072|0.032689|0.030079|0.026830|0.023537|0.016045|0.015538|0.015354,3,a2f368e09ad1,3.11.15,"{""numpy"": ""1.26.4"", ""pandas"": ""3.0.3"", ""scikit-learn"": ""1.9.0"", ""torch"": ""2.12.0""}"
adult,logreg,sex,prune:0.3,Female,10,marital-status_Married-civ-spouse|capital-gain|marital-status_Never-married|education-num|marital-status_Divorced|age|relationship_Wife|hours-per-week|occupation_Exec-managerial|occupation_Prof-specialty,0.053208|0.034593|0.030507|0.017746|0.016565|0.016125|0.015719|0.012861|0.011290|0.010333,3,a2f368e09ad1,3.11.15,"{""numpy"": ""1.26.4"", ""pandas"": ""3.0.3"", ""scikit-learn"": ""1.9.0"", ""torch"": ""2.12.0""}"
adult,logreg,sex,prune:0.5,Male,10,marital-status_Married-civ-spouse|capital-gain|marital-status_Never-married|education-num|age|hours-per-week|occupation_Exec-managerial|marital-status_Divorced|capital-loss|education_Bachelors,0.096684|0.057603|0.049844|0.032590|0.029922|0.026790|0.023518|0.015940|0.015530|0.015304,3,737c4a92a763,3.11.15,"{""numpy"": ""1.26.4"", ""pandas"": ""3.0.3"", ""scikit-learn"": ""1.9.0"", ""torch"": ""2.12.0""}"
adult,logreg,sex,prune:0.5,Female,10,marital-status_Married-civ-spouse|capital-gain|marital-status_Never-married|education-num|marital-status_Divorced|age|relationship_Wife|hours-per-week|occupation_Exec-managerial|occupation_Prof-specialty,0.053782|0.034829|0.030744|0.017904|0.016769|0.016218|0.015908|0.012906|0.011390|0.010379,3,737c4a92a763,3.11.15,"{""numpy"": ""1.26.4"", ""pandas"": ""3.0.3"", ""scikit-learn"": ""1.9.0"", ""torch"": ""2.12.0""}"
adult,logreg,sex,prune:0.7,Male,10,marital-status_Married-civ-spouse|capital-gain|marital-status_Never-married|education-num|age|hours-per-week|occupation_Exec-managerial|marital-status_Divorced|capital-loss|education_Bachelors,0.096203|0.058930|0.049938|0.033961|0.030457|0.027325|0.023877|0.016082|0.015951|0.015466,3,e5da8da6080d,3.11.15,"{""numpy"": ""1.26.4"", ""pandas"": ""3.0.3"", ""scikit-learn"": ""1.9.0"", ""torch"": ""2.12.0""}"
adult,logreg,sex,prune:0.7,Female,10,marital-status_Married-civ-spouse|capital-gain|marital-status_Never-married|education-num|marital-status_Divorced|age|relationship_Wife|hours-per-week|occupation_Exec-managerial|occupation_Prof-specialty,0.054794|0.034825|0.031031|0.018726|0.016664|0.016559|0.016265|0.013358|0.011428|0.010386,3,e5da8da6080d,3.11.15,"{""numpy"": ""1.26.4"", ""pandas"": ""3.0.3"", ""scikit-learn"": ""1.9.0"", ""torch"": ""2.12.0""}"
adult,logreg,sex,prune:0.9,Male,10,marital-status_Married-civ-spouse|capital-gain|marital-status_Never-married|education-num|age|hours-per-week|capital-loss|marital-status_Divorced|relationship_Own-child|occupation_Other-service,0.101418|0.066475|0.051334|0.037413|0.033533|0.030592|0.017653|0.016432|0.016318|0.014728,3,80d10a6d722f,3.11.15,"{""numpy"": ""1.26.4"", ""pandas"": ""3.0.3"", ""scikit-learn"": ""1.9.0"", ""torch"": ""2.12.0""}"
adult,logreg,sex,prune:0.9,Female,10,marital-status_Married-civ-spouse|capital-gain|marital-status_Never-married|education-num|age|marital-status_Divorced|hours-per-week|occupation_Other-service|relationship_Own-child|capital-loss,0.050116|0.035485|0.026855|0.017700|0.015920|0.015177|0.012868|0.009368|0.008643|0.005928,3,80d10a6d722f,3.11.15,"{""numpy"": ""1.26.4"", ""pandas"": ""3.0.3"", ""scikit-learn"": ""1.9.0"", ""torch"": ""2.12.0""}"
adult,logreg,race,none,White,10,marital-status_Married-civ-spouse|capital-gain|marital-status_Never-married|education-num|age|hours-per-week|occupation_Exec-managerial|marital-status_Divorced|relationship_Own-child|occupation_Prof-specialty,0.086130|0.049480|0.045239|0.028598|0.026908|0.023512|0.019946|0.016986|0.013639|0.013421,3,f1298459977d,3.11.15,"{""numpy"": ""1.26.4"", ""pandas"": ""3.0.3"", ""scikit-learn"": ""1.9.0"", ""torch"": ""2.12.0""}"
adult,logreg,race,none,Black,10,marital-status_Married-civ-spouse|capital-gain|marital-status_Never-married|education-num|age|occupation_Exec-managerial|marital-status_Divorced|occupation_Other-service|hours-per-week|relationship_Own-child,0.052848|0.046235|0.028791|0.018691|0.015442|0.013442|0.011985|0.009118|0.008906|0.008892,3,f1298459977d,3.11.15,"{""numpy"": ""1.26.4"", ""pandas"": ""3.0.3"", ""scikit-learn"": ""1.9.0"", ""torch"": ""2.12.0""}"
adult,logreg,race,none,Amer-Indian-Eskimo,10,marital-status_Married-civ-spouse|marital-status_Never-married|occupation_Exec-managerial|capital-gain|capital-loss|occupation_Other-service|marital-status_Divorced|age|relationship_Own-child|relationship_Not-in-family,0.060524|0.029138|0.025029|0.024198|0.018856|0.017646|0.012077|0.010430|0.009251|0.007293,3,f1298459977d,3.11.15,"{""numpy"": ""1.26.4"", ""pandas"": ""3.0.3"", ""scikit-learn"": ""1.9.0"", ""torch"": ""2.12.0""}"
adult,logreg,race,none,Asian-Pac-Islander,10,marital-status_Married-civ-spouse|capital-gain|marital-status_Never-married|education-num|hours-per-week|occupation_Exec-managerial|age|education_Bachelors|occupation_Prof-specialty|native-country_United-States,0.086266|0.065076|0.047675|0.035910|0.029925|0.021924|0.019942|0.019310|0.016792|0.014049,3,f1298459977d,3.11.15,"{""numpy"": ""1.26.4"", ""pandas"": ""3.0.3"", ""scikit-learn"": ""1.9.0"", ""torch"": ""2.12.0""}"
adult,logreg,race,none,Other,10,capital-gain|marital-status_Married-civ-spouse|marital-status_Never-married|hours-per-week|occupation_Exec-managerial|relationship_Wife|age|native-country_Dominican-Republic|education-num|occupation_Other-service,0.080548|0.052042|0.031698|0.021492|0.021316|0.021180|0.020998|0.020738|0.018102|0.011967,3,f1298459977d,3.11.15,"{""numpy"": ""1.26.4"", ""pandas"": ""3.0.3"", ""scikit-learn"": ""1.9.0"", ""torch"": ""2.12.0""}"
adult,logreg,race,prune:0.3,White,10,marital-status_Married-civ-spouse|capital-gain|marital-status_Never-married|education-num|age|hours-per-week|occupation_Exec-managerial|marital-status_Divorced|relationship_Own-child|occupation_Prof-specialty,0.086016|0.049485|0.045178|0.028605|0.026874|0.023506|0.019929|0.017000|0.013602|0.013420,3,d8590981f418,3.11.15,"{""numpy"": ""1.26.4"", ""pandas"": ""3.0.3"", ""scikit-learn"": ""1.9.0"", ""torch"": ""2.12.0""}"
adult,logreg,race,prune:0.3,Black,10,marital-status_Married-civ-spouse|capital-gain|marital-status_Never-married|education-num|age|occupation_Exec-managerial|marital-status_Divorced|occupation_Other-service|relationship_Own-child|hours-per-week,0.052980|0.046142|0.028913|0.018784|0.015458|0.013450|0.012036|0.009142|0.008914|0.008911,3,d8590981f418,3.11.15,"{""numpy"": ""1.26.4"", ""pandas"": ""3.0.3"", ""scikit-learn"": ""1.9.0"", ""torch"": ""2.12.0""}"
adult,logreg,race,prune:0.3,Amer-Indian-Eskimo,10,marital-status_Married-civ-spouse|marital-status_Never-married|occupation_Exec-managerial|capital-gain|capital-loss|occupation_Other-service|marital-status_Divorced|age|relationship_Own-child|relationship_Not-in-family,0.060390|0.029150|0.024975|0.024317|0.018886|0.017687|0.012207|0.010421|0.009240|0.007322,3,d8590981f418,3.11.15,"{""numpy"": ""1.26.4"", ""pandas"": ""3.0.3"", ""scikit-learn"": ""1.9.0"", ""torch"": ""2.12.0""}"
adult,logreg,race,prune:0.3,Asian-Pac-Islander,10,marital-status_Married-civ-spouse|capital-gain|marital-status_Never-married|education-num|hours-per-week|occupation_Exec-managerial|age|education_Bachelors|occupation_Prof-specialty|native-country_United-States,0.087080|0.067286|0.048329|0.036303|0.029652|0.021960|0.020093|0.019733|0.017092|0.014057,3,d8590981f418,3.11.15,"{""numpy"": ""1.26.4"", ""pandas"": ""3.0.3"", ""scikit-learn"": ""1.9.0"", ""torch"": ""2.12.0""}"
adult,logreg,race,prune:0.3,Other,10,capital-gain|marital-status_Married-civ-spouse|marital-status_Never-married|relationship_Wife|hours-per-week|occupation_Exec-managerial|age|native-country_Dominican-Republic|education-num|occupation_Other-service,0.080837|0.052827|0.032008|0.021988|0.021572|0.021331|0.021188|0.020753|0.018692|0.011861,3,d8590981f418,3.11.15,"{""numpy"": ""1.26.4"", ""pandas"": ""3.0.3"", ""scikit-learn"": ""1.9.0"", ""torch"": ""2.12.0""}"
adult,logreg,race,prune:0.5,White,10,marital-status_Married-civ-spouse|capital-gain|marital-status_Never-married|education-num|age|hours-per-week|occupation_Exec-managerial|marital-status_Divorced|relationship_Own-child|occupation_Prof-specialty,0.085757|0.049563|0.045065|0.028544|0.026796|0.023480|0.019919|0.016979|0.013562|0.013398,3,88b6a743ac8b,3.11.15,"{""numpy"": ""1.26.4"", ""pandas"": ""3.0.3"", ""scikit-learn"": ""1.9.0"", ""torch"": ""2.12.0""}"
adult,logreg,race,prune:0.5,Black,10,marital-status_Married-civ-spouse|capital-gain|marital-status_Never-married|education-num|age|occupation_Exec-managerial|marital-status_Divorced|occupation_Other-service|relationship_Own-child|hours-per-week,0.053490|0.046456|0.029115|0.018774|0.015492|0.013710|0.012227|0.009215|0.009005|0.008892,3,88b6a743ac8b,3.11.15,"{""numpy"": ""1.26.4"", ""pandas"": ""3.0.3"", ""scikit-learn"": ""1.9.0"", ""torch"": ""2.12.0""}"
adult,logreg,race,prune:0.5,Amer-Indian-Eskimo,10,marital-status_Married-civ-spouse|marital-status_Never-married|occupation_Exec-managerial|capital-gain|capital-loss|occupation_Other-service|marital-status_Divorced|age|relationship_Own-child|relationship_Not-in-family,0.060149|0.029085|0.024972|0.024412|0.018899|0.018438|0.012164|0.010309|0.009206|0.007344,3,88b6a743ac8b,3.11.15,"{""numpy"": ""1.26.4"", ""pandas"": ""3.0.3"", ""scikit-learn"": ""1.9.0"", ""torch"": ""2.12.0""}"
adult,logreg,race,prune:0.5,Asian-Pac-Islander,10,marital-status_Married-civ-spouse|capital-gain|marital-status_Never-married|education-num|hours-per-week|occupation_Exec-managerial|age|education_Bachelors|occupation_Prof-specialty|native-country_United-States,0.085989|0.067847|0.048057|0.037042|0.029370|0.021953|0.019565|0.019493|0.016859|0.013988,3,88b6a743ac8b,3.11.15,"{""numpy"": ""1.26.4"", ""pandas"": ""3.0.3"", ""scikit-learn"": ""1.9.0"", ""torch"": ""2.12.0""}"
adult,logreg,race,prune:0.5,Other,10,capital-gain|marital-status_Married-civ-spouse|marital-status_Never-married|hours-per-week|relationship_Wife|age|occupation_Exec-managerial|native-country_Dominican-Republic|education-num|occupation_Other-service,0.082769|0.057125|0.034171|0.024994|0.022974|0.022596|0.021901|0.021899|0.021262|0.014295,3,88b6a743ac8b,3.11.15,"{""numpy"": ""1.26.4"", ""pandas"": ""3.0.3"", ""scikit-learn"": ""1.9.0"", ""torch"": ""2.12.0""}"
adult,logreg,race,prune:0.7,White,10,marital-status_Married-civ-spouse|capital-gain|marital-status_Never-married|education-num|age|hours-per-week|occupation_Exec-managerial|marital-status_Divorced|capital-loss|relationship_Own-child,0.085372|0.050547|0.045054|0.029691|0.027191|0.023946|0.020160|0.016938|0.013623|0.013614,3,aa31ced75cae,3.11.15,"{""numpy"": ""1.26.4"", ""pandas"": ""3.0.3"", ""scikit-learn"": ""1.9.0"", ""torch"": ""2.12.0""}"
adult,logreg,race,prune:0.7,Black,10,marital-status_Married-civ-spouse|capital-gain|marital-status_Never-married|education-num|age|occupation_Exec-managerial|marital-status_Divorced|occupation_Other-service|relationship_Own-child|hours-per-week,0.054523|0.047202|0.029486|0.019667|0.016188|0.013856|0.012708|0.009413|0.009169|0.009084,3,aa31ced75cae,3.11.15,"{""numpy"": ""1.26.4"", ""pandas"": ""3.0.3"", ""scikit-learn"": ""1.9.0"", ""torch"": ""2.12.0""}"
adult,logreg,race,prune:0.7,Amer-Indian-Eskimo,10,marital-status_Married-civ-spouse|marital-status_Never-married|capital-gain|occupation_Exec-managerial|occupation_Other-service|capital-loss|marital-status_Divorced|age|relationship_Own-child|relationship_Not-in-family,0.061397|0.030169|0.025629|0.024659|0.021774|0.019063|0.013065|0.010965|0.009503|0.007530,3,aa31ced75cae,3.11.15,"{""numpy"": ""1.26.4"", ""pandas"": ""3.0.3"", ""scikit-learn"": ""1.9.0"", ""torch"": ""2.12.0""}"
adult,logreg,race,prune:0.7,Asian-Pac-Islander,10,marital-status_Married-civ-spouse|capital-gain|marital-status_Never-married|education-num|hours-per-week|occupation_Exec-managerial|age|education_Bachelors|occupation_Prof-specialty|relationship_Own-child,0.090655|0.065727|0.050644|0.039387|0.030177|0.022836|0.020740|0.020280|0.016870|0.013784,3,aa31ced75cae,3.11.15,"{""numpy"": ""1.26.4"", ""pandas"": ""3.0.3"", ""scikit-learn"": ""1.9.0"", ""torch"": ""2.12.0""}"
adult,logreg,race,prune:0.7,Other,10,capital-gain|marital-status_Married-civ-spouse|marital-status_Never-married|hours-per-week|relationship_Wife|education-num|age|occupation_Exec-managerial|occupation_Other-service|marital-status_Divorced,0.086016|0.070797|0.040355|0.033096|0.027410|0.026796|0.025601|0.022465|0.015247|0.012836,3,aa31ced75cae,3.11.15,"{""numpy"": ""1.26.4"", ""pandas"": ""3.0.3"", ""scikit-learn"": ""1.9.0"", ""torch"": ""2.12.0""}"
adult,logreg,race,prune:0.9,White,10,marital-status_Married-civ-spouse|capital-gain|marital-status_Never-married|education-num|age|hours-per-week|marital-status_Divorced|capital-loss|relationship_Own-child|occupation_Other-service,0.087371|0.056056|0.044487|0.031543|0.029098|0.025964|0.016554|0.014696|0.014214|0.013116,3,10a8d6d973cf,3.11.15,"{""numpy"": ""1.26.4"", ""pandas"": ""3.0.3"", ""scikit-learn"": ""1.9.0"", ""torch"": ""2.12.0""}"
adult,logreg,race,prune:0.9,Black,10,marital-status_Married-civ-spouse|capital-gain|marital-status_Never-married|education-num|age|marital-status_Divorced|occupation_Other-service|hours-per-week|relationship_Own-child|capital-loss,0.057683|0.048887|0.030575|0.023210|0.017698|0.013100|0.010889|0.010489|0.009919|0.006892,3,10a8d6d973cf,3.11.15,"{""numpy"": ""1.26.4"", ""pandas"": ""3.0.3"", ""scikit-learn"": ""1.9.0"", ""torch"": ""2.12.0""}"
adult,logreg,race,prune:0.9,Amer-Indian-Eskimo,10,marital-status_Married-civ-spouse|marital-status_Never-married|capital-gain|occupation_Other-service|capital-loss|marital-status_Divorced|age|relationship_Own-child|hours-per-week|education-num,0.064562|0.031184|0.027829|0.021396|0.018583|0.014073|0.011871|0.010283|0.007132|0.005159,3,10a8d6d973cf,3.11.15,"{""numpy"": ""1.26.4"", ""pandas"": ""3.0.3"", ""scikit-learn"": ""1.9.0"", ""torch"": ""2.12.0""}"
adult,logreg,race,prune:0.9,Asian-Pac-Islander,10,marital-status_Married-civ-spouse|capital-gain|marital-status_Never-married|education-num|hours-per-week|age|relationship_Own-child|marital-status_Divorced|occupation_Other-service|capital-loss,0.086275|0.076486|0.047111|0.039103|0.033229|0.021976|0.013713|0.011852|0.011338|0.008787,3,10a8d6d973cf,3.11.15,"{""numpy"": ""1.26.4"", ""pandas"": ""3.0.3"", ""scikit-learn"": ""1.9.0"", ""torch"": ""2.12.0""}"
adult,logreg,race,prune:0.9,Other,10,capital-gain|marital-status_Married-civ-spouse|marital-status_Never-married|hours-per-week|education-num|age|occupation_Other-service|marital-status_Divorced|relationship_Own-child|capital-loss,0.082374|0.064194|0.038589|0.037992|0.026628|0.024061|0.016165|0.012219|0.011072|0.004712,3,10a8d6d973cf,3.11.15,"{""numpy"": ""1.26.4"", ""pandas"": ""3.0.3"", ""scikit-learn"": ""1.9.0"", ""torch"": ""2.12.0""}"
adult,logreg,sex,none,Male,10,marital-status_Married-civ-spouse|capital-gain|marital-status_Never-married|education-num|age|hours-per-week|occupation_Exec-managerial|marital-status_Divorced|relationship_Not-in-family|education_Bachelors,0.098305|0.067691|0.046305|0.031478|0.030485|0.028722|0.026734|0.017742|0.014391|0.014279,4,055b28a97b6e,3.11.15,"{""numpy"": ""1.26.4"", ""pandas"": ""3.0.3"", ""scikit-learn"": ""1.9.0"", ""torch"": ""2.12.0""}"
adult,logreg,sex,none,Female,10,marital-status_Married-civ-spouse|capital-gain|marital-status_Never-married|marital-status_Divorced|education-num|age|relationship_Wife|hours-per-week|occupation_Exec-managerial|occupation_Other-service,0.050339|0.030832|0.028673|0.016730|0.015874|0.013655|0.012810|0.012204|0.011731|0.009607,4,055b28a97b6e,3.11.15,"{""numpy"": ""1.26.4"", ""pandas"": ""3.0.3"", ""scikit-learn"": ""1.9.0"", ""torch"": ""2.12.0""}"
adult,logreg,sex,prune:0.3,Male,10,marital-status_Married-civ-spouse|capital-gain|marital-status_Never-married|education-num|age|hours-per-week|occupation_Exec-managerial|marital-status_Divorced|relationship_Not-in-family|education_Bachelors,0.098452|0.067839|0.046343|0.031496|0.030511|0.028823|0.026801|0.017770|0.014405|0.014286,4,55be75efe98e,3.11.15,"{""numpy"": ""1.26.4"", ""pandas"": ""3.0.3"", ""scikit-learn"": ""1.9.0"", ""torch"": ""2.12.0""}"
adult,logreg,sex,prune:0.3,Female,10,marital-status_Married-civ-spouse|capital-gain|marital-status_Never-married|marital-status_Divorced|education-num|age|relationship_Wife|hours-per-week|occupation_Exec-managerial|occupation_Other-service,0.050245|0.030791|0.028573|0.016676|0.015902|0.013601|0.012828|0.012181|0.011741|0.009586,4,55be75efe98e,3.11.15,"{""numpy"": ""1.26.4"", ""pandas"": ""3.0.3"", ""scikit-learn"": ""1.9.0"", ""torch"": ""2.12.0""}"
adult,logreg,sex,prune:0.5,Male,10,marital-status_Married-civ-spouse|capital-gain|marital-status_Never-married|education-num|age|hours-per-week|occupation_Exec-managerial|marital-status_Divorced|relationship_Not-in-family|education_Bachelors,0.097809|0.067861|0.046092|0.031495|0.030370|0.028769|0.026780|0.017706|0.014350|0.014306,4,5f7a6496c675,3.11.15,"{""numpy"": ""1.26.4"", ""pandas"": ""3.0.3"", ""scikit-learn"": ""1.9.0"", ""torch"": ""2.12.0""}"
adult,logreg,sex,prune:0.5,Female,10,marital-status_Married-civ-spouse|capital-gain|marital-status_Never-married|marital-status_Divorced|education-num|age|relationship_Wife|hours-per-week|occupation_Exec-managerial|occupation_Other-service,0.050630|0.031066|0.028761|0.016918|0.016048|0.013663|0.012737|0.012283|0.011847|0.009617,4,5f7a6496c675,3.11.15,"{""numpy"": ""1.26.4"", ""pandas"": ""3.0.3"", ""scikit-learn"": ""1.9.0"", ""torch"": ""2.12.0""}"
adult,logreg,sex,prune:0.7,Male,10,marital-status_Married-civ-spouse|capital-gain|marital-status_Never-married|education-num|age|hours-per-week|occupation_Exec-managerial|marital-status_Divorced|education_Bachelors|relationship_Not-in-family,0.097630|0.070393|0.046261|0.032457|0.030861|0.029219|0.027250|0.018034|0.014647|0.014571,4,b826d98df52b,3.11.15,"{""numpy"": ""1.26.4"", ""pandas"": ""3.0.3"", ""scikit-learn"": ""1.9.0"", ""torch"": ""2.12.0""}"
adult,logreg,sex,prune:0.7,Female,10,marital-status_Married-civ-spouse|capital-gain|marital-status_Never-married|marital-status_Divorced|education-num|age|relationship_Wife|hours-per-week|occupation_Exec-managerial|occupation_Other-service,0.051323|0.031093|0.028661|0.017003|0.016476|0.013853|0.012959|0.012649|0.012017|0.009934,4,b826d98df52b,3.11.15,"{""numpy"": ""1.26.4"", ""pandas"": ""3.0.3"", ""scikit-learn"": ""1.9.0"", ""torch"": ""2.12.0""}"
adult,logreg,sex,prune:0.9,Male,10,marital-status_Married-civ-spouse|capital-gain|marital-status_Never-married|education-num|age|hours-per-week|marital-status_Divorced|capital-loss|occupation_Other-service|relationship_Own-child,0.104650|0.079917|0.048750|0.036896|0.034366|0.032247|0.018769|0.015481|0.015332|0.015185,4,300600d56442,3.11.15,"{""numpy"": ""1.26.4"", ""pandas"": ""3.0.3"", ""scikit-learn"": ""1.9.0"", ""torch"": ""2.12.0""}"
adult,logreg,sex,prune:0.9,Female,10,marital-status_Married-civ-spouse|capital-gain|marital-status_Never-married|education-num|marital-status_Divorced|age|hours-per-week|occupation_Other-service|capital-loss|relationship_Own-child,0.047510|0.030681|0.023953|0.015462|0.015176|0.013339|0.012733|0.009695|0.008191|0.007345,4,300600d56442,3.11.15,"{""numpy"": ""1.26.4"", ""pandas"": ""3.0.3"", ""scikit-learn"": ""1.9.0"", ""torch"": ""2.12.0""}"
adult,logreg,race,none,Asian-Pac-Islander,10,marital-status_Married-civ-spouse|capital-gain|marital-status_Never-married|education-num|age|hours-per-week|occupation_Exec-managerial|occupation_Other-service|native-country_United-States|education_Bachelors,0.083479|0.044311|0.039714|0.032764|0.027682|0.026507|0.018868|0.017873|0.016235|0.015378,4,96b9c5f6f656,3.11.15,"{""numpy"": ""1.26.4"", ""pandas"": ""3.0.3"", ""scikit-learn"": ""1.9.0"", ""torch"": ""2.12.0""}"
adult,logreg,race,none,White,10,marital-status_Married-civ-spouse|capital-gain|marital-status_Never-married|education-num|age|hours-per-week|occupation_Exec-managerial|marital-status_Divorced|relationship_Not-in-family|capital-loss,0.085542|0.057557|0.042075|0.027671|0.025825|0.025036|0.023102|0.017840|0.013203|0.012966,4,96b9c5f6f656,3.11.15,"{""numpy"": ""1.26.4"", ""pandas"": ""3.0.3"", ""scikit-learn"": ""1.9.0"", ""torch"": ""2.12.0""}"
adult,logreg,race,none,Black,10,marital-status_Married-civ-spouse|capital-gain|marital-status_Never-married|age|marital-status_Divorced|education-num|occupation_Exec-managerial|occupation_Other-service|hours-per-week|relationship_Not-in-family,0.057235|0.043977|0.027830|0.017315|0.014518|0.014029|0.012298|0.010236|0.008683|0.008236,4,96b9c5f6f656,3.11.15,"{""numpy"": ""1.26.4"", ""pandas"": ""3.0.3"", ""scikit-learn"": ""1.9.0"", ""torch"": ""2.12.0""}"
adult,logreg,race,none,Other,10,marital-status_Married-civ-spouse|capital-gain|marital-status_Never-married|native-country_Mexico|age|education-num|education_7th-8th|occupation_Prof-specialty|marital-status_Divorced|occupation_Other-service,0.047707|0.030836|0.024216|0.022014|0.020555|0.018766|0.014046|0.013996|0.009762|0.008537,4,96b9c5f6f656,3.11.15,"{""numpy"": ""1.26.4"", ""pandas"": ""3.0.3"", ""scikit-learn"": ""1.9.0"", ""torch"": ""2.12.0""}"
adult,logreg,race,none,Amer-Indian-Eskimo,10,marital-status_Married-civ-spouse|capital-gain|marital-status_Never-married|occupation_Other-service|capital-loss|occupation_Exec-managerial|age|marital-status_Divorced|occupation_Prof-specialty|education-num,0.102116|0.056327|0.045588|0.030630|0.024412|0.022880|0.022299|0.020515|0.019020|0.018424,4,96b9c5f6f656,3.11.15,"{""numpy"": ""1.26.4"", ""pandas"": ""3.0.3"", ""scikit-learn"": ""1.9.0"", ""torch"": ""2.12.0""}"
adult,logreg,race,prune:0.3,Asian-Pac-Islander,10,marital-status_Married-civ-spouse|capital-gain|marital-status_Never-married|education-num|age|hours-per-week|occupation_Exec-managerial|occupation_Other-service|native-country_United-States|education_Bachelors,0.083962|0.043908|0.039791|0.032790|0.027601|0.026863|0.019402|0.017851|0.016337|0.015324,4,79c6b6e8e07c,3.11.15,"{""numpy"": ""1.26.4"", ""pandas"": ""3.0.3"", ""scikit-learn"": ""1.9.0"", ""torch"": ""2.12.0""}"
adult,logreg,race,prune:0.3,White,10,marital-status_Married-civ-spouse|capital-gain|marital-status_Never-married|education-num|age|hours-per-week|occupation_Exec-managerial|marital-status_Divorced|relationship_Not-in-family|capital-loss,0.085618|0.057687|0.042079|0.027696|0.025836|0.025095|0.023143|0.017842|0.013205|0.012984,4,79c6b6e8e07c,3.11.15,"{""numpy"": ""1.26.4"", ""pandas"": ""3.0.3"", ""scikit-learn"": ""1.9.0"", ""torch"": ""2.12.0""}"
adult,logreg,race,prune:0.3,Black,10,marital-status_Married-civ-spouse|capital-gain|marital-status_Never-married|age|marital-status_Divorced|education-num|occupation_Exec-managerial|occupation_Other-service|hours-per-week|relationship_Not-in-family,0.057111|0.043879|0.027708|0.017252|0.014463|0.014020|0.012266|0.010225|0.008663|0.008208,4,79c6b6e8e07c,3.11.15,"{""numpy"": ""1.26.4"", ""pandas"": ""3.0.3"", ""scikit-learn"": ""1.9.0"", ""torch"": ""2.12.0""}"
adult,logreg,race,prune:0.3,Other,10,marital-status_Married-civ-spouse|capital-gain|marital-status_Never-married|native-country_Mexico|age|education-num|education_7th-8th|occupation_Prof-specialty|marital-status_Divorced|occupation_Other-service,0.047592|0.030765|0.024142|0.021958|0.020511|0.018688|0.013994|0.013993|0.009735|0.008494,4,79c6b6e8e07c,3.11.15,"{""numpy"": ""1.26.4"", ""pandas"": ""3.0.3"", ""scikit-learn"": ""1.9.0"", ""torch"": ""2.12.0""}"
adult,logreg,race,prune:0.3,Amer-Indian-Eskimo,10,marital-status_Married-civ-spouse|capital-gain|marital-status_Never-married|occupation_Other-service|capital-loss|occupation_Exec-managerial|age|marital-status_Divorced|occupation_Prof-specialty|education-num,0.102035|0.056161|0.045500|0.030557|0.024643|0.022825|0.022246|0.020460|0.018998|0.018401,4,79c6b6e8e07c,3.11.15,"{""numpy"": ""1.26.4"", ""pandas"": ""3.0.3"", ""scikit-learn"": ""1.9.0"", ""torch"": ""2.12.0""}"
adult,logreg,race,prune:0.5,Asian-Pac-Islander,10,marital-status_Married-civ-spouse|capital-gain|marital-status_Never-married|education-num|hours-per-week|age|occupation_Exec-managerial|occupation_Other-service|native-country_United-States|marital-status_Divorced,0.083505|0.044065|0.039346|0.031886|0.027650|0.027547|0.019546|0.017098|0.016385|0.014771,4,39cc35efc6c9,3.11.15,"{""numpy"": ""1.26.4"", ""pandas"": ""3.0.3"", ""scikit-learn"": ""1.9.0"", ""torch"": ""2.12.0""}"
adult,logreg,race,prune:0.5,White,10,marital-status_Married-civ-spouse|capital-gain|marital-status_Never-married|education-num|age|hours-per-week|occupation_Exec-managerial|marital-status_Divorced|relationship_Not-in-family|capital-loss,0.085261|0.057762|0.041959|0.027766|0.025740|0.025057|0.023159|0.017886|0.013185|0.012972,4,39cc35efc6c9,3.11.15,"{""numpy"": ""1.26.4"", ""pandas"": ""3.0.3"", ""scikit-learn"": ""1.9.0"", ""torch"": ""2.12.0""}"
adult,logreg,race,prune:0.5,Black,10,marital-status_Married-civ-spouse|capital-gain|marital-status_Never-married|age|marital-status_Divorced|education-num|occupation_Exec-managerial|occupation_Other-service|hours-per-week|relationship_Not-in-family,0.057358|0.044283|0.027846|0.017342|0.014569|0.014244|0.012303|0.010379|0.008730|0.008258,4,39cc35efc6c9,3.11.15,"{""numpy"": ""1.26.4"", ""pandas"": ""3.0.3"", ""scikit-learn"": ""1.9.0"", ""torch"": ""2.12.0""}"
adult,logreg,race,prune:0.5,Other,10,marital-status_Married-civ-spouse|capital-gain|marital-status_Never-married|native-country_Mexico|age|education-num|occupation_Prof-specialty|education_7th-8th|marital-status_Divorced|occupation_Other-service,0.045427|0.029632|0.023212|0.020895|0.019816|0.017675|0.013463|0.013045|0.009388|0.008211,4,39cc35efc6c9,3.11.15,"{""numpy"": ""1.26.4"", ""pandas"": ""3.0.3"", ""scikit-learn"": ""1.9.0"", ""torch"": ""2.12.0""}"
adult,logreg,race,prune:0.5,Amer-Indian-Eskimo,10,marital-status_Married-civ-spouse|capital-gain|marital-status_Never-married|occupation_Other-service|capital-loss|occupation_Exec-managerial|age|marital-status_Divorced|occupation_Prof-specialty|education-num,0.101532|0.055970|0.045311|0.030678|0.024370|0.022703|0.022658|0.020515|0.018549|0.018122,4,39cc35efc6c9,3.11.15,"{""numpy"": ""1.26.4"", ""pandas"": ""3.0.3"", ""scikit-learn"": ""1.9.0"", ""torch"": ""2.12.0""}"
adult,logreg,race,prune:0.7,Asian-Pac-Islander,10,marital-status_Married-civ-spouse|capital-gain|marital-status_Never-married|education-num|hours-per-week|age|occupation_Exec-managerial|occupation_Other-service|marital-status_Divorced|education_Bachelors,0.091322|0.048327|0.042974|0.035356|0.030555|0.030164|0.021435|0.018765|0.016329|0.015737,4,9c5ff25fb3ff,3.11.15,"{""numpy"": ""1.26.4"", ""pandas"": ""3.0.3"", ""scikit-learn"": ""1.9.0"", ""torch"": ""2.12.0""}"
adult,logreg,race,prune:0.7,White,10,marital-status_Married-civ-spouse|capital-gain|marital-status_Never-married|education-num|age|hours-per-week|occupation_Exec-managerial|marital-status_Divorced|relationship_Not-in-family|capital-loss,0.085070|0.059410|0.041940|0.028460|0.026095|0.025406|0.023463|0.018107|0.013304|0.013026,4,9c5ff25fb3ff,3.11.15,"{""numpy"": ""1.26.4"", ""pandas"": ""3.0.3"", ""scikit-learn"": ""1.9.0"", ""torch"": ""2.12.0""}"
adult,logreg,race,prune:0.7,Black,10,marital-status_Married-civ-spouse|capital-gain|marital-status_Never-married|age|education-num|marital-status_Divorced|occupation_Exec-managerial|occupation_Other-service|hours-per-week|relationship_Not-in-family,0.057670|0.045880|0.027724|0.017351|0.015012|0.014503|0.012792|0.010456|0.008940|0.008423,4,9c5ff25fb3ff,3.11.15,"{""numpy"": ""1.26.4"", ""pandas"": ""3.0.3"", ""scikit-learn"": ""1.9.0"", ""torch"": ""2.12.0""}"
adult,logreg,race,prune:0.7,Other,10,marital-status_Married-civ-spouse|capital-gain|marital-status_Never-married|age|native-country_Mexico|education-num|occupation_Prof-specialty|marital-status_Divorced|hours-per-week|education_7th-8th,0.051176|0.032813|0.025190|0.023008|0.020390|0.019483|0.013778|0.013713|0.013260|0.010717,4,9c5ff25fb3ff,3.11.15,"{""numpy"": ""1.26.4"", ""pandas"": ""3.0.3"", ""scikit-learn"": ""1.9.0"", ""torch"": ""2.12.0""}"
adult,logreg,race,prune:0.7,Amer-Indian-Eskimo,10,marital-status_Married-civ-spouse|capital-gain|marital-status_Never-married|occupation_Other-service|capital-loss|occupation_Exec-managerial|age|marital-status_Divorced|education-num|occupation_Prof-specialty,0.096757|0.055437|0.043291|0.031103|0.023467|0.022625|0.021437|0.020492|0.017824|0.017673,4,9c5ff25fb3ff,3.11.15,"{""numpy"": ""1.26.4"", ""pandas"": ""3.0.3"", ""scikit-learn"": ""1.9.0"", ""torch"": ""2.12.0""}"
adult,logreg,race,prune:0.9,Asian-Pac-Islander,10,marital-status_Married-civ-spouse|capital-gain|marital-status_Never-married|education-num|age|hours-per-week|occupation_Other-service|marital-status_Divorced|relationship_Own-child|capital-loss,0.089707|0.052738|0.041721|0.035080|0.030895|0.030081|0.019002|0.016031|0.014164|0.010063,4,e98bc8ec1382,3.11.15,"{""numpy"": ""1.26.4"", ""pandas"": ""3.0.3"", ""scikit-learn"": ""1.9.0"", ""torch"": ""2.12.0""}"
adult,logreg,race,prune:0.9,White,10,marital-status_Married-civ-spouse|capital-gain|marital-status_Never-married|education-num|age|hours-per-week|marital-status_Divorced|capital-loss|occupation_Other-service|relationship_Own-child,0.088593|0.066052|0.041953|0.031237|0.028370|0.027758|0.017956|0.014141|0.013288|0.012973,4,e98bc8ec1382,3.11.15,"{""numpy"": ""1.26.4"", ""pandas"": ""3.0.3"", ""scikit-learn"": ""1.9.0"", ""torch"": ""2.12.0""}"
adult,logreg,race,prune:0.9,Black,10,marital-status_Married-civ-spouse|capital-gain|marital-status_Never-married|age|education-num|marital-status_Divorced|occupation_Other-service|hours-per-week|relationship_Own-child|capital-loss,0.062150|0.049725|0.029057|0.019283|0.017355|0.014734|0.011989|0.009483|0.009069|0.004482,4,e98bc8ec1382,3.11.15,"{""numpy"": ""1.26.4"", ""pandas"": ""3.0.3"", ""scikit-learn"": ""1.9.0"", ""torch"": ""2.12.0""}"
adult,logreg,race,prune:0.9,Other,10,marital-status_Married-civ-spouse|capital-gain|education-num|marital-status_Never-married|age|marital-status_Divorced|hours-per-week|relationship_Own-child|occupation_Other-service|capital-loss,0.065512|0.041190|0.032559|0.031823|0.027620|0.015178|0.013765|0.010802|0.010267|0.004832,4,e98bc8ec1382,3.11.15,"{""numpy"": ""1.26.4"", ""pandas"": ""3.0.3"", ""scikit-learn"": ""1.9.0"", ""torch"": ""2.12.0""}"
adult,logreg,race,prune:0.9,Amer-Indian-Eskimo,10,marital-status_Married-civ-spouse|capital-gain|marital-status_Never-married|occupation_Other-service|capital-loss|age|marital-status_Divorced|education-num|hours-per-week|relationship_Own-child,0.101149|0.060572|0.046279|0.034743|0.024727|0.023429|0.022062|0.019624|0.014581|0.014497,4,e98bc8ec1382,3.11.15,"{""numpy"": ""1.26.4"", ""pandas"": ""3.0.3"", ""scikit-learn"": ""1.9.0"", ""torch"": ""2.12.0""}"
adult,logreg,sex,none,Male,10,marital-status_Married-civ-spouse|capital-gain|marital-status_Never-married|education-num|age|hours-per-week|occupation_Exec-managerial|marital-status_Divorced|relationship_Not-in-family|occupation_Prof-specialty,0.101061|0.057610|0.050527|0.034450|0.029547|0.024804|0.022895|0.017440|0.015218|0.014882,5,3e413b2ebc3c,3.11.15,"{""numpy"": ""1.26.4"", ""pandas"": ""3.0.3"", ""scikit-learn"": ""1.9.0"", ""torch"": ""2.12.0""}"
adult,logreg,sex,none,Female,10,marital-status_Married-civ-spouse|marital-status_Never-married|capital-gain|marital-status_Divorced|education-num|age|occupation_Exec-managerial|hours-per-week|relationship_Wife|relationship_Not-in-family,0.052395|0.029836|0.029078|0.017709|0.015564|0.013367|0.011945|0.010836|0.010531|0.009833,5,3e413b2ebc3c,3.11.15,"{""numpy"": ""1.26.4"", ""pandas"": ""3.0.3"", ""scikit-learn"": ""1.9.0"", ""torch"": ""2.12.0""}"
adult,logreg,sex,prune:0.3,Male,10,marital-status_Married-civ-spouse|capital-gain|marital-status_Never-married|education-num|age|hours-per-week|occupation_Exec-managerial|marital-status_Divorced|relationship_Not-in-family|occupation_Prof-specialty,0.100973|0.057612|0.050532|0.034449|0.029530|0.024814|0.022904|0.017444|0.015232|0.014891,5,843dc6d97db1,3.11.15,"{""numpy"": ""1.26.4"", ""pandas"": ""3.0.3"", ""scikit-learn"": ""1.9.0"", ""torch"": ""2.12.0""}"
adult,logreg,sex,prune:0.3,Female,10,marital-status_Married-civ-spouse|marital-status_Never-married|capital-gain|marital-status_Divorced|education-num|age|occupation_Exec-managerial|hours-per-week|relationship_Wife|relationship_Not-in-family,0.052358|0.029825|0.029040|0.017569|0.015580|0.013371|0.011925|0.010842|0.010628|0.009839,5,843dc6d97db1,3.11.15,"{""numpy"": ""1.26.4"", ""pandas"": ""3.0.3"", ""scikit-learn"": ""1.9.0"", ""torch"": ""2.12.0""}"
adult,logreg,sex,prune:0.5,Male,10,marital-status_Married-civ-spouse|capital-gain|marital-status_Never-married|education-num|age|hours-per-week|occupation_Exec-managerial|marital-status_Divorced|relationship_Not-in-family|occupation_Prof-specialty,0.100576|0.057543|0.050326|0.034762|0.029553|0.024781|0.022888|0.017394|0.015173|0.014885,5,bd643e790e03,3.11.15,"{""numpy"": ""1.26.4"", ""pandas"": ""3.0.3"", ""scikit-learn"": ""1.9.0"", ""torch"": ""2.12.0""}"
adult,logreg,sex,prune:0.5,Female,10,marital-status_Married-civ-spouse|marital-status_Never-married|capital-gain|marital-status_Divorced|education-num|age|occupation_Exec-managerial|hours-per-week|relationship_Wife|relationship_Not-in-family,0.052305|0.029772|0.029016|0.017428|0.015733|0.013410|0.011889|0.010833|0.010630|0.009796,5,bd643e790e03,3.11.15,"{""numpy"": ""1.26.4"", ""pandas"": ""3.0.3"", ""scikit-learn"": ""1.9.0"", ""torch"": ""2.12.0""}"
adult,logreg,sex,prune:0.7,Male,10,marital-status_Married-civ-spouse|capital-gain|marital-status_Never-married|education-num|age|hours-per-week|occupation_Exec-managerial|marital-status_Divorced|relationship_Not-in-family|occupation_Prof-specialty,0.101610|0.059729|0.050763|0.036046|0.030574|0.025487|0.023393|0.017514|0.015346|0.015225,5,4d5b6293f438,3.11.15,"{""numpy"": ""1.26.4"", ""pandas"": ""3.0.3"", ""scikit-learn"": ""1.9.0"", ""torch"": ""2.12.0""}"
adult,logreg,sex,prune:0.7,Female,10,marital-status_Married-civ-spouse|marital-status_Never-married|capital-gain|marital-status_Divorced|education-num|age|occupation_Exec-managerial|relationship_Wife|hours-per-week|relationship_Not-in-family,0.052786|0.029382|0.029193|0.017317|0.015810|0.013671|0.011867|0.011085|0.011055|0.009716,5,4d5b6293f438,3.11.15,"{""numpy"": ""1.26.4"", ""pandas"": ""3.0.3"", ""scikit-learn"": ""1.9.0"", ""torch"": ""2.12.0""}"
adult,logreg,sex,prune:0.9,Male,10,marital-status_Married-civ-spouse|capital-gain|marital-status_Never-married|education-num|age|hours-per-week|marital-status_Divorced|occupation_Other-service|capital-loss|education_Preschool,0.106204|0.067764|0.052828|0.039649|0.033214|0.028563|0.017438|0.015874|0.014969|0.001698,5,9e71aa372e52,3.11.15,"{""numpy"": ""1.26.4"", ""pandas"": ""3.0.3"", ""scikit-learn"": ""1.9.0"", ""torch"": ""2.12.0""}"
adult,logreg,sex,prune:0.9,Female,10,marital-status_Married-civ-spouse|capital-gain|marital-status_Never-married|marital-status_Divorced|education-num|age|hours-per-week|occupation_Other-service|capital-loss|education_Preschool,0.046722|0.029307|0.024681|0.014042|0.014003|0.012808|0.010620|0.009332|0.005895|0.000656,5,9e71aa372e52,3.11.15,"{""numpy"": ""1.26.4"", ""pandas"": ""3.0.3"", ""scikit-learn"": ""1.9.0"", ""torch"": ""2.12.0""}"
adult,logreg,race,none,White,10,marital-status_Married-civ-spouse|capital-gain|marital-status_Never-married|education-num|age|hours-per-week|occupation_Exec-managerial|marital-status_Divorced|relationship_Not-in-family|occupation_Prof-specialty,0.088445|0.049780|0.045129|0.029395|0.025374|0.021227|0.020407|0.018192|0.013909|0.013159,5,2b30f110aba8,3.11.15,"{""numpy"": ""1.26.4"", ""pandas"": ""3.0.3"", ""scikit-learn"": ""1.9.0"", ""torch"": ""2.12.0""}"
adult,logreg,race,none,Asian-Pac-Islander,10,marital-status_Married-civ-spouse|marital-status_Never-married|capital-gain|education-num|age|occupation_Exec-managerial|hours-per-week|marital-status_Divorced|occupation_Other-service|relationship_Not-in-family,0.094457|0.049307|0.048032|0.029628|0.025701|0.020767|0.018824|0.017159|0.016862|0.014953,5,2b30f110aba8,3.11.15,"{""numpy"": ""1.26.4"", ""pandas"": ""3.0.3"", ""scikit-learn"": ""1.9.0"", ""torch"": ""2.12.0""}"
adult,logreg,race,none,Black,10,marital-status_Married-civ-spouse|capital-gain|marital-status_Never-married|education-num|age|marital-status_Divorced|occupation_Other-service|hours-per-week|occupation_Exec-managerial|relationship_Not-in-family,0.053160|0.037407|0.029828|0.018049|0.014660|0.012145|0.011498|0.011299|0.009265|0.009159,5,2b30f110aba8,3.11.15,"{""numpy"": ""1.26.4"", ""pandas"": ""3.0.3"", ""scikit-learn"": ""1.9.0"", ""torch"": ""2.12.0""}"
adult,logreg,race,none,Amer-Indian-Eskimo,10,marital-status_Married-civ-spouse|marital-status_Never-married|capital-gain|education-num|hours-per-week|occupation_Exec-managerial|occupation_Prof-specialty|age|marital-status_Divorced|relationship_Not-in-family,0.066043|0.036268|0.025879|0.021124|0.018291|0.016742|0.015122|0.014588|0.014453|0.009537,5,2b30f110aba8,3.11.15,"{""numpy"": ""1.26.4"", ""pandas"": ""3.0.3"", ""scikit-learn"": ""1.9.0"", ""torch"": ""2.12.0""}"
adult,logreg,race,none,Other,10,marital-status_Married-civ-spouse|marital-status_Never-married|capital-gain|hours-per-week|capital-loss|education-num|occupation_Prof-specialty|native-country_United-States|age|native-country_Mexico,0.059785|0.032163|0.025659|0.025139|0.022261|0.022174|0.015589|0.012123|0.011077|0.010385,5,2b30f110aba8,3.11.15,"{""numpy"": ""1.26.4"", ""pandas"": ""3.0.3"", ""scikit-learn"": ""1.9.0"", ""torch"": ""2.12.0""}"
adult,logreg,race,prune:0.3,White,10,marital-status_Married-civ-spouse|capital-gain|marital-status_Never-married|education-num|age|hours-per-week|occupation_Exec-managerial|marital-status_Divorced|relationship_Not-in-family|occupation_Prof-specialty,0.088379|0.049787|0.045130|0.029410|0.025363|0.021238|0.020413|0.018158|0.013921|0.013159,5,bb6040aa3f79,3.11.15,"{""numpy"": ""1.26.4"", ""pandas"": ""3.0.3"", ""scikit-learn"": ""1.9.0"", ""torch"": ""2.12.0""}"
adult,logreg,race,prune:0.3,Asian-Pac-Islander,10,marital-status_Married-civ-spouse|marital-status_Never-married|capital-gain|education-num|age|occupation_Exec-managerial|hours-per-week|occupation_Other-service|marital-status_Divorced|relationship_Not-in-family,0.094300|0.049262|0.047542|0.029306|0.025688|0.020730|0.018678|0.017193|0.016977|0.014910,5,bb6040aa3f79,3.11.15,"{""numpy"": ""1.26.4"", ""pandas"": ""3.0.3"", ""scikit-learn"": ""1.9.0"", ""torch"": ""2.12.0""}"
adult,logreg,race,prune:0.3,Black,10,marital-status_Married-civ-spouse|capital-gain|marital-status_Never-married|education-num|age|marital-status_Divorced|occupation_Other-service|hours-per-week|occupation_Exec-managerial|relationship_Not-in-family,0.052883|0.037362|0.029763|0.017923|0.014620|0.012055|0.011430|0.011267|0.009206|0.009165,5,bb6040aa3f79,3.11.15,"{""numpy"": ""1.26.4"", ""pandas"": ""3.0.3"", ""scikit-learn"": ""1.9.0"", ""torch"": ""2.12.0""}"
adult,logreg,race,prune:0.3,Amer-Indian-Eskimo,10,marital-status_Married-civ-spouse|marital-status_Never-married|capital-gain|education-num|hours-per-week|occupation_Exec-managerial|occupation_Prof-specialty|age|marital-status_Divorced|relationship_Not-in-family,0.065770|0.036070|0.025798|0.021078|0.018264|0.016619|0.015102|0.014551|0.014322|0.009519,5,bb6040aa3f79,3.11.15,"{""numpy"": ""1.26.4"", ""pandas"": ""3.0.3"", ""scikit-learn"": ""1.9.0"", ""torch"": ""2.12.0""}"
adult,logreg,race,prune:0.3,Other,10,marital-status_Married-civ-spouse|marital-status_Never-married|capital-gain|hours-per-week|capital-loss|education-num|occupation_Prof-specialty|native-country_United-States|relationship_Wife|age,0.063523|0.033720|0.026920|0.026795|0.025366|0.025191|0.017736|0.012845|0.011966|0.011829,5,bb6040aa3f79,3.11.15,"{""numpy"": ""1.26.4"", ""pandas"": ""3.0.3"", ""scikit-learn"": ""1.9.0"", ""torch"": ""2.12.0""}"
adult,logreg,race,prune:0.5,White,10,marital-status_Married-civ-spouse|capital-gain|marital-status_Never-married|education-num|age|hours-per-week|occupation_Exec-managerial|marital-status_Divorced|relationship_Not-in-family|occupation_Prof-specialty,0.088153|0.049790|0.045021|0.029631|0.025405|0.021211|0.020386|0.018075|0.013886|0.013134,5,a35e6071487a,3.11.15,"{""numpy"": ""1.26.4"", ""pandas"": ""3.0.3"", ""scikit-learn"": ""1.9.0"", ""torch"": ""2.12.0""}"
adult,logreg,race,prune:0.5,Asian-Pac-Islander,10,marital-status_Married-civ-spouse|marital-status_Never-married|capital-gain|education-num|age|occupation_Exec-managerial|hours-per-week|occupation_Other-service|marital-status_Divorced|relationship_Not-in-family,0.091332|0.047435|0.045713|0.030444|0.025110|0.020678|0.018530|0.016533|0.016461|0.014167,5,a35e6071487a,3.11.15,"{""numpy"": ""1.26.4"", ""pandas"": ""3.0.3"", ""scikit-learn"": ""1.9.0"", ""torch"": ""2.12.0""}"
adult,logreg,race,prune:0.5,Black,10,marital-status_Married-civ-spouse|capital-gain|marital-status_Never-married|education-num|age|marital-status_Divorced|occupation_Other-service|hours-per-week|occupation_Exec-managerial|relationship_Not-in-family,0.053118|0.037481|0.029804|0.018251|0.014764|0.012178|0.011507|0.011300|0.009225|0.009205,5,a35e6071487a,3.11.15,"{""numpy"": ""1.26.4"", ""pandas"": ""3.0.3"", ""scikit-learn"": ""1.9.0"", ""torch"": ""2.12.0""}"
adult,logreg,race,prune:0.5,Amer-Indian-Eskimo,10,marital-status_Married-civ-spouse|marital-status_Never-married|capital-gain|education-num|hours-per-week|occupation_Exec-managerial|occupation_Prof-specialty|age|marital-status_Divorced|relationship_Not-in-family,0.066036|0.036292|0.025949|0.021086|0.018414|0.016755|0.015067|0.014580|0.014372|0.009574,5,a35e6071487a,3.11.15,"{""numpy"": ""1.26.4"", ""pandas"": ""3.0.3"", ""scikit-learn"": ""1.9.0"", ""torch"": ""2.12.0""}"
adult,logreg,race,prune:0.5,Other,10,marital-status_Married-civ-spouse|marital-status_Never-married|hours-per-week|capital-gain|education-num|capital-loss|occupation_Prof-specialty|native-country_United-States|age|relationship_Wife,0.062669|0.033803|0.026694|0.026614|0.025168|0.025088|0.017358|0.012621|0.011882|0.011737,5,a35e6071487a,3.11.15,"{""numpy"": ""1.26.4"", ""pandas"": ""3.0.3"", ""scikit-learn"": ""1.9.0"", ""torch"": ""2.12.0""}"
adult,logreg,race,prune:0.7,White,10,marital-status_Married-civ-spouse|capital-gain|marital-status_Never-married|education-num|age|hours-per-week|occupation_Exec-managerial|marital-status_Divorced|relationship_Not-in-family|occupation_Prof-specialty,0.088994|0.051525|0.045197|0.030582|0.026164|0.021775|0.020738|0.018104|0.013960|0.013407,5,119aa0383f4d,3.11.15,"{""numpy"": ""1.26.4"", ""pandas"": ""3.0.3"", ""scikit-learn"": ""1.9.0"", ""torch"": ""2.12.0""}"
adult,logreg,race,prune:0.7,Asian-Pac-Islander,10,marital-status_Married-civ-spouse|marital-status_Never-married|capital-gain|education-num|age|occupation_Exec-managerial|hours-per-week|occupation_Other-service|marital-status_Divorced|relationship_Not-in-family,0.093639|0.048494|0.047082|0.030772|0.026343|0.021315|0.019548|0.017142|0.016987|0.014784,5,119aa0383f4d,3.11.15,"{""numpy"": ""1.26.4"", ""pandas"": ""3.0.3"", ""scikit-learn"": ""1.9.0"", ""torch"": ""2.12.0""}"
adult,logreg,race,prune:0.7,Black,10,marital-status_Married-civ-spouse|capital-gain|marital-status_Never-married|education-num|age|marital-status_Divorced|occupation_Other-service|hours-per-week|relationship_Not-in-family|occupation_Exec-managerial,0.052565|0.036944|0.029113|0.018378|0.015357|0.011939|0.011375|0.011372|0.009136|0.009086,5,119aa0383f4d,3.11.15,"{""numpy"": ""1.26.4"", ""pandas"": ""3.0.3"", ""scikit-learn"": ""1.9.0"", ""torch"": ""2.12.0""}"
adult,logreg,race,prune:0.7,Amer-Indian-Eskimo,10,marital-status_Married-civ-spouse|marital-status_Never-married|capital-gain|education-num|hours-per-week|occupation_Exec-managerial|marital-status_Divorced|occupation_Prof-specialty|age|workclass_Federal-gov,0.069640|0.036872|0.026622|0.021021|0.020586|0.018024|0.015826|0.015130|0.014869|0.009652,5,119aa0383f4d,3.11.15,"{""numpy"": ""1.26.4"", ""pandas"": ""3.0.3"", ""scikit-learn"": ""1.9.0"", ""torch"": ""2.12.0""}"
adult,logreg,race,prune:0.7,Other,10,marital-status_Married-civ-spouse|marital-status_Never-married|education-num|capital-gain|hours-per-week|capital-loss|occupation_Prof-specialty|age|relationship_Wife|education_7th-8th,0.075693|0.040383|0.034828|0.032699|0.026808|0.025184|0.018396|0.015530|0.013364|0.011695,5,119aa0383f4d,3.11.15,"{""numpy"": ""1.26.4"", ""pandas"": ""3.0.3"", ""scikit-learn"": ""1.9.0"", ""torch"": ""2.12.0""}"
adult,logreg,race,prune:0.9,White,10,marital-status_Married-civ-spouse|capital-gain|marital-status_Never-married|education-num|age|hours-per-week|marital-status_Divorced|occupation_Other-service|capital-loss|education_Preschool,0.089873|0.056841|0.044928|0.032370|0.027604|0.024126|0.016889|0.013796|0.012735|0.001412,5,c1e372dc70e1,3.11.15,"{""numpy"": ""1.26.4"", ""pandas"": ""3.0.3"", ""scikit-learn"": ""1.9.0"", ""torch"": ""2.12.0""}"
adult,logreg,race,prune:0.9,Asian-Pac-Islander,10,marital-status_Married-civ-spouse|capital-gain|marital-status_Never-married|education-num|age|hours-per-week|occupation_Other-service|marital-status_Divorced|capital-loss|education_Preschool,0.091277|0.059995|0.045862|0.031695|0.027633|0.018250|0.016176|0.015992|0.012233|0.001396,5,c1e372dc70e1,3.11.15,"{""numpy"": ""1.26.4"", ""pandas"": ""3.0.3"", ""scikit-learn"": ""1.9.0"", ""torch"": ""2.12.0""}"
adult,logreg,race,prune:0.9,Black,10,marital-status_Married-civ-spouse|capital-gain|marital-status_Never-married|education-num|age|occupation_Other-service|hours-per-week|marital-status_Divorced|capital-loss|education_Preschool,0.057723|0.041228|0.031289|0.020523|0.017535|0.012764|0.011549|0.011365|0.004538|0.000855,5,c1e372dc70e1,3.11.15,"{""numpy"": ""1.26.4"", ""pandas"": ""3.0.3"", ""scikit-learn"": ""1.9.0"", ""torch"": ""2.12.0""}"
adult,logreg,race,prune:0.9,Amer-Indian-Eskimo,10,marital-status_Married-civ-spouse|marital-status_Never-married|capital-gain|education-num|hours-per-week|marital-status_Divorced|age|occupation_Other-service|capital-loss|education_Preschool,0.063082|0.033853|0.026685|0.023731|0.017163|0.015586|0.015231|0.009304|0.003793|0.000974,5,c1e372dc70e1,3.11.15,"{""numpy"": ""1.26.4"", ""pandas"": ""3.0.3"", ""scikit-learn"": ""1.9.0"", ""torch"": ""2.12.0""}"
adult,logreg,race,prune:0.9,Other,10,marital-status_Married-civ-spouse|education-num|marital-status_Never-married|capital-gain|capital-loss|hours-per-week|age|marital-status_Divorced|occupation_Other-service|education_Preschool,0.080324|0.043716|0.041540|0.034607|0.033327|0.020547|0.017034|0.013631|0.009674|0.001288,5,c1e372dc70e1,3.11.15,"{""numpy"": ""1.26.4"", ""pandas"": ""3.0.3"", ""scikit-learn"": ""1.9.0"", ""torch"": ""2.12.0""}"
adult,logreg,sex,none,Male,10,marital-status_Married-civ-spouse|capital-gain|marital-status_Never-married|education-num|age|hours-per-week|occupation_Exec-managerial|capital-loss|marital-status_Divorced|relationship_Own-child,0.094960|0.052896|0.047195|0.033954|0.028819|0.024464|0.023053|0.016144|0.015364|0.014950,6,3432b4a3e167,3.11.15,"{""numpy"": ""1.26.4"", ""pandas"": ""3.0.3"", ""scikit-learn"": ""1.9.0"", ""torch"": ""2.12.0""}"
adult,logreg,sex,none,Female,10,marital-status_Married-civ-spouse|marital-status_Never-married|capital-gain|education-num|age|relationship_Wife|marital-status_Divorced|hours-per-week|occupation_Exec-managerial|occupation_Prof-specialty,0.056331|0.032259|0.026134|0.019605|0.015410|0.015140|0.014503|0.014178|0.013002|0.010018,6,3432b4a3e167,3.11.15,"{""numpy"": ""1.26.4"", ""pandas"": ""3.0.3"", ""scikit-learn"": ""1.9.0"", ""torch"": ""2.12.0""}"
adult,logreg,sex,prune:0.3,Male,10,marital-status_Married-civ-spouse|capital-gain|marital-status_Never-married|education-num|age|hours-per-week|occupation_Exec-managerial|capital-loss|marital-status_Divorced|relationship_Own-child,0.095092|0.052964|0.047272|0.034030|0.028871|0.024470|0.023079|0.016162|0.015373|0.014975,6,d03d867889d4,3.11.15,"{""numpy"": ""1.26.4"", ""pandas"": ""3.0.3"", ""scikit-learn"": ""1.9.0"", ""torch"": ""2.12.0""}"
adult,logreg,sex,prune:0.3,Female,10,marital-status_Married-civ-spouse|marital-status_Never-married|capital-gain|education-num|age|relationship_Wife|marital-status_Divorced|hours-per-week|occupation_Exec-managerial|occupation_Prof-specialty,0.056347|0.032320|0.026045|0.019596|0.015414|0.015147|0.014446|0.014190|0.012965|0.010006,6,d03d867889d4,3.11.15,"{""numpy"": ""1.26.4"", ""pandas"": ""3.0.3"", ""scikit-learn"": ""1.9.0"", ""torch"": ""2.12.0""}"
adult,logreg,sex,prune:0.5,Male,10,marital-status_Married-civ-spouse|capital-gain|marital-status_Never-married|education-num|age|hours-per-week|occupation_Exec-managerial|capital-loss|marital-status_Divorced|relationship_Own-child,0.094644|0.052891|0.047144|0.034132|0.028749|0.024448|0.023050|0.016113|0.015264|0.014923,6,2b72d3092907,3.11.15,"{""numpy"": ""1.26.4"", ""pandas"": ""3.0.3"", ""scikit-learn"": ""1.9.0"", ""torch"": ""2.12.0""}"
adult,logreg,sex,prune:0.5,Female,10,marital-status_Married-civ-spouse|marital-status_Never-married|capital-gain|education-num|age|relationship_Wife|marital-status_Divorced|hours-per-week|occupation_Exec-managerial|occupation_Prof-specialty,0.056613|0.032476|0.026167|0.019841|0.015466|0.015281|0.014509|0.014202|0.012994|0.010071,6,2b72d3092907,3.11.15,"{""numpy"": ""1.26.4"", ""pandas"": ""3.0.3"", ""scikit-learn"": ""1.9.0"", ""torch"": ""2.12.0""}"
adult,logreg,sex,prune:0.7,Male,10,marital-status_Married-civ-spouse|capital-gain|marital-status_Never-married|education-num|age|hours-per-week|occupation_Exec-managerial|capital-loss|marital-status_Divorced|relationship_Own-child,0.094221|0.054871|0.047091|0.035660|0.029210|0.025028|0.023381|0.016413|0.015309|0.015021,6,d97c9012de74,3.11.15,"{""numpy"": ""1.26.4"", ""pandas"": ""3.0.3"", ""scikit-learn"": ""1.9.0"", ""torch"": ""2.12.0""}"
adult,logreg,sex,prune:0.7,Female,10,marital-status_Married-civ-spouse|marital-status_Never-married|capital-gain|education-num|age|relationship_Wife|hours-per-week|marital-status_Divorced|occupation_Exec-managerial|occupation_Prof-specialty,0.057709|0.032720|0.026045|0.020562|0.015860|0.015832|0.015008|0.014655|0.013125|0.010192,6,d97c9012de74,3.11.15,"{""numpy"": ""1.26.4"", ""pandas"": ""3.0.3"", ""scikit-learn"": ""1.9.0"", ""torch"": ""2.12.0""}"
adult,logreg,sex,prune:0.9,Male,10,marital-status_Married-civ-spouse|capital-gain|marital-status_Never-married|education-num|age|hours-per-week|capital-loss|relationship_Own-child|occupation_Priv-house-serv|education_Preschool,0.098178|0.063095|0.048450|0.039351|0.031415|0.028099|0.018461|0.016213|0.003230|0.002732,6,1b02c7a7e12f,3.11.15,"{""numpy"": ""1.26.4"", ""pandas"": ""3.0.3"", ""scikit-learn"": ""1.9.0"", ""torch"": ""2.12.0""}"
adult,logreg,sex,prune:0.9,Female,10,marital-status_Married-civ-spouse|marital-status_Never-married|capital-gain|education-num|age|hours-per-week|relationship_Own-child|capital-loss|occupation_Priv-house-serv|education_Preschool,0.055552|0.028469|0.028357|0.019497|0.015898|0.014446|0.009703|0.009517|0.002755|0.001352,6,1b02c7a7e12f,3.11.15,"{""numpy"": ""1.26.4"", ""pandas"": ""3.0.3"", ""scikit-learn"": ""1.9.0"", ""torch"": ""2.12.0""}"
adult,logreg,race,none,White,10,marital-status_Married-civ-spouse|capital-gain|marital-status_Never-married|education-num|age|hours-per-week|occupation_Exec-managerial|marital-status_Divorced|capital-loss|relationship_Own-child,0.086458|0.046506|0.044266|0.030089|0.025748|0.022571|0.020988|0.015543|0.014654|0.013844,6,c194ef47a21d,3.11.15,"{""numpy"": ""1.26.4"", ""pandas"": ""3.0.3"", ""scikit-learn"": ""1.9.0"", ""torch"": ""2.12.0""}"
adult,logreg,race,none,Black,10,marital-status_Married-civ-spouse|marital-status_Never-married|capital-gain|education-num|age|occupation_Exec-managerial|marital-status_Divorced|hours-per-week|occupation_Other-service|relationship_Own-child,0.054535|0.029811|0.028170|0.019255|0.016001|0.012004|0.011709|0.010255|0.009984|0.008667,6,c194ef47a21d,3.11.15,"{""numpy"": ""1.26.4"", ""pandas"": ""3.0.3"", ""scikit-learn"": ""1.9.0"", ""torch"": ""2.12.0""}"
adult,logreg,race,none,Asian-Pac-Islander,10,marital-status_Married-civ-spouse|capital-gain|education-num|marital-status_Never-married|hours-per-week|age|occupation_Exec-managerial|capital-loss|occupation_Prof-specialty|native-country_United-States,0.074861|0.043830|0.039746|0.039334|0.023822|0.020782|0.018826|0.016022|0.014273|0.013813,6,c194ef47a21d,3.11.15,"{""numpy"": ""1.26.4"", ""pandas"": ""3.0.3"", ""scikit-learn"": ""1.9.0"", ""torch"": ""2.12.0""}"
adult,logreg,race,none,Other,10,marital-status_Married-civ-spouse|education-num|capital-gain|marital-status_Never-married|marital-status_Divorced|native-country_Mexico|education_Masters|occupation_Prof-specialty|occupation_Other-service|age,0.055327|0.036681|0.029116|0.026851|0.018668|0.018304|0.014951|0.013928|0.010938|0.010833,6,c194ef47a21d,3.11.15,"{""numpy"": ""1.26.4"", ""pandas"": ""3.0.3"", ""scikit-learn"": ""1.9.0"", ""torch"": ""2.12.0""}"
adult,logreg,race,none,Amer-Indian-Eskimo,10,marital-status_Married-civ-spouse|education-num|marital-status_Never-married|age|capital-gain|marital-status_Divorced|education_Doctorate|marital-status_Separated|capital-loss|relationship_Not-in-family,0.053985|0.021749|0.021512|0.020290|0.016547|0.016205|0.012465|0.010512|0.010397|0.009603,6,c194ef47a21d,3.11.15,"{""numpy"": ""1.26.4"", ""pandas"": ""3.0.3"", ""scikit-learn"": ""1.9.0"", ""torch"": ""2.12.0""}"
adult,logreg,race,prune:0.3,White,10,marital-status_Married-civ-spouse|capital-gain|marital-status_Never-married|education-num|age|hours-per-week|occupation_Exec-managerial|marital-status_Divorced|capital-loss|relationship_Own-child,0.086562|0.046545|0.044349|0.030141|0.025788|0.022581|0.021007|0.015528|0.014657|0.013861,6,f366913deaa1,3.11.15,"{""numpy"": ""1.26.4"", ""pandas"": ""3.0.3"", ""scikit-learn"": ""1.9.0"", ""torch"": ""2.12.0""}"
adult,logreg,race,prune:0.3,Black,10,marital-status_Married-civ-spouse|marital-status_Never-married|capital-gain|education-num|age|occupation_Exec-managerial|marital-status_Divorced|hours-per-week|occupation_Other-service|relationship_Own-child,0.054449|0.029740|0.028010|0.019188|0.015978|0.011937|0.011658|0.010261|0.009974|0.008673,6,f366913deaa1,3.11.15,"{""numpy"": ""1.26.4"", ""pandas"": ""3.0.3"", ""scikit-learn"": ""1.9.0"", ""torch"": ""2.12.0""}"
adult,logreg,race,prune:0.3,Asian-Pac-Islander,10,marital-status_Married-civ-spouse|capital-gain|education-num|marital-status_Never-married|hours-per-week|age|occupation_Exec-managerial|capital-loss|occupation_Prof-specialty|native-country_United-States,0.075017|0.043833|0.039899|0.039451|0.023793|0.020925|0.018663|0.016076|0.014310|0.013875,6,f366913deaa1,3.11.15,"{""numpy"": ""1.26.4"", ""pandas"": ""3.0.3"", ""scikit-learn"": ""1.9.0"", ""torch"": ""2.12.0""}"
adult,logreg,race,prune:0.3,Other,10,marital-status_Married-civ-spouse|education-num|capital-gain|marital-status_Never-married|marital-status_Divorced|native-country_Mexico|education_Masters|occupation_Prof-specialty|occupation_Other-service|age,0.056535|0.037313|0.029115|0.027308|0.018763|0.018204|0.014862|0.013897|0.011038|0.010889,6,f366913deaa1,3.11.15,"{""numpy"": ""1.26.4"", ""pandas"": ""3.0.3"", ""scikit-learn"": ""1.9.0"", ""torch"": ""2.12.0""}"
adult,logreg,race,prune:0.3,Amer-Indian-Eskimo,10,marital-status_Married-civ-spouse|education-num|marital-status_Never-married|age|capital-gain|marital-status_Divorced|education_Doctorate|marital-status_Separated|capital-loss|relationship_Not-in-family,0.053849|0.021777|0.021496|0.020247|0.016518|0.015958|0.012463|0.010513|0.010397|0.009645,6,f366913deaa1,3.11.15,"{""numpy"": ""1.26.4"", ""pandas"": ""3.0.3"", ""scikit-learn"": ""1.9.0"", ""torch"": ""2.12.0""}"
adult,logreg,race,prune:0.5,White,10,marital-status_Married-civ-spouse|capital-gain|marital-status_Never-married|education-num|age|hours-per-week|occupation_Exec-managerial|marital-status_Divorced|capital-loss|relationship_Own-child,0.086171|0.046483|0.044226|0.030232|0.025672|0.022483|0.020982|0.015452|0.014651|0.013817,6,5a100d3eb7a3,3.11.15,"{""numpy"": ""1.26.4"", ""pandas"": ""3.0.3"", ""scikit-learn"": ""1.9.0"", ""torch"": ""2.12.0""}"
adult,logreg,race,prune:0.5,Black,10,marital-status_Married-civ-spouse|marital-status_Never-married|capital-gain|education-num|age|occupation_Exec-managerial|marital-status_Divorced|hours-per-week|occupation_Other-service|relationship_Own-child,0.055387|0.030429|0.028411|0.019827|0.016306|0.012037|0.011757|0.010433|0.010194|0.008838,6,5a100d3eb7a3,3.11.15,"{""numpy"": ""1.26.4"", ""pandas"": ""3.0.3"", ""scikit-learn"": ""1.9.0"", ""torch"": ""2.12.0""}"
adult,logreg,race,prune:0.5,Asian-Pac-Islander,10,marital-status_Married-civ-spouse|capital-gain|education-num|marital-status_Never-married|hours-per-week|age|occupation_Exec-managerial|capital-loss|occupation_Prof-specialty|native-country_United-States,0.076335|0.044087|0.040119|0.039715|0.025657|0.021066|0.018767|0.016156|0.014457|0.014227,6,5a100d3eb7a3,3.11.15,"{""numpy"": ""1.26.4"", ""pandas"": ""3.0.3"", ""scikit-learn"": ""1.9.0"", ""torch"": ""2.12.0""}"
adult,logreg,race,prune:0.5,Other,10,marital-status_Married-civ-spouse|education-num|capital-gain|marital-status_Never-married|marital-status_Divorced|native-country_Mexico|education_Masters|occupation_Prof-specialty|occupation_Other-service|age,0.056504|0.038007|0.029220|0.027305|0.018765|0.018598|0.014905|0.013928|0.011096|0.011013,6,5a100d3eb7a3,3.11.15,"{""numpy"": ""1.26.4"", ""pandas"": ""3.0.3"", ""scikit-learn"": ""1.9.0"", ""torch"": ""2.12.0""}"
adult,logreg,race,prune:0.5,Amer-Indian-Eskimo,10,marital-status_Married-civ-spouse|education-num|marital-status_Never-married|age|capital-gain|marital-status_Divorced|education_Doctorate|marital-status_Separated|capital-loss|relationship_Not-in-family,0.052401|0.021289|0.020811|0.019860|0.016009|0.015929|0.012427|0.010261|0.010028|0.009162,6,5a100d3eb7a3,3.11.15,"{""numpy"": ""1.26.4"", ""pandas"": ""3.0.3"", ""scikit-learn"": ""1.9.0"", ""torch"": ""2.12.0""}"
adult,logreg,race,prune:0.7,White,10,marital-status_Married-civ-spouse|capital-gain|marital-status_Never-married|education-num|age|hours-per-week|occupation_Exec-managerial|marital-status_Divorced|capital-loss|relationship_Own-child,0.086008|0.048007|0.044166|0.031486|0.026107|0.023055|0.021251|0.015541|0.014929|0.013931,6,38f722897a63,3.11.15,"{""numpy"": ""1.26.4"", ""pandas"": ""3.0.3"", ""scikit-learn"": ""1.9.0"", ""torch"": ""2.12.0""}"
adult,logreg,race,prune:0.7,Black,10,marital-status_Married-civ-spouse|marital-status_Never-married|capital-gain|education-num|age|occupation_Exec-managerial|marital-status_Divorced|hours-per-week|occupation_Other-service|relationship_Own-child,0.054646|0.030042|0.028963|0.019883|0.016007|0.011990|0.011358|0.010861|0.010118|0.008794,6,38f722897a63,3.11.15,"{""numpy"": ""1.26.4"", ""pandas"": ""3.0.3"", ""scikit-learn"": ""1.9.0"", ""torch"": ""2.12.0""}"
adult,logreg,race,prune:0.7,Asian-Pac-Islander,10,marital-status_Married-civ-spouse|education-num|marital-status_Never-married|capital-gain|hours-per-week|age|occupation_Exec-managerial|capital-loss|occupation_Prof-specialty|education_Masters,0.079862|0.041626|0.041188|0.039816|0.027772|0.022317|0.019258|0.016478|0.015740|0.014218,6,38f722897a63,3.11.15,"{""numpy"": ""1.26.4"", ""pandas"": ""3.0.3"", ""scikit-learn"": ""1.9.0"", ""torch"": ""2.12.0""}"
adult,logreg,race,prune:0.7,Other,10,marital-status_Married-civ-spouse|education-num|capital-gain|marital-status_Never-married|marital-status_Divorced|native-country_Mexico|education_Masters|relationship_Wife|occupation_Prof-specialty|age,0.074009|0.049480|0.036820|0.035643|0.021127|0.021098|0.016180|0.016130|0.015822|0.015203,6,38f722897a63,3.11.15,"{""numpy"": ""1.26.4"", ""pandas"": ""3.0.3"", ""scikit-learn"": ""1.9.0"", ""torch"": ""2.12.0""}"
adult,logreg,race,prune:0.7,Amer-Indian-Eskimo,10,marital-status_Married-civ-spouse|education-num|marital-status_Never-married|age|capital-gain|marital-status_Divorced|education_Doctorate|relationship_Not-in-family|marital-status_Widowed|marital-status_Separated,0.055438|0.026373|0.022788|0.022446|0.016634|0.014834|0.010962|0.010016|0.009840|0.007886,6,38f722897a63,3.11.15,"{""numpy"": ""1.26.4"", ""pandas"": ""3.0.3"", ""scikit-learn"": ""1.9.0"", ""torch"": ""2.12.0""}"
adult,logreg,race,prune:0.9,White,10,marital-status_Married-civ-spouse|capital-gain|marital-status_Never-married|education-num|age|hours-per-week|capital-loss|relationship_Own-child|occupation_Priv-house-serv|education_Preschool,0.087507|0.054587|0.043435|0.033798|0.027568|0.025294|0.016518|0.014637|0.003101|0.002382,6,e9608e837c80,3.11.15,"{""numpy"": ""1.26.4"", ""pandas"": ""3.0.3"", ""scikit-learn"": ""1.9.0"", ""torch"": ""2.12.0""}"
adult,logreg,race,prune:0.9,Black,10,marital-status_Married-civ-spouse|capital-gain|marital-status_Never-married|education-num|age|hours-per-week|relationship_Own-child|capital-loss|occupation_Priv-house-serv|education_Preschool,0.058774|0.031492|0.030596|0.021083|0.017328|0.011379|0.009813|0.007352|0.003101|0.001518,6,e9608e837c80,3.11.15,"{""numpy"": ""1.26.4"", ""pandas"": ""3.0.3"", ""scikit-learn"": ""1.9.0"", ""torch"": ""2.12.0""}"
adult,logreg,race,prune:0.9,Asian-Pac-Islander,10,marital-status_Married-civ-spouse|capital-gain|education-num|marital-status_Never-married|hours-per-week|age|capital-loss|relationship_Own-child|occupation_Priv-house-serv|education_Preschool,0.084220|0.051522|0.043237|0.042712|0.025789|0.024940|0.018637|0.014445|0.002720|0.002231,6,e9608e837c80,3.11.15,"{""numpy"": ""1.26.4"", ""pandas"": ""3.0.3"", ""scikit-learn"": ""1.9.0"", ""torch"": ""2.12.0""}"
adult,logreg,race,prune:0.9,Other,10,marital-status_Married-civ-spouse|education-num|capital-gain|marital-status_Never-married|age|hours-per-week|relationship_Own-child|capital-loss|occupation_Priv-house-serv|education_Preschool,0.081679|0.048885|0.042947|0.039649|0.016899|0.013839|0.013405|0.008156|0.002873|0.002358,6,e9608e837c80,3.11.15,"{""numpy"": ""1.26.4"", ""pandas"": ""3.0.3"", ""scikit-learn"": ""1.9.0"", ""torch"": ""2.12.0""}"
adult,logreg,race,prune:0.9,Amer-Indian-Eskimo,10,marital-status_Married-civ-spouse|education-num|marital-status_Never-married|age|capital-gain|capital-loss|relationship_Own-child|hours-per-week|occupation_Priv-house-serv|education_Preschool,0.065628|0.027644|0.026003|0.025936|0.020130|0.010551|0.009386|0.005351|0.001803|0.001480,6,e9608e837c80,3.11.15,"{""numpy"": ""1.26.4"", ""pandas"": ""3.0.3"", ""scikit-learn"": ""1.9.0"", ""torch"": ""2.12.0""}"
adult,logreg,sex,none,Male,10,marital-status_Married-civ-spouse|capital-gain|marital-status_Never-married|education-num|age|hours-per-week|occupation_Exec-managerial|occupation_Prof-specialty|education_Bachelors|relationship_Own-child,0.091414|0.066610|0.049453|0.030105|0.027596|0.024992|0.020644|0.014802|0.014745|0.014555,7,203aa2767df4,3.11.15,"{""numpy"": ""1.26.4"", ""pandas"": ""3.0.3"", ""scikit-learn"": ""1.9.0"", ""torch"": ""2.12.0""}"
adult,logreg,sex,none,Female,10,marital-status_Married-civ-spouse|capital-gain|marital-status_Never-married|education-num|age|relationship_Wife|hours-per-week|marital-status_Divorced|occupation_Exec-managerial|occupation_Other-service,0.056676|0.036611|0.033978|0.018456|0.016314|0.015578|0.015340|0.012944|0.012800|0.010889,7,203aa2767df4,3.11.15,"{""numpy"": ""1.26.4"", ""pandas"": ""3.0.3"", ""scikit-learn"": ""1.9.0"", ""torch"": ""2.12.0""}"
adult,logreg,sex,prune:0.3,Male,10,marital-status_Married-civ-spouse|capital-gain|marital-status_Never-married|education-num|age|hours-per-week|occupation_Exec-managerial|occupation_Prof-specialty|education_Bachelors|relationship_Own-child,0.091443|0.066610|0.049468|0.030148|0.027611|0.024974|0.020618|0.014797|0.014741|0.014567,7,d46074c3afa0,3.11.15,"{""numpy"": ""1.26.4"", ""pandas"": ""3.0.3"", ""scikit-learn"": ""1.9.0"", ""torch"": ""2.12.0""}"
adult,logreg,sex,prune:0.3,Female,10,marital-status_Married-civ-spouse|capital-gain|marital-status_Never-married|education-num|age|relationship_Wife|hours-per-week|marital-status_Divorced|occupation_Exec-managerial|occupation_Other-service,0.056691|0.036565|0.033987|0.018418|0.016335|0.015560|0.015350|0.012952|0.012734|0.010862,7,d46074c3afa0,3.11.15,"{""numpy"": ""1.26.4"", ""pandas"": ""3.0.3"", ""scikit-learn"": ""1.9.0"", ""torch"": ""2.12.0""}"
adult,logreg,sex,prune:0.5,Male,10,marital-status_Married-civ-spouse|capital-gain|marital-status_Never-married|education-num|age|hours-per-week|occupation_Exec-managerial|occupation_Prof-specialty|education_Bachelors|relationship_Own-child,0.091852|0.066966|0.049702|0.030537|0.027755|0.025078|0.020745|0.014934|0.014842|0.014656,7,e735d2a0b58c,3.11.15,"{""numpy"": ""1.26.4"", ""pandas"": ""3.0.3"", ""scikit-learn"": ""1.9.0"", ""torch"": ""2.12.0""}"
adult,logreg,sex,prune:0.5,Female,10,marital-status_Married-civ-spouse|capital-gain|marital-status_Never-married|education-num|age|relationship_Wife|hours-per-week|marital-status_Divorced|occupation_Exec-managerial|occupation_Other-service,0.056733|0.036617|0.034062|0.018548|0.016366|0.015569|0.015407|0.012940|0.012703|0.010819,7,e735d2a0b58c,3.11.15,"{""numpy"": ""1.26.4"", ""pandas"": ""3.0.3"", ""scikit-learn"": ""1.9.0"", ""torch"": ""2.12.0""}"
adult,logreg,sex,prune:0.7,Male,10,marital-status_Married-civ-spouse|capital-gain|marital-status_Never-married|education-num|age|hours-per-week|occupation_Exec-managerial|occupation_Prof-specialty|education_Bachelors|relationship_Own-child,0.091372|0.069077|0.049655|0.031329|0.028302|0.025418|0.021113|0.015072|0.014925|0.014696,7,fc4ec681ba26,3.11.15,"{""numpy"": ""1.26.4"", ""pandas"": ""3.0.3"", ""scikit-learn"": ""1.9.0"", ""torch"": ""2.12.0""}"
adult,logreg,sex,prune:0.7,Female,10,marital-status_Married-civ-spouse|capital-gain|marital-status_Never-married|education-num|age|hours-per-week|relationship_Wife|marital-status_Divorced|occupation_Exec-managerial|occupation_Other-service,0.057683|0.036501|0.034183|0.018878|0.016804|0.016028|0.015910|0.013058|0.012803|0.011090,7,fc4ec681ba26,3.11.15,"{""numpy"": ""1.26.4"", ""pandas"": ""3.0.3"", ""scikit-learn"": ""1.9.0"", ""torch"": ""2.12.0""}"
adult,logreg,sex,prune:0.9,Male,10,marital-status_Married-civ-spouse|capital-gain|marital-status_Never-married|education-num|age|hours-per-week|occupation_Exec-managerial|capital-loss|relationship_Own-child|occupation_Other-service,0.095691|0.075851|0.050755|0.034749|0.030591|0.027549|0.022246|0.016053|0.015665|0.014969,7,b4b4a04b9763,3.11.15,"{""numpy"": ""1.26.4"", ""pandas"": ""3.0.3"", ""scikit-learn"": ""1.9.0"", ""torch"": ""2.12.0""}"
adult,logreg,sex,prune:0.9,Female,10,marital-status_Married-civ-spouse|capital-gain|marital-status_Never-married|education-num|age|hours-per-week|occupation_Exec-managerial|occupation_Other-service|relationship_Own-child|capital-loss,0.056100|0.037586|0.030972|0.017461|0.016889|0.015370|0.013199|0.011172|0.009530|0.008221,7,b4b4a04b9763,3.11.15,"{""numpy"": ""1.26.4"", ""pandas"": ""3.0.3"", ""scikit-learn"": ""1.9.0"", ""torch"": ""2.12.0""}"
adult,logreg,race,none,White,10,marital-status_Married-civ-spouse|capital-gain|marital-status_Never-married|education-num|age|hours-per-week|occupation_Exec-managerial|occupation_Prof-specialty|education_Bachelors|relationship_Own-child,0.083278|0.060495|0.046008|0.027053|0.025010|0.023657|0.019169|0.013954|0.013530|0.013392,7,616de5f622eb,3.11.15,"{""numpy"": ""1.26.4"", ""pandas"": ""3.0.3"", ""scikit-learn"": ""1.9.0"", ""torch"": ""2.12.0""}"
adult,logreg,race,none,Asian-Pac-Islander,10,marital-status_Married-civ-spouse|marital-status_Never-married|capital-gain|education-num|age|occupation_Other-service|occupation_Prof-specialty|capital-loss|hours-per-week|native-country_United-States,0.078883|0.047239|0.042907|0.037884|0.021237|0.018318|0.017455|0.017309|0.016442|0.014774,7,616de5f622eb,3.11.15,"{""numpy"": ""1.26.4"", ""pandas"": ""3.0.3"", ""scikit-learn"": ""1.9.0"", ""torch"": ""2.12.0""}"
adult,logreg,race,none,Black,10,marital-status_Married-civ-spouse|marital-status_Never-married|capital-gain|education-num|age|occupation_Other-service|occupation_Exec-managerial|relationship_Own-child|marital-status_Divorced|education_Bachelors,0.052412|0.029267|0.027584|0.015580|0.014971|0.012846|0.010149|0.008816|0.008252|0.008063,7,616de5f622eb,3.11.15,"{""numpy"": ""1.26.4"", ""pandas"": ""3.0.3"", ""scikit-learn"": ""1.9.0"", ""torch"": ""2.12.0""}"
adult,logreg,race,none,Other,10,marital-status_Married-civ-spouse|capital-gain|marital-status_Never-married|education-num|occupation_Exec-managerial|age|relationship_Own-child|education_Bachelors|native-country_Mexico|hours-per-week,0.040991|0.025996|0.023951|0.016075|0.011320|0.010653|0.007213|0.007134|0.005685|0.005671,7,616de5f622eb,3.11.15,"{""numpy"": ""1.26.4"", ""pandas"": ""3.0.3"", ""scikit-learn"": ""1.9.0"", ""torch"": ""2.12.0""}"
adult,logreg,race,none,Amer-Indian-Eskimo,10,marital-status_Married-civ-spouse|capital-gain|marital-status_Never-married|hours-per-week|education-num|age|occupation_Other-service|relationship_Not-in-family|relationship_Own-child|occupation_Prof-specialty,0.083212|0.066177|0.051496|0.033453|0.032170|0.026360|0.019805|0.016750|0.015760|0.015713,7,616de5f622eb,3.11.15,"{""numpy"": ""1.26.4"", ""pandas"": ""3.0.3"", ""scikit-learn"": ""1.9.0"", ""torch"": ""2.12.0""}"
adult,logreg,race,prune:0.3,White,10,marital-status_Married-civ-spouse|capital-gain|marital-status_Never-married|education-num|age|hours-per-week|occupation_Exec-managerial|occupation_Prof-specialty|education_Bachelors|relationship_Own-child,0.083301|0.060479|0.046018|0.027073|0.025033|0.023655|0.019129|0.013950|0.013522|0.013399,7,d75e15c5888e,3.11.15,"{""numpy"": ""1.26.4"", ""pandas"": ""3.0.3"", ""scikit-learn"": ""1.9.0"", ""torch"": ""2.12.0""}"
adult,logreg,race,prune:0.3,Asian-Pac-Islander,10,marital-status_Married-civ-spouse|marital-status_Never-married|capital-gain|education-num|age|occupation_Other-service|occupation_Prof-specialty|capital-loss|hours-per-week|native-country_United-States,0.079393|0.047491|0.043147|0.038066|0.021292|0.018765|0.017589|0.017243|0.016408|0.014853,7,d75e15c5888e,3.11.15,"{""numpy"": ""1.26.4"", ""pandas"": ""3.0.3"", ""scikit-learn"": ""1.9.0"", ""torch"": ""2.12.0""}"
adult,logreg,race,prune:0.3,Black,10,marital-status_Married-civ-spouse|marital-status_Never-married|capital-gain|education-num|age|occupation_Other-service|occupation_Exec-managerial|relationship_Own-child|marital-status_Divorced|education_Bachelors,0.052282|0.029215|0.027478|0.015490|0.014906|0.012834|0.010107|0.008806|0.008212|0.008046,7,d75e15c5888e,3.11.15,"{""numpy"": ""1.26.4"", ""pandas"": ""3.0.3"", ""scikit-learn"": ""1.9.0"", ""torch"": ""2.12.0""}"
adult,logreg,race,prune:0.3,Other,10,marital-status_Married-civ-spouse|capital-gain|marital-status_Never-married|education-num|occupation_Exec-managerial|age|relationship_Own-child|education_Bachelors|native-country_Mexico|hours-per-week,0.040965|0.025871|0.023973|0.016058|0.011221|0.010644|0.007182|0.007070|0.005687|0.005672,7,d75e15c5888e,3.11.15,"{""numpy"": ""1.26.4"", ""pandas"": ""3.0.3"", ""scikit-learn"": ""1.9.0"", ""torch"": ""2.12.0""}"
adult,logreg,race,prune:0.3,Amer-Indian-Eskimo,10,marital-status_Married-civ-spouse|capital-gain|marital-status_Never-married|hours-per-week|education-num|age|occupation_Other-service|relationship_Not-in-family|relationship_Own-child|occupation_Prof-specialty,0.083598|0.066426|0.051663|0.033474|0.032415|0.026552|0.019873|0.016888|0.015889|0.015785,7,d75e15c5888e,3.11.15,"{""numpy"": ""1.26.4"", ""pandas"": ""3.0.3"", ""scikit-learn"": ""1.9.0"", ""torch"": ""2.12.0""}"
adult,logreg,race,prune:0.5,White,10,marital-status_Married-civ-spouse|capital-gain|marital-status_Never-married|education-num|age|hours-per-week|occupation_Exec-managerial|occupation_Prof-specialty|education_Bachelors|relationship_Own-child,0.083295|0.060605|0.046031|0.027232|0.025039|0.023688|0.019139|0.014029|0.013573|0.013400,7,5ed85062e7e5,3.11.15,"{""numpy"": ""1.26.4"", ""pandas"": ""3.0.3"", ""scikit-learn"": ""1.9.0"", ""torch"": ""2.12.0""}"
adult,logreg,race,prune:0.5,Asian-Pac-Islander,10,marital-status_Married-civ-spouse|marital-status_Never-married|capital-gain|education-num|age|capital-loss|occupation_Other-service|occupation_Prof-specialty|hours-per-week|native-country_United-States,0.085885|0.051647|0.046988|0.041980|0.023579|0.020643|0.020267|0.018864|0.017123|0.016420,7,5ed85062e7e5,3.11.15,"{""numpy"": ""1.26.4"", ""pandas"": ""3.0.3"", ""scikit-learn"": ""1.9.0"", ""torch"": ""2.12.0""}"
adult,logreg,race,prune:0.5,Black,10,marital-status_Married-civ-spouse|marital-status_Never-married|capital-gain|education-num|age|occupation_Other-service|occupation_Exec-managerial|relationship_Own-child|marital-status_Divorced|education_Bachelors,0.052890|0.029518|0.027766|0.015925|0.015146|0.012926|0.010259|0.008872|0.008299|0.008161,7,5ed85062e7e5,3.11.15,"{""numpy"": ""1.26.4"", ""pandas"": ""3.0.3"", ""scikit-learn"": ""1.9.0"", ""torch"": ""2.12.0""}"
adult,logreg,race,prune:0.5,Other,10,marital-status_Married-civ-spouse|capital-gain|marital-status_Never-married|education-num|age|occupation_Exec-managerial|relationship_Own-child|education_Bachelors|native-country_Mexico|hours-per-week,0.044808|0.027856|0.025949|0.017459|0.011682|0.011640|0.007906|0.007468|0.007047|0.006529,7,5ed85062e7e5,3.11.15,"{""numpy"": ""1.26.4"", ""pandas"": ""3.0.3"", ""scikit-learn"": ""1.9.0"", ""torch"": ""2.12.0""}"
adult,logreg,race,prune:0.5,Amer-Indian-Eskimo,10,marital-status_Married-civ-spouse|capital-gain|marital-status_Never-married|hours-per-week|education-num|age|occupation_Other-service|relationship_Not-in-family|relationship_Own-child|occupation_Prof-specialty,0.084258|0.065531|0.051958|0.034693|0.032363|0.026802|0.020825|0.016615|0.015876|0.015745,7,5ed85062e7e5,3.11.15,"{""numpy"": ""1.26.4"", ""pandas"": ""3.0.3"", ""scikit-learn"": ""1.9.0"", ""torch"": ""2.12.0""}"
adult,logreg,race,prune:0.7,White,10,marital-status_Married-civ-spouse|capital-gain|marital-status_Never-married|education-num|age|hours-per-week|occupation_Exec-managerial|occupation_Prof-specialty|education_Bachelors|relationship_Own-child,0.083047|0.062025|0.045882|0.027800|0.025493|0.024106|0.019413|0.014106|0.013571|0.013385,7,3caaca48759a,3.11.15,"{""numpy"": ""1.26.4"", ""pandas"": ""3.0.3"", ""scikit-learn"": ""1.9.0"", ""torch"": ""2.12.0""}"
adult,logreg,race,prune:0.7,Asian-Pac-Islander,10,marital-status_Married-civ-spouse|marital-status_Never-married|capital-gain|education-num|age|occupation_Other-service|capital-loss|occupation_Prof-specialty|hours-per-week|occupation_Exec-managerial,0.091466|0.055113|0.048903|0.043890|0.025829|0.021874|0.021563|0.020400|0.019266|0.016711,7,3caaca48759a,3.11.15,"{""numpy"": ""1.26.4"", ""pandas"": ""3.0.3"", ""scikit-learn"": ""1.9.0"", ""torch"": ""2.12.0""}"
adult,logreg,race,prune:0.7,Black,10,marital-status_Married-civ-spouse|marital-status_Never-married|capital-gain|education-num|age|occupation_Other-service|occupation_Exec-managerial|relationship_Own-child|marital-status_Divorced|education_Bachelors,0.052785|0.029492|0.028276|0.016477|0.015418|0.013002|0.010277|0.008952|0.008354|0.008177,7,3caaca48759a,3.11.15,"{""numpy"": ""1.26.4"", ""pandas"": ""3.0.3"", ""scikit-learn"": ""1.9.0"", ""torch"": ""2.12.0""}"
adult,logreg,race,prune:0.7,Other,10,marital-status_Married-civ-spouse|capital-gain|marital-status_Never-married|education-num|age|occupation_Exec-managerial|relationship_Own-child|hours-per-week|education_Bachelors|relationship_Not-in-family,0.046039|0.028348|0.027424|0.018765|0.011994|0.011843|0.008489|0.008154|0.007636|0.006276,7,3caaca48759a,3.11.15,"{""numpy"": ""1.26.4"", ""pandas"": ""3.0.3"", ""scikit-learn"": ""1.9.0"", ""torch"": ""2.12.0""}"
adult,logreg,race,prune:0.7,Amer-Indian-Eskimo,10,marital-status_Married-civ-spouse|capital-gain|marital-status_Never-married|hours-per-week|education-num|age|occupation_Other-service|relationship_Own-child|relationship_Not-in-family|occupation_Prof-specialty,0.089266|0.068868|0.054270|0.035293|0.034951|0.029421|0.022603|0.018006|0.017654|0.016366,7,3caaca48759a,3.11.15,"{""numpy"": ""1.26.4"", ""pandas"": ""3.0.3"", ""scikit-learn"": ""1.9.0"", ""torch"": ""2.12.0""}"
adult,logreg,race,prune:0.9,White,10,marital-status_Married-civ-spouse|capital-gain|marital-status_Never-married|education-num|age|hours-per-week|occupation_Exec-managerial|relationship_Own-child|capital-loss|occupation_Other-service,0.085605|0.067307|0.045620|0.029689|0.027257|0.025374|0.020316|0.014000|0.013903|0.013432,7,57ef982fd3a4,3.11.15,"{""numpy"": ""1.26.4"", ""pandas"": ""3.0.3"", ""scikit-learn"": ""1.9.0"", ""torch"": ""2.12.0""}"
adult,logreg,race,prune:0.9,Asian-Pac-Islander,10,marital-status_Married-civ-spouse|capital-gain|marital-status_Never-married|education-num|age|capital-loss|occupation_Other-service|hours-per-week|occupation_Exec-managerial|relationship_Own-child,0.085264|0.049981|0.049490|0.040808|0.024045|0.023499|0.023191|0.018696|0.016484|0.015137,7,57ef982fd3a4,3.11.15,"{""numpy"": ""1.26.4"", ""pandas"": ""3.0.3"", ""scikit-learn"": ""1.9.0"", ""torch"": ""2.12.0""}"
adult,logreg,race,prune:0.9,Black,10,marital-status_Married-civ-spouse|capital-gain|marital-status_Never-married|education-num|age|occupation_Other-service|occupation_Exec-managerial|relationship_Own-child|hours-per-week|capital-loss,0.055818|0.030974|0.030147|0.018905|0.016018|0.013214|0.011202|0.009585|0.008343|0.008255,7,57ef982fd3a4,3.11.15,"{""numpy"": ""1.26.4"", ""pandas"": ""3.0.3"", ""scikit-learn"": ""1.9.0"", ""torch"": ""2.12.0""}"
adult,logreg,race,prune:0.9,Other,10,marital-status_Married-civ-spouse|capital-gain|marital-status_Never-married|education-num|age|occupation_Exec-managerial|hours-per-week|relationship_Own-child|occupation_Other-service|capital-loss,0.052484|0.033279|0.029658|0.027805|0.014919|0.012834|0.012096|0.010152|0.007059|0.003651,7,57ef982fd3a4,3.11.15,"{""numpy"": ""1.26.4"", ""pandas"": ""3.0.3"", ""scikit-learn"": ""1.9.0"", ""torch"": ""2.12.0""}"
adult,logreg,race,prune:0.9,Amer-Indian-Eskimo,10,marital-status_Married-civ-spouse|capital-gain|marital-status_Never-married|hours-per-week|age|education-num|occupation_Other-service|relationship_Own-child|occupation_Exec-managerial|capital-loss,0.084144|0.068900|0.047925|0.030729|0.029297|0.027949|0.019345|0.016726|0.016403|0.005741,7,57ef982fd3a4,3.11.15,"{""numpy"": ""1.26.4"", ""pandas"": ""3.0.3"", ""scikit-learn"": ""1.9.0"", ""torch"": ""2.12.0""}"
adult,logreg,sex,none,Male,10,marital-status_Married-civ-spouse|capital-gain|marital-status_Never-married|education-num|age|hours-per-week|occupation_Exec-managerial|marital-status_Divorced|capital-loss|relationship_Not-in-family,0.103904|0.057330|0.051764|0.034013|0.031345|0.028369|0.023728|0.017369|0.016724|0.016388,8,2d2cf19f5899,3.11.15,"{""numpy"": ""1.26.4"", ""pandas"": ""3.0.3"", ""scikit-learn"": ""1.9.0"", ""torch"": ""2.12.0""}"
adult,logreg,sex,none,Female,10,marital-status_Married-civ-spouse|capital-gain|marital-status_Never-married|marital-status_Divorced|education-num|age|hours-per-week|relationship_Wife|occupation_Exec-managerial|relationship_Not-in-family,0.056069|0.031948|0.031836|0.017189|0.015744|0.015137|0.014551|0.011455|0.011279|0.011042,8,2d2cf19f5899,3.11.15,"{""numpy"": ""1.26.4"", ""pandas"": ""3.0.3"", ""scikit-learn"": ""1.9.0"", ""torch"": ""2.12.0""}"
adult,logreg,sex,prune:0.3,Male,10,marital-status_Married-civ-spouse|capital-gain|marital-status_Never-married|education-num|age|hours-per-week|occupation_Exec-managerial|marital-status_Divorced|capital-loss|relationship_Not-in-family,0.103966|0.057312|0.051801|0.034074|0.031415|0.028402|0.023757|0.017383|0.016739|0.016403,8,b9fdf7d4e31b,3.11.15,"{""numpy"": ""1.26.4"", ""pandas"": ""3.0.3"", ""scikit-learn"": ""1.9.0"", ""torch"": ""2.12.0""}"
adult,logreg,sex,prune:0.3,Female,10,marital-status_Married-civ-spouse|capital-gain|marital-status_Never-married|marital-status_Divorced|education-num|age|hours-per-week|relationship_Wife|occupation_Exec-managerial|relationship_Not-in-family,0.056084|0.031925|0.031868|0.017121|0.015748|0.015189|0.014548|0.011488|0.011283|0.011042,8,b9fdf7d4e31b,3.11.15,"{""numpy"": ""1.26.4"", ""pandas"": ""3.0.3"", ""scikit-learn"": ""1.9.0"", ""torch"": ""2.12.0""}"
adult,logreg,sex,prune:0.5,Male,10,marital-status_Married-civ-spouse|capital-gain|marital-status_Never-married|education-num|age|hours-per-week|occupation_Exec-managerial|marital-status_Divorced|capital-loss|relationship_Not-in-family,0.103390|0.057246|0.051615|0.034589|0.031387|0.028488|0.023765|0.017337|0.016888|0.016370,8,5332c580142c,3.11.15,"{""numpy"": ""1.26.4"", ""pandas"": ""3.0.3"", ""scikit-learn"": ""1.9.0"", ""torch"": ""2.12.0""}"
adult,logreg,sex,prune:0.5,Female,10,marital-status_Married-civ-spouse|marital-status_Never-married|capital-gain|marital-status_Divorced|education-num|age|hours-per-week|relationship_Wife|occupation_Exec-managerial|relationship_Not-in-family,0.056936|0.032491|0.032126|0.017373|0.016090|0.015412|0.014705|0.011583|0.011378|0.011222,8,5332c580142c,3.11.15,"{""numpy"": ""1.26.4"", ""pandas"": ""3.0.3"", ""scikit-learn"": ""1.9.0"", ""torch"": ""2.12.0""}"
adult,logreg,sex,prune:0.7,Male,10,marital-status_Married-civ-spouse|capital-gain|marital-status_Never-married|education-num|age|hours-per-week|occupation_Exec-managerial|marital-status_Divorced|capital-loss|relationship_Not-in-family,0.105097|0.059406|0.052357|0.036301|0.032535|0.029247|0.024246|0.017589|0.017358|0.016666,8,40bc450e75b7,3.11.15,"{""numpy"": ""1.26.4"", ""pandas"": ""3.0.3"", ""scikit-learn"": ""1.9.0"", ""torch"": ""2.12.0""}"
adult,logreg,sex,prune:0.7,Female,10,marital-status_Married-civ-spouse|capital-gain|marital-status_Never-married|marital-status_Divorced|education-num|age|hours-per-week|occupation_Exec-managerial|relationship_Not-in-family|occupation_Prof-specialty,0.055376|0.032597|0.031635|0.016930|0.016257|0.015333|0.014583|0.011218|0.011072|0.009125,8,40bc450e75b7,3.11.15,"{""numpy"": ""1.26.4"", ""pandas"": ""3.0.3"", ""scikit-learn"": ""1.9.0"", ""torch"": ""2.12.0""}"
adult,logreg,sex,prune:0.9,Male,10,marital-status_Married-civ-spouse|capital-gain|marital-status_Never-married|education-num|age|hours-per-week|capital-loss|relationship_Own-child|occupation_Other-service|occupation_Priv-house-serv,0.110639|0.066649|0.054260|0.040320|0.035481|0.032671|0.019105|0.016864|0.015815|0.003894,8,8c99be2b04b8,3.11.15,"{""numpy"": ""1.26.4"", ""pandas"": ""3.0.3"", ""scikit-learn"": ""1.9.0"", ""torch"": ""2.12.0""}"
adult,logreg,sex,prune:0.9,Female,10,marital-status_Married-civ-spouse|capital-gain|marital-status_Never-married|age|education-num|hours-per-week|occupation_Other-service|relationship_Own-child|capital-loss|occupation_Priv-house-serv,0.056428|0.033963|0.028135|0.015903|0.015115|0.014476|0.009708|0.009068|0.008786|0.003641,8,8c99be2b04b8,3.11.15,"{""numpy"": ""1.26.4"", ""pandas"": ""3.0.3"", ""scikit-learn"": ""1.9.0"", ""torch"": ""2.12.0""}"
adult,logreg,race,none,White,10,marital-status_Married-civ-spouse|capital-gain|marital-status_Never-married|education-num|age|hours-per-week|occupation_Exec-managerial|marital-status_Divorced|relationship_Not-in-family|capital-loss,0.091476|0.051473|0.046579|0.028649|0.027412|0.024341|0.021152|0.018184|0.015201|0.014756,8,4abe630fbd36,3.11.15,"{""numpy"": ""1.26.4"", ""pandas"": ""3.0.3"", ""scikit-learn"": ""1.9.0"", ""torch"": ""2.12.0""}"
adult,logreg,race,none,Black,10,marital-status_Married-civ-spouse|marital-status_Never-married|capital-gain|education-num|age|hours-per-week|marital-status_Divorced|occupation_Other-service|relationship_Not-in-family|relationship_Own-child,0.054369|0.030737|0.025449|0.017466|0.014581|0.014276|0.012043|0.009806|0.009702|0.008444,8,4abe630fbd36,3.11.15,"{""numpy"": ""1.26.4"", ""pandas"": ""3.0.3"", ""scikit-learn"": ""1.9.0"", ""torch"": ""2.12.0""}"
adult,logreg,race,none,Other,10,marital-status_Married-civ-spouse|capital-gain|marital-status_Never-married|education-num|age|occupation_Other-service|native-country_Mexico|occupation_Prof-specialty|education_Prof-school|relationship_Own-child,0.068341|0.044759|0.035230|0.029521|0.020534|0.017213|0.015610|0.015367|0.013873|0.012177,8,4abe630fbd36,3.11.15,"{""numpy"": ""1.26.4"", ""pandas"": ""3.0.3"", ""scikit-learn"": ""1.9.0"", ""torch"": ""2.12.0""}"
adult,logreg,race,none,Asian-Pac-Islander,10,marital-status_Married-civ-spouse|marital-status_Never-married|capital-gain|education-num|hours-per-week|age|occupation_Exec-managerial|education_Bachelors|occupation_Prof-specialty|native-country_United-States,0.095373|0.048227|0.042335|0.037889|0.035923|0.022676|0.017372|0.017360|0.017332|0.015859,8,4abe630fbd36,3.11.15,"{""numpy"": ""1.26.4"", ""pandas"": ""3.0.3"", ""scikit-learn"": ""1.9.0"", ""torch"": ""2.12.0""}"
adult,logreg,race,none,Amer-Indian-Eskimo,10,marital-status_Married-civ-spouse|capital-gain|marital-status_Never-married|hours-per-week|education-num|marital-status_Divorced|occupation_Other-service|education_11th|age|relationship_Not-in-family,0.077329|0.067626|0.047706|0.028342|0.019120|0.018887|0.017570|0.016760|0.016652|0.015517,8,4abe630fbd36,3.11.15,"{""numpy"": ""1.26.4"", ""pandas"": ""3.0.3"", ""scikit-learn"": ""1.9.0"", ""torch"": ""2.12.0""}"
adult,logreg,race,prune:0.3,White,10,marital-status_Married-civ-spouse|capital-gain|marital-status_Never-married|education-num|age|hours-per-week|occupation_Exec-managerial|marital-status_Divorced|relationship_Not-in-family|capital-loss,0.091524|0.051458|0.046619|0.028677|0.027468|0.024370|0.021174|0.018181|0.015214|0.014758,8,21740bdc36be,3.11.15,"{""numpy"": ""1.26.4"", ""pandas"": ""3.0.3"", ""scikit-learn"": ""1.9.0"", ""torch"": ""2.12.0""}"
adult,logreg,race,prune:0.3,Black,10,marital-status_Married-civ-spouse|marital-status_Never-married|capital-gain|education-num|age|hours-per-week|marital-status_Divorced|occupation_Other-service|relationship_Not-in-family|relationship_Own-child,0.054166|0.030656|0.025325|0.017576|0.014608|0.014107|0.011893|0.009766|0.009662|0.008411,8,21740bdc36be,3.11.15,"{""numpy"": ""1.26.4"", ""pandas"": ""3.0.3"", ""scikit-learn"": ""1.9.0"", ""torch"": ""2.12.0""}"
adult,logreg,race,prune:0.3,Other,10,marital-status_Married-civ-spouse|capital-gain|marital-status_Never-married|education-num|age|occupation_Other-service|occupation_Prof-specialty|native-country_Mexico|education_Prof-school|relationship_Own-child,0.069818|0.044947|0.035606|0.029609|0.021099|0.017345|0.015671|0.015478|0.013893|0.012317,8,21740bdc36be,3.11.15,"{""numpy"": ""1.26.4"", ""pandas"": ""3.0.3"", ""scikit-learn"": ""1.9.0"", ""torch"": ""2.12.0""}"
adult,logreg,race,prune:0.3,Asian-Pac-Islander,10,marital-status_Married-civ-spouse|marital-status_Never-married|capital-gain|education-num|hours-per-week|age|occupation_Exec-managerial|occupation_Prof-specialty|education_Bachelors|native-country_United-States,0.095636|0.048380|0.042354|0.038074|0.036276|0.022891|0.017476|0.017465|0.017313|0.015935,8,21740bdc36be,3.11.15,"{""numpy"": ""1.26.4"", ""pandas"": ""3.0.3"", ""scikit-learn"": ""1.9.0"", ""torch"": ""2.12.0""}"
adult,logreg,race,prune:0.3,Amer-Indian-Eskimo,10,marital-status_Married-civ-spouse|capital-gain|marital-status_Never-married|hours-per-week|education-num|marital-status_Divorced|occupation_Other-service|education_11th|age|relationship_Not-in-family,0.077412|0.067803|0.047750|0.028323|0.019191|0.018986|0.017903|0.016759|0.016676|0.015557,8,21740bdc36be,3.11.15,"{""numpy"": ""1.26.4"", ""pandas"": ""3.0.3"", ""scikit-learn"": ""1.9.0"", ""torch"": ""2.12.0""}"
adult,logreg,race,prune:0.5,White,10,marital-status_Married-civ-spouse|capital-gain|marital-status_Never-married|education-num|age|hours-per-week|occupation_Exec-managerial|marital-status_Divorced|relationship_Not-in-family|capital-loss,0.091185|0.051482|0.046597|0.028968|0.027450|0.024435|0.021198|0.018196|0.015228|0.014892,8,3e7945062657,3.11.15,"{""numpy"": ""1.26.4"", ""pandas"": ""3.0.3"", ""scikit-learn"": ""1.9.0"", ""torch"": ""2.12.0""}"
adult,logreg,race,prune:0.5,Black,10,marital-status_Married-civ-spouse|marital-status_Never-married|capital-gain|education-num|age|hours-per-week|marital-status_Divorced|occupation_Other-service|relationship_Not-in-family|relationship_Own-child,0.054906|0.030990|0.025488|0.018344|0.014955|0.014296|0.012171|0.009933|0.009794|0.008521,8,3e7945062657,3.11.15,"{""numpy"": ""1.26.4"", ""pandas"": ""3.0.3"", ""scikit-learn"": ""1.9.0"", ""torch"": ""2.12.0""}"
adult,logreg,race,prune:0.5,Other,10,marital-status_Married-civ-spouse|capital-gain|marital-status_Never-married|education-num|age|occupation_Other-service|occupation_Prof-specialty|native-country_Mexico|education_Prof-school|relationship_Own-child,0.069716|0.045075|0.035695|0.031835|0.021325|0.018099|0.015697|0.014942|0.013936|0.012190,8,3e7945062657,3.11.15,"{""numpy"": ""1.26.4"", ""pandas"": ""3.0.3"", ""scikit-learn"": ""1.9.0"", ""torch"": ""2.12.0""}"
adult,logreg,race,prune:0.5,Asian-Pac-Islander,10,marital-status_Married-civ-spouse|marital-status_Never-married|capital-gain|education-num|hours-per-week|age|occupation_Prof-specialty|occupation_Exec-managerial|education_Bachelors|native-country_United-States,0.098880|0.050296|0.042251|0.041199|0.037277|0.023870|0.018471|0.017776|0.017478|0.016148,8,3e7945062657,3.11.15,"{""numpy"": ""1.26.4"", ""pandas"": ""3.0.3"", ""scikit-learn"": ""1.9.0"", ""torch"": ""2.12.0""}"
adult,logreg,race,prune:0.5,Amer-Indian-Eskimo,10,marital-status_Married-civ-spouse|capital-gain|marital-status_Never-married|hours-per-week|marital-status_Divorced|education-num|occupation_Other-service|education_11th|age|relationship_Not-in-family,0.078838|0.066697|0.048508|0.028611|0.019690|0.019621|0.017553|0.017002|0.016974|0.015679,8,3e7945062657,3.11.15,"{""numpy"": ""1.26.4"", ""pandas"": ""3.0.3"", ""scikit-learn"": ""1.9.0"", ""torch"": ""2.12.0""}"
adult,logreg,race,prune:0.7,White,10,marital-status_Married-civ-spouse|capital-gain|marital-status_Never-married|education-num|age|hours-per-week|occupation_Exec-managerial|marital-status_Divorced|relationship_Not-in-family|capital-loss,0.091532|0.053235|0.046703|0.030103|0.028134|0.024836|0.021393|0.018184|0.015317|0.015282,8,3e4a54969653,3.11.15,"{""numpy"": ""1.26.4"", ""pandas"": ""3.0.3"", ""scikit-learn"": ""1.9.0"", ""torch"": ""2.12.0""}"
adult,logreg,race,prune:0.7,Black,10,marital-status_Married-civ-spouse|marital-status_Never-married|capital-gain|education-num|age|hours-per-week|marital-status_Divorced|occupation_Other-service|relationship_Not-in-family|relationship_Own-child,0.055492|0.030701|0.025704|0.019395|0.015480|0.014560|0.012071|0.010031|0.009985|0.008644,8,3e4a54969653,3.11.15,"{""numpy"": ""1.26.4"", ""pandas"": ""3.0.3"", ""scikit-learn"": ""1.9.0"", ""torch"": ""2.12.0""}"
adult,logreg,race,prune:0.7,Other,10,marital-status_Married-civ-spouse|capital-gain|marital-status_Never-married|education-num|age|occupation_Other-service|occupation_Prof-specialty|relationship_Own-child|education_Prof-school|relationship_Not-in-family,0.080806|0.046283|0.040419|0.037163|0.026375|0.021346|0.016477|0.014443|0.014263|0.012681,8,3e4a54969653,3.11.15,"{""numpy"": ""1.26.4"", ""pandas"": ""3.0.3"", ""scikit-learn"": ""1.9.0"", ""torch"": ""2.12.0""}"
adult,logreg,race,prune:0.7,Asian-Pac-Islander,10,marital-status_Married-civ-spouse|marital-status_Never-married|capital-gain|education-num|hours-per-week|age|occupation_Prof-specialty|occupation_Exec-managerial|education_Bachelors|relationship_Own-child,0.103472|0.053042|0.044641|0.043001|0.039742|0.025569|0.018953|0.018645|0.018560|0.016200,8,3e4a54969653,3.11.15,"{""numpy"": ""1.26.4"", ""pandas"": ""3.0.3"", ""scikit-learn"": ""1.9.0"", ""torch"": ""2.12.0""}"
adult,logreg,race,prune:0.7,Amer-Indian-Eskimo,10,marital-status_Married-civ-spouse|capital-gain|marital-status_Never-married|hours-per-week|education-num|marital-status_Divorced|occupation_Other-service|education_11th|age|relationship_Not-in-family,0.076490|0.064500|0.048019|0.028520|0.020492|0.019641|0.017740|0.016633|0.015905|0.015703,8,3e4a54969653,3.11.15,"{""numpy"": ""1.26.4"", ""pandas"": ""3.0.3"", ""scikit-learn"": ""1.9.0"", ""torch"": ""2.12.0""}"
adult,logreg,race,prune:0.9,White,10,marital-status_Married-civ-spouse|capital-gain|marital-status_Never-married|education-num|age|hours-per-week|capital-loss|relationship_Own-child|occupation_Other-service|occupation_Priv-house-serv,0.095498|0.058771|0.046749|0.032397|0.030346|0.027189|0.016656|0.014614|0.013755|0.003899,8,a53a46d66d38,3.11.15,"{""numpy"": ""1.26.4"", ""pandas"": ""3.0.3"", ""scikit-learn"": ""1.9.0"", ""torch"": ""2.12.0""}"
adult,logreg,race,prune:0.9,Black,10,marital-status_Married-civ-spouse|marital-status_Never-married|capital-gain|education-num|age|hours-per-week|occupation_Other-service|relationship_Own-child|capital-loss|occupation_Priv-house-serv,0.061148|0.031630|0.028019|0.021287|0.016760|0.016653|0.011703|0.009576|0.007272|0.002427,8,a53a46d66d38,3.11.15,"{""numpy"": ""1.26.4"", ""pandas"": ""3.0.3"", ""scikit-learn"": ""1.9.0"", ""torch"": ""2.12.0""}"
adult,logreg,race,prune:0.9,Other,10,marital-status_Married-civ-spouse|capital-gain|education-num|marital-status_Never-married|age|occupation_Other-service|relationship_Own-child|hours-per-week|capital-loss|occupation_Priv-house-serv,0.082778|0.050978|0.042560|0.041088|0.029008|0.024736|0.015547|0.013796|0.006107|0.003083,8,a53a46d66d38,3.11.15,"{""numpy"": ""1.26.4"", ""pandas"": ""3.0.3"", ""scikit-learn"": ""1.9.0"", ""torch"": ""2.12.0""}"
adult,logreg,race,prune:0.9,Asian-Pac-Islander,10,marital-status_Married-civ-spouse|marital-status_Never-married|capital-gain|education-num|hours-per-week|age|capital-loss|relationship_Own-child|occupation_Other-service|occupation_Priv-house-serv,0.103974|0.051002|0.050237|0.044907|0.039113|0.028402|0.018082|0.017656|0.014690|0.005783,8,a53a46d66d38,3.11.15,"{""numpy"": ""1.26.4"", ""pandas"": ""3.0.3"", ""scikit-learn"": ""1.9.0"", ""torch"": ""2.12.0""}"
adult,logreg,race,prune:0.9,Amer-Indian-Eskimo,10,marital-status_Married-civ-spouse|capital-gain|marital-status_Never-married|hours-per-week|education-num|occupation_Other-service|age|relationship_Own-child|capital-loss|occupation_Priv-house-serv,0.085070|0.073794|0.049652|0.033012|0.022978|0.019495|0.017379|0.011992|0.005820|0.002946,8,a53a46d66d38,3.11.15,"{""numpy"": ""1.26.4"", ""pandas"": ""3.0.3"", ""scikit-learn"": ""1.9.0"", ""torch"": ""2.12.0""}"
adult,logreg,sex,none,Male,10,marital-status_Married-civ-spouse|capital-gain|marital-status_Never-married|education-num|age|hours-per-week|occupation_Exec-managerial|marital-status_Divorced|capital-loss|relationship_Not-in-family,0.105030|0.062007|0.052080|0.034412|0.029732|0.028102|0.022163|0.018546|0.017609|0.015990,9,8fd95b007951,3.11.15,"{""numpy"": ""1.26.4"", ""pandas"": ""3.0.3"", ""scikit-learn"": ""1.9.0"", ""torch"": ""2.12.0""}"
adult,logreg,sex,none,Female,10,marital-status_Married-civ-spouse|capital-gain|marital-status_Never-married|marital-status_Divorced|education-num|age|relationship_Wife|hours-per-week|occupation_Exec-managerial|relationship_Not-in-family,0.057578|0.034754|0.031141|0.018940|0.015002|0.014629|0.013403|0.013376|0.013201|0.010312,9,8fd95b007951,3.11.15,"{""numpy"": ""1.26.4"", ""pandas"": ""3.0.3"", ""scikit-learn"": ""1.9.0"", ""torch"": ""2.12.0""}"
adult,logreg,sex,prune:0.3,Male,10,marital-status_Married-civ-spouse|capital-gain|marital-status_Never-married|education-num|age|hours-per-week|occupation_Exec-managerial|marital-status_Divorced|capital-loss|relationship_Not-in-family,0.105104|0.062061|0.052126|0.034431|0.029741|0.028146|0.022163|0.018548|0.017598|0.016005,9,77d4be922210,3.11.15,"{""numpy"": ""1.26.4"", ""pandas"": ""3.0.3"", ""scikit-learn"": ""1.9.0"", ""torch"": ""2.12.0""}"
adult,logreg,sex,prune:0.3,Female,10,marital-status_Married-civ-spouse|capital-gain|marital-status_Never-married|marital-status_Divorced|education-num|age|relationship_Wife|hours-per-week|occupation_Exec-managerial|relationship_Not-in-family,0.057552|0.034745|0.031130|0.018908|0.015014|0.014591|0.013430|0.013407|0.013226|0.010302,9,77d4be922210,3.11.15,"{""numpy"": ""1.26.4"", ""pandas"": ""3.0.3"", ""scikit-learn"": ""1.9.0"", ""torch"": ""2.12.0""}"
adult,logreg,sex,prune:0.5,Male,10,marital-status_Married-civ-spouse|capital-gain|marital-status_Never-married|education-num|age|hours-per-week|occupation_Exec-managerial|marital-status_Divorced|capital-loss|relationship_Not-in-family,0.104631|0.061852|0.051962|0.034729|0.029762|0.028125|0.022159|0.018481|0.017587|0.015983,9,5ce0f312952b,3.11.15,"{""numpy"": ""1.26.4"", ""pandas"": ""3.0.3"", ""scikit-learn"": ""1.9.0"", ""torch"": ""2.12.0""}"
adult,logreg,sex,prune:0.5,Female,10,marital-status_Married-civ-spouse|capital-gain|marital-status_Never-married|marital-status_Divorced|education-num|age|relationship_Wife|hours-per-week|occupation_Exec-managerial|relationship_Not-in-family,0.057595|0.034653|0.031137|0.018733|0.015062|0.014742|0.013507|0.013360|0.013162|0.010369,9,5ce0f312952b,3.11.15,"{""numpy"": ""1.26.4"", ""pandas"": ""3.0.3"", ""scikit-learn"": ""1.9.0"", ""torch"": ""2.12.0""}"
adult,logreg,sex,prune:0.7,Male,10,marital-status_Married-civ-spouse|capital-gain|marital-status_Never-married|education-num|age|hours-per-week|occupation_Exec-managerial|marital-status_Divorced|capital-loss|relationship_Not-in-family,0.106143|0.063578|0.052277|0.035653|0.030896|0.028810|0.022551|0.018599|0.017828|0.016123,9,158bc03a3cd0,3.11.15,"{""numpy"": ""1.26.4"", ""pandas"": ""3.0.3"", ""scikit-learn"": ""1.9.0"", ""torch"": ""2.12.0""}"
adult,logreg,sex,prune:0.7,Female,10,marital-status_Married-civ-spouse|capital-gain|marital-status_Never-married|marital-status_Divorced|education-num|age|relationship_Wife|hours-per-week|occupation_Exec-managerial|relationship_Not-in-family,0.057837|0.033998|0.030813|0.018572|0.014890|0.014827|0.014034|0.013855|0.013215|0.010257,9,158bc03a3cd0,3.11.15,"{""numpy"": ""1.26.4"", ""pandas"": ""3.0.3"", ""scikit-learn"": ""1.9.0"", ""torch"": ""2.12.0""}"
adult,logreg,sex,prune:0.9,Male,10,marital-status_Married-civ-spouse|capital-gain|marital-status_Never-married|education-num|age|hours-per-week|occupation_Exec-managerial|capital-loss|marital-status_Divorced|occupation_Other-service,0.107838|0.070045|0.052815|0.039409|0.032857|0.030033|0.023365|0.018966|0.018309|0.014258,9,236762c3571f,3.11.15,"{""numpy"": ""1.26.4"", ""pandas"": ""3.0.3"", ""scikit-learn"": ""1.9.0"", ""torch"": ""2.12.0""}"
adult,logreg,sex,prune:0.9,Female,10,marital-status_Married-civ-spouse|capital-gain|marital-status_Never-married|marital-status_Divorced|age|hours-per-week|education-num|occupation_Exec-managerial|occupation_Other-service|capital-loss,0.051402|0.033677|0.026617|0.014948|0.013774|0.013552|0.013313|0.012088|0.008484|0.008466,9,236762c3571f,3.11.15,"{""numpy"": ""1.26.4"", ""pandas"": ""3.0.3"", ""scikit-learn"": ""1.9.0"", ""torch"": ""2.12.0""}"
adult,logreg,race,none,White,10,marital-status_Married-civ-spouse|capital-gain|marital-status_Never-married|education-num|age|hours-per-week|occupation_Exec-managerial|marital-status_Divorced|capital-loss|relationship_Not-in-family,0.094511|0.056267|0.047690|0.029368|0.026671|0.025591|0.020383|0.019476|0.015441|0.014914,9,b86dd2eba468,3.11.15,"{""numpy"": ""1.26.4"", ""pandas"": ""3.0.3"", ""scikit-learn"": ""1.9.0"", ""torch"": ""2.12.0""}"
adult,logreg,race,none,Asian-Pac-Islander,10,marital-status_Married-civ-spouse|marital-status_Never-married|education-num|capital-gain|age|marital-status_Divorced|hours-per-week|occupation_Exec-managerial|occupation_Prof-specialty|native-country_United-States,0.080524|0.037351|0.035101|0.032131|0.022111|0.018269|0.016722|0.016082|0.015632|0.014208,9,b86dd2eba468,3.11.15,"{""numpy"": ""1.26.4"", ""pandas"": ""3.0.3"", ""scikit-learn"": ""1.9.0"", ""torch"": ""2.12.0""}"
adult,logreg,race,none,Black,10,marital-status_Married-civ-spouse|capital-gain|marital-status_Never-married|education-num|marital-status_Divorced|age|occupation_Exec-managerial|relationship_Not-in-family|occupation_Other-service|education_Bachelors,0.052488|0.036378|0.028108|0.015899|0.012623|0.010948|0.010729|0.008280|0.008148|0.008090,9,b86dd2eba468,3.11.15,"{""numpy"": ""1.26.4"", ""pandas"": ""3.0.3"", ""scikit-learn"": ""1.9.0"", ""torch"": ""2.12.0""}"
adult,logreg,race,none,Other,10,marital-status_Married-civ-spouse|marital-status_Never-married|capital-gain|education-num|occupation_Exec-managerial|education_Bachelors|age|marital-status_Divorced|relationship_Not-in-family|occupation_Other-service,0.061477|0.033511|0.026839|0.020831|0.017440|0.013035|0.010288|0.009868|0.009712|0.009201,9,b86dd2eba468,3.11.15,"{""numpy"": ""1.26.4"", ""pandas"": ""3.0.3"", ""scikit-learn"": ""1.9.0"", ""torch"": ""2.12.0""}"
adult,logreg,race,none,Amer-Indian-Eskimo,10,marital-status_Married-civ-spouse|marital-status_Never-married|capital-gain|marital-status_Separated|occupation_Other-service|education-num|capital-loss|education_Masters|age|occupation_Prof-specialty,0.060748|0.026112|0.025511|0.018253|0.016940|0.016931|0.015523|0.014787|0.014248|0.012737,9,b86dd2eba468,3.11.15,"{""numpy"": ""1.26.4"", ""pandas"": ""3.0.3"", ""scikit-learn"": ""1.9.0"", ""torch"": ""2.12.0""}"
adult,logreg,race,prune:0.3,White,10,marital-status_Married-civ-spouse|capital-gain|marital-status_Never-married|education-num|age|hours-per-week|occupation_Exec-managerial|marital-status_Divorced|capital-loss|relationship_Not-in-family,0.094448|0.056286|0.047655|0.029380|0.026666|0.025603|0.020363|0.019453|0.015430|0.014904,9,26a87842f930,3.11.15,"{""numpy"": ""1.26.4"", ""pandas"": ""3.0.3"", ""scikit-learn"": ""1.9.0"", ""torch"": ""2.12.0""}"
adult,logreg,race,prune:0.3,Asian-Pac-Islander,10,marital-status_Married-civ-spouse|marital-status_Never-married|education-num|capital-gain|age|marital-status_Divorced|hours-per-week|occupation_Exec-managerial|occupation_Prof-specialty|native-country_United-States,0.081060|0.038091|0.035224|0.031955|0.021870|0.018286|0.016862|0.016031|0.015691|0.014270,9,26a87842f930,3.11.15,"{""numpy"": ""1.26.4"", ""pandas"": ""3.0.3"", ""scikit-learn"": ""1.9.0"", ""torch"": ""2.12.0""}"
adult,logreg,race,prune:0.3,Black,10,marital-status_Married-civ-spouse|capital-gain|marital-status_Never-married|education-num|marital-status_Divorced|occupation_Exec-managerial|age|relationship_Not-in-family|education_Bachelors|occupation_Other-service,0.053198|0.036569|0.028411|0.015878|0.012672|0.011027|0.010977|0.008356|0.008165|0.008150,9,26a87842f930,3.11.15,"{""numpy"": ""1.26.4"", ""pandas"": ""3.0.3"", ""scikit-learn"": ""1.9.0"", ""torch"": ""2.12.0""}"
adult,logreg,race,prune:0.3,Other,10,marital-status_Married-civ-spouse|marital-status_Never-married|capital-gain|education-num|occupation_Exec-managerial|education_Bachelors|age|marital-status_Divorced|relationship_Not-in-family|occupation_Other-service,0.063117|0.034275|0.027318|0.021250|0.017526|0.013368|0.010604|0.010279|0.009939|0.009303,9,26a87842f930,3.11.15,"{""numpy"": ""1.26.4"", ""pandas"": ""3.0.3"", ""scikit-learn"": ""1.9.0"", ""torch"": ""2.12.0""}"
adult,logreg,race,prune:0.3,Amer-Indian-Eskimo,10,marital-status_Married-civ-spouse|marital-status_Never-married|capital-gain|marital-status_Separated|education-num|occupation_Other-service|capital-loss|education_Masters|age|occupation_Prof-specialty,0.060725|0.026065|0.025500|0.018190|0.016938|0.016861|0.015442|0.014789|0.014180|0.012738,9,26a87842f930,3.11.15,"{""numpy"": ""1.26.4"", ""pandas"": ""3.0.3"", ""scikit-learn"": ""1.9.0"", ""torch"": ""2.12.0""}"
adult,logreg,race,prune:0.5,White,10,marital-status_Married-civ-spouse|capital-gain|marital-status_Never-married|education-num|age|hours-per-week|occupation_Exec-managerial|marital-status_Divorced|capital-loss|relationship_Not-in-family,0.094111|0.056116|0.047538|0.029541|0.026697|0.025519|0.020332|0.019344|0.015408|0.014908,9,13fb7137246d,3.11.15,"{""numpy"": ""1.26.4"", ""pandas"": ""3.0.3"", ""scikit-learn"": ""1.9.0"", ""torch"": ""2.12.0""}"
adult,logreg,race,prune:0.5,Asian-Pac-Islander,10,marital-status_Married-civ-spouse|marital-status_Never-married|education-num|capital-gain|age|marital-status_Divorced|hours-per-week|occupation_Exec-managerial|occupation_Prof-specialty|native-country_United-States,0.080962|0.037938|0.036244|0.032147|0.022373|0.018353|0.018254|0.016477|0.015977|0.014362,9,13fb7137246d,3.11.15,"{""numpy"": ""1.26.4"", ""pandas"": ""3.0.3"", ""scikit-learn"": ""1.9.0"", ""torch"": ""2.12.0""}"
adult,logreg,race,prune:0.5,Black,10,marital-status_Married-civ-spouse|capital-gain|marital-status_Never-married|education-num|marital-status_Divorced|age|occupation_Exec-managerial|relationship_Not-in-family|occupation_Other-service|relationship_Own-child,0.053223|0.036280|0.028435|0.016362|0.012611|0.011201|0.010940|0.008378|0.008234|0.008140,9,13fb7137246d,3.11.15,"{""numpy"": ""1.26.4"", ""pandas"": ""3.0.3"", ""scikit-learn"": ""1.9.0"", ""torch"": ""2.12.0""}"
adult,logreg,race,prune:0.5,Other,10,marital-status_Married-civ-spouse|marital-status_Never-married|capital-gain|education-num|occupation_Exec-managerial|education_Bachelors|age|marital-status_Divorced|occupation_Other-service|relationship_Not-in-family,0.061007|0.033617|0.026725|0.021612|0.017290|0.013188|0.010334|0.009902|0.009716|0.009475,9,13fb7137246d,3.11.15,"{""numpy"": ""1.26.4"", ""pandas"": ""3.0.3"", ""scikit-learn"": ""1.9.0"", ""torch"": ""2.12.0""}"
adult,logreg,race,prune:0.5,Amer-Indian-Eskimo,10,marital-status_Married-civ-spouse|marital-status_Never-married|capital-gain|occupation_Other-service|marital-status_Separated|education-num|capital-loss|age|education_Masters|occupation_Prof-specialty,0.062189|0.026469|0.025751|0.018183|0.017874|0.017029|0.015069|0.014828|0.014602|0.012598,9,13fb7137246d,3.11.15,"{""numpy"": ""1.26.4"", ""pandas"": ""3.0.3"", ""scikit-learn"": ""1.9.0"", ""torch"": ""2.12.0""}"
adult,logreg,race,prune:0.7,White,10,marital-status_Married-civ-spouse|capital-gain|marital-status_Never-married|education-num|age|hours-per-week|occupation_Exec-managerial|marital-status_Divorced|capital-loss|relationship_Not-in-family,0.094922|0.057048|0.047460|0.030014|0.027499|0.026145|0.020615|0.019341|0.015600|0.014912,9,b575ab6d7a72,3.11.15,"{""numpy"": ""1.26.4"", ""pandas"": ""3.0.3"", ""scikit-learn"": ""1.9.0"", ""torch"": ""2.12.0""}"
adult,logreg,race,prune:0.7,Asian-Pac-Islander,10,marital-status_Married-civ-spouse|marital-status_Never-married|education-num|capital-gain|age|marital-status_Divorced|hours-per-week|occupation_Exec-managerial|occupation_Prof-specialty|capital-loss,0.085924|0.040300|0.037692|0.034614|0.023858|0.019276|0.018482|0.017138|0.016155|0.015062,9,b575ab6d7a72,3.11.15,"{""numpy"": ""1.26.4"", ""pandas"": ""3.0.3"", ""scikit-learn"": ""1.9.0"", ""torch"": ""2.12.0""}"
adult,logreg,race,prune:0.7,Black,10,marital-status_Married-civ-spouse|capital-gain|marital-status_Never-married|education-num|marital-status_Divorced|age|occupation_Exec-managerial|relationship_Not-in-family|hours-per-week|occupation_Other-service,0.055036|0.036907|0.029146|0.017334|0.012435|0.011652|0.011074|0.008687|0.008607|0.008478,9,b575ab6d7a72,3.11.15,"{""numpy"": ""1.26.4"", ""pandas"": ""3.0.3"", ""scikit-learn"": ""1.9.0"", ""torch"": ""2.12.0""}"
adult,logreg,race,prune:0.7,Other,10,marital-status_Married-civ-spouse|marital-status_Never-married|capital-gain|education-num|occupation_Exec-managerial|education_Bachelors|age|occupation_Other-service|marital-status_Divorced|relationship_Not-in-family,0.070207|0.037819|0.029497|0.024348|0.017991|0.014853|0.012069|0.011991|0.011522|0.010827,9,b575ab6d7a72,3.11.15,"{""numpy"": ""1.26.4"", ""pandas"": ""3.0.3"", ""scikit-learn"": ""1.9.0"", ""torch"": ""2.12.0""}"
adult,logreg,race,prune:0.7,Amer-Indian-Eskimo,10,marital-status_Married-civ-spouse|marital-status_Never-married|capital-gain|occupation_Other-service|education-num|age|education_Masters|marital-status_Widowed|marital-status_Separated|occupation_Prof-specialty,0.060012|0.025476|0.024860|0.019339|0.017459|0.014768|0.014532|0.012743|0.012581|0.012449,9,b575ab6d7a72,3.11.15,"{""numpy"": ""1.26.4"", ""pandas"": ""3.0.3"", ""scikit-learn"": ""1.9.0"", ""torch"": ""2.12.0""}"
adult,logreg,race,prune:0.9,White,10,marital-status_Married-civ-spouse|capital-gain|marital-status_Never-married|education-num|age|hours-per-week|occupation_Exec-managerial|marital-status_Divorced|capital-loss|occupation_Other-service,0.093629|0.061447|0.046169|0.032031|0.028414|0.026903|0.020701|0.017858|0.016378|0.012757,9,4f07d000d91b,3.11.15,"{""numpy"": ""1.26.4"", ""pandas"": ""3.0.3"", ""scikit-learn"": ""1.9.0"", ""torch"": ""2.12.0""}"
adult,logreg,race,prune:0.9,Asian-Pac-Islander,10,marital-status_Married-civ-spouse|marital-status_Never-married|capital-gain|education-num|age|hours-per-week|capital-loss|occupation_Exec-managerial|marital-status_Divorced|occupation_Other-service,0.085308|0.040559|0.040458|0.039727|0.025037|0.019531|0.018939|0.017943|0.016452|0.008653,9,4f07d000d91b,3.11.15,"{""numpy"": ""1.26.4"", ""pandas"": ""3.0.3"", ""scikit-learn"": ""1.9.0"", ""torch"": ""2.12.0""}"
adult,logreg,race,prune:0.9,Black,10,marital-status_Married-civ-spouse|capital-gain|marital-status_Never-married|education-num|age|marital-status_Divorced|occupation_Exec-managerial|occupation_Other-service|hours-per-week|capital-loss,0.057870|0.039921|0.030720|0.019818|0.013463|0.012619|0.011879|0.009786|0.009245|0.008304,9,4f07d000d91b,3.11.15,"{""numpy"": ""1.26.4"", ""pandas"": ""3.0.3"", ""scikit-learn"": ""1.9.0"", ""torch"": ""2.12.0""}"
adult,logreg,race,prune:0.9,Other,10,marital-status_Married-civ-spouse|marital-status_Never-married|capital-gain|education-num|occupation_Exec-managerial|occupation_Other-service|age|marital-status_Divorced|capital-loss|hours-per-week,0.065417|0.035228|0.031163|0.026467|0.019385|0.013815|0.011596|0.010798|0.004988|0.003199,9,4f07d000d91b,3.11.15,"{""numpy"": ""1.26.4"", ""pandas"": ""3.0.3"", ""scikit-learn"": ""1.9.0"", ""torch"": ""2.12.0""}"
adult,logreg,race,prune:0.9,Amer-Indian-Eskimo,10,marital-status_Married-civ-spouse|capital-gain|marital-status_Never-married|age|occupation_Other-service|education-num|capital-loss|marital-status_Divorced|hours-per-week|occupation_Exec-managerial,0.065610|0.029518|0.029021|0.017410|0.017262|0.017132|0.013892|0.010366|0.008694|0.007114,9,4f07d000d91b,3.11.15,"{""numpy"": ""1.26.4"", ""pandas"": ""3.0.3"", ""scikit-learn"": ""1.9.0"", ""torch"": ""2.12.0""}"
adult,mlp,sex,none,Female,10,age|marital-status_Married-civ-spouse|capital-gain|marital-status_Divorced|marital-status_Never-married|relationship_Wife|relationship_Not-in-family|hours-per-week|relationship_Husband|occupation_Prof-specialty,0.045283|0.041667|0.032988|0.027459|0.024935|0.019913|0.019336|0.018732|0.018117|0.017933,0,7f3bab180562,3.11.15,"{""numpy"": ""1.26.4"", ""pandas"": ""3.0.3"", ""scikit-learn"": ""1.9.0"", ""torch"": ""2.12.0""}"
adult,mlp,sex,none,Male,10,age|marital-status_Married-civ-spouse|capital-gain|relationship_Husband|education_HS-grad|hours-per-week|marital-status_Never-married|workclass_Private|fnlwgt|workclass_Self-emp-not-inc,0.074640|0.066705|0.054807|0.043050|0.042553|0.041581|0.038570|0.032853|0.032066|0.032037,0,7f3bab180562,3.11.15,"{""numpy"": ""1.26.4"", ""pandas"": ""3.0.3"", ""scikit-learn"": ""1.9.0"", ""torch"": ""2.12.0""}"
adult,mlp,sex,prune:0.3,Female,10,age|marital-status_Married-civ-spouse|marital-status_Never-married|marital-status_Divorced|capital-gain|relationship_Not-in-family|relationship_Husband|relationship_Unmarried|education_HS-grad|workclass_Self-emp-not-inc,0.091781|0.072062|0.053731|0.049653|0.047650|0.034965|0.030657|0.029916|0.029010|0.028115,0,873456680af1,3.11.15,"{""numpy"": ""1.26.4"", ""pandas"": ""3.0.3"", ""scikit-learn"": ""1.9.0"", ""torch"": ""2.12.0""}"
adult,mlp,sex,prune:0.3,Male,10,age|marital-status_Married-civ-spouse|capital-gain|hours-per-week|marital-status_Never-married|relationship_Husband|education_HS-grad|workclass_Self-emp-not-inc|occupation_Craft-repair|workclass_Private,0.113756|0.069842|0.054311|0.044999|0.044661|0.041539|0.040454|0.037587|0.035086|0.032715,0,873456680af1,3.11.15,"{""numpy"": ""1.26.4"", ""pandas"": ""3.0.3"", ""scikit-learn"": ""1.9.0"", ""torch"": ""2.12.0""}"
adult,mlp,sex,prune:0.5,Female,10,age|marital-status_Never-married|marital-status_Married-civ-spouse|capital-gain|education_HS-grad|hours-per-week|marital-status_Divorced|relationship_Not-in-family|relationship_Own-child|fnlwgt,0.109837|0.075727|0.074942|0.055109|0.054672|0.054452|0.046572|0.045447|0.045393|0.043804,0,dfc23b8aeee0,3.11.15,"{""numpy"": ""1.26.4"", ""pandas"": ""3.0.3"", ""scikit-learn"": ""1.9.0"", ""torch"": ""2.12.0""}"
adult,mlp,sex,prune:0.5,Male,10,age|marital-status_Married-civ-spouse|capital-gain|marital-status_Never-married|education_HS-grad|hours-per-week|relationship_Husband|occupation_Craft-repair|workclass_Self-emp-not-inc|occupation_Farming-fishing,0.089927|0.061494|0.059881|0.053114|0.050279|0.046564|0.045924|0.043692|0.041624|0.040602,0,dfc23b8aeee0,3.11.15,"{""numpy"": ""1.26.4"", ""pandas"": ""3.0.3"", ""scikit-learn"": ""1.9.0"", ""torch"": ""2.12.0""}"
adult,mlp,sex,prune:0.7,Female,10,age|education_HS-grad|fnlwgt|capital-gain|hours-per-week|occupation_Other-service|relationship_Unmarried|relationship_Own-child|occupation_Sales|relationship_Husband,0.108220|0.058954|0.050453|0.045100|0.040738|0.039532|0.039472|0.039415|0.038030|0.037487,0,f96554ab6e27,3.11.15,"{""numpy"": ""1.26.4"", ""pandas"": ""3.0.3"", ""scikit-learn"": ""1.9.0"", ""torch"": ""2.12.0""}"
adult,mlp,sex,prune:0.7,Male,10,age|education_HS-grad|capital-gain|workclass_Self-emp-not-inc|fnlwgt|hours-per-week|relationship_Husband|relationship_Own-child|relationship_Not-in-family|marital-status_Married-civ-spouse,0.089879|0.060997|0.045859|0.043768|0.040572|0.039559|0.036578|0.034972|0.034933|0.034858,0,f96554ab6e27,3.11.15,"{""numpy"": ""1.26.4"", ""pandas"": ""3.0.3"", ""scikit-learn"": ""1.9.0"", ""torch"": ""2.12.0""}"
adult,mlp,sex,prune:0.9,Female,10,fnlwgt|marital-status_Never-married|age|marital-status_Married-spouse-absent|capital-gain|workclass_Self-emp-not-inc|occupation_Prof-specialty|occupation_Other-service|relationship_Own-child|relationship_Husband,0.010890|0.007100|0.006976|0.006759|0.006602|0.004758|0.004723|0.004501|0.004180|0.003337,0,a5d457c748b3,3.11.15,"{""numpy"": ""1.26.4"", ""pandas"": ""3.0.3"", ""scikit-learn"": ""1.9.0"", ""torch"": ""2.12.0""}"
adult,mlp,sex,prune:0.9,Male,10,fnlwgt|age|workclass_Self-emp-not-inc|occupation_Transport-moving|marital-status_Never-married|capital-gain|occupation_Farming-fishing|relationship_Own-child|marital-status_Married-spouse-absent|marital-status_Divorced,0.011496|0.010235|0.010128|0.009053|0.008581|0.008557|0.006857|0.004354|0.004195|0.003855,0,a5d457c748b3,3.11.15,"{""numpy"": ""1.26.4"", ""pandas"": ""3.0.3"", ""scikit-learn"": ""1.9.0"", ""torch"": ""2.12.0""}"
adult,mlp,race,none,Amer-Indian-Eskimo,10,hours-per-week|occupation_Exec-managerial|fnlwgt|age|marital-status_Married-civ-spouse|relationship_Not-in-family|marital-status_Separated|education_Some-college|education_HS-grad|marital-status_Widowed,0.055872|0.048890|0.047018|0.042266|0.040691|0.036269|0.035855|0.035467|0.032050|0.031718,0,2507921feeca,3.11.15,"{""numpy"": ""1.26.4"", ""pandas"": ""3.0.3"", ""scikit-learn"": ""1.9.0"", ""torch"": ""2.12.0""}"
adult,mlp,race,none,White,10,age|marital-status_Married-civ-spouse|capital-gain|relationship_Husband|hours-per-week|education_HS-grad|marital-status_Never-married|workclass_Private|workclass_Self-emp-not-inc|fnlwgt,0.068588|0.061931|0.050692|0.036854|0.036462|0.035870|0.035799|0.029148|0.028054|0.027161,0,2507921feeca,3.11.15,"{""numpy"": ""1.26.4"", ""pandas"": ""3.0.3"", ""scikit-learn"": ""1.9.0"", ""torch"": ""2.12.0""}"
adult,mlp,race,none,Black,10,age|marital-status_Married-civ-spouse|capital-gain|education_HS-grad|relationship_Husband|marital-status_Never-married|education_Some-college|fnlwgt|relationship_Not-in-family|marital-status_Divorced,0.051304|0.038741|0.030645|0.025187|0.025093|0.025061|0.022475|0.019796|0.019422|0.019191,0,2507921feeca,3.11.15,"{""numpy"": ""1.26.4"", ""pandas"": ""3.0.3"", ""scikit-learn"": ""1.9.0"", ""torch"": ""2.12.0""}"
adult,mlp,race,none,Asian-Pac-Islander,10,marital-status_Married-civ-spouse|fnlwgt|age|occupation_Prof-specialty|capital-gain|marital-status_Never-married|relationship_Husband|hours-per-week|occupation_Handlers-cleaners|occupation_Exec-managerial,0.048436|0.038448|0.033867|0.033444|0.033016|0.029605|0.025009|0.023256|0.022296|0.021392,0,2507921feeca,3.11.15,"{""numpy"": ""1.26.4"", ""pandas"": ""3.0.3"", ""scikit-learn"": ""1.9.0"", ""torch"": ""2.12.0""}"
adult,mlp,race,none,Other,10,capital-gain|workclass_Local-gov|education_7th-8th|age|education_HS-grad|occupation_Protective-serv|education_Preschool|relationship_Husband|marital-status_Married-civ-spouse|workclass_Self-emp-inc,0.031028|0.025884|0.021820|0.016749|0.015888|0.013837|0.013190|0.013141|0.011531|0.011406,0,2507921feeca,3.11.15,"{""numpy"": ""1.26.4"", ""pandas"": ""3.0.3"", ""scikit-learn"": ""1.9.0"", ""torch"": ""2.12.0""}"
adult,mlp,race,prune:0.3,Amer-Indian-Eskimo,10,age|fnlwgt|education_9th|relationship_Not-in-family|marital-status_Married-civ-spouse|occupation_Exec-managerial|education_Some-college|workclass_State-gov|marital-status_Divorced|marital-status_Widowed,0.094882|0.053107|0.050166|0.049353|0.048892|0.037889|0.036711|0.035430|0.033202|0.032620,0,38e1e187e7e9,3.11.15,"{""numpy"": ""1.26.4"", ""pandas"": ""3.0.3"", ""scikit-learn"": ""1.9.0"", ""torch"": ""2.12.0""}"
adult,mlp,race,prune:0.3,White,10,age|marital-status_Married-civ-spouse|capital-gain|marital-status_Never-married|hours-per-week|relationship_Husband|education_HS-grad|marital-status_Divorced|workclass_Self-emp-not-inc|relationship_Not-in-family,0.111192|0.070851|0.052919|0.047731|0.042815|0.039437|0.036998|0.036814|0.035586|0.033118,0,38e1e187e7e9,3.11.15,"{""numpy"": ""1.26.4"", ""pandas"": ""3.0.3"", ""scikit-learn"": ""1.9.0"", ""torch"": ""2.12.0""}"
adult,mlp,race,prune:0.3,Black,10,age|marital-status_Married-civ-spouse|marital-status_Never-married|capital-gain|marital-status_Divorced|education_HS-grad|education_Some-college|fnlwgt|relationship_Not-in-family|relationship_Husband,0.092213|0.067285|0.044547|0.043367|0.038120|0.037499|0.034097|0.030685|0.029832|0.029108,0,38e1e187e7e9,3.11.15,"{""numpy"": ""1.26.4"", ""pandas"": ""3.0.3"", ""scikit-learn"": ""1.9.0"", ""torch"": ""2.12.0""}"
adult,mlp,race,prune:0.3,Asian-Pac-Islander,10,marital-status_Married-civ-spouse|marital-status_Never-married|capital-gain|age|occupation_Prof-specialty|marital-status_Divorced|relationship_Husband|fnlwgt|education_Masters|native-country_South,0.086173|0.058992|0.052570|0.046758|0.045537|0.040565|0.037366|0.035077|0.034865|0.033473,0,38e1e187e7e9,3.11.15,"{""numpy"": ""1.26.4"", ""pandas"": ""3.0.3"", ""scikit-learn"": ""1.9.0"", ""torch"": ""2.12.0""}"
adult,mlp,race,prune:0.3,Other,10,capital-gain|education-num|workclass_Self-emp-not-inc|marital-status_Never-married|marital-status_Married-civ-spouse|education_HS-grad|fnlwgt|education_7th-8th|age|workclass_Local-gov,0.106608|0.061718|0.055952|0.053089|0.051040|0.050313|0.044841|0.042639|0.041334|0.038884,0,38e1e187e7e9,3.11.15,"{""numpy"": ""1.26.4"", ""pandas"": ""3.0.3"", ""scikit-learn"": ""1.9.0"", ""torch"": ""2.12.0""}"
adult,mlp,race,prune:0.5,Amer-Indian-Eskimo,10,age|marital-status_Divorced|hours-per-week|marital-status_Married-civ-spouse|fnlwgt|occupation_Handlers-cleaners|education_HS-grad|occupation_Exec-managerial|relationship_Not-in-family|capital-gain,0.076039|0.070236|0.062096|0.061130|0.059333|0.050353|0.049056|0.047075|0.044044|0.043173,0,db612dab7761,3.11.15,"{""numpy"": ""1.26.4"", ""pandas"": ""3.0.3"", ""scikit-learn"": ""1.9.0"", ""torch"": ""2.12.0""}"
adult,mlp,race,prune:0.5,White,10,age|marital-status_Married-civ-spouse|marital-status_Never-married|capital-gain|education_HS-grad|hours-per-week|relationship_Husband|workclass_Self-emp-not-inc|occupation_Farming-fishing|fnlwgt,0.098912|0.065300|0.060348|0.057965|0.051468|0.050798|0.045194|0.042180|0.041015|0.039638,0,db612dab7761,3.11.15,"{""numpy"": ""1.26.4"", ""pandas"": ""3.0.3"", ""scikit-learn"": ""1.9.0"", ""torch"": ""2.12.0""}"
adult,mlp,race,prune:0.5,Black,10,age|marital-status_Married-civ-spouse|marital-status_Never-married|education_HS-grad|capital-gain|fnlwgt|relationship_Husband|hours-per-week|occupation_Other-service|occupation_Farming-fishing,0.094495|0.072982|0.069431|0.061061|0.054359|0.051602|0.046279|0.041357|0.039992|0.038933,0,db612dab7761,3.11.15,"{""numpy"": ""1.26.4"", ""pandas"": ""3.0.3"", ""scikit-learn"": ""1.9.0"", ""torch"": ""2.12.0""}"
adult,mlp,race,prune:0.5,Asian-Pac-Islander,10,capital-gain|marital-status_Married-civ-spouse|age|marital-status_Never-married|occupation_Prof-specialty|occupation_Craft-repair|education_HS-grad|relationship_Not-in-family|fnlwgt|hours-per-week,0.083577|0.072173|0.059600|0.052745|0.051242|0.041424|0.040275|0.039955|0.036251|0.034867,0,db612dab7761,3.11.15,"{""numpy"": ""1.26.4"", ""pandas"": ""3.0.3"", ""scikit-learn"": ""1.9.0"", ""torch"": ""2.12.0""}"
adult,mlp,race,prune:0.5,Other,10,capital-gain|occupation_Machine-op-inspct|native-country_Ecuador|occupation_Protective-serv|workclass_Local-gov|native-country_Mexico|marital-status_Married-civ-spouse|education_7th-8th|native-country_United-States|marital-status_Never-married,0.070940|0.055468|0.053956|0.038491|0.032877|0.032532|0.024407|0.020927|0.020748|0.020645,0,db612dab7761,3.11.15,"{""numpy"": ""1.26.4"", ""pandas"": ""3.0.3"", ""scikit-learn"": ""1.9.0"", ""torch"": ""2.12.0""}"
adult,mlp,race,prune:0.7,Amer-Indian-Eskimo,10,age|relationship_Not-in-family|hours-per-week|fnlwgt|education_HS-grad|marital-status_Married-civ-spouse|occupation_Exec-managerial|relationship_Unmarried|workclass_Private|workclass_Self-emp-not-inc,0.166845|0.075901|0.073008|0.070355|0.069019|0.057764|0.054407|0.052257|0.048986|0.048637,0,9a26393de0c4,3.11.15,"{""numpy"": ""1.26.4"", ""pandas"": ""3.0.3"", ""scikit-learn"": ""1.9.0"", ""torch"": ""2.12.0""}"
adult,mlp,race,prune:0.7,White,10,age|education_HS-grad|capital-gain|fnlwgt|hours-per-week|workclass_Self-emp-not-inc|relationship_Husband|relationship_Not-in-family|relationship_Own-child|marital-status_Married-civ-spouse,0.095911|0.062059|0.046820|0.042550|0.041372|0.041083|0.037575|0.036174|0.036014|0.033687,0,9a26393de0c4,3.11.15,"{""numpy"": ""1.26.4"", ""pandas"": ""3.0.3"", ""scikit-learn"": ""1.9.0"", ""torch"": ""2.12.0""}"
adult,mlp,race,prune:0.7,Black,10,age|fnlwgt|education_HS-grad|relationship_Own-child|capital-gain|relationship_Unmarried|workclass_Self-emp-not-inc|education_Some-college|marital-status_Married-civ-spouse|marital-status_Never-married,0.095919|0.054717|0.050350|0.040748|0.040153|0.037537|0.036096|0.033450|0.032009|0.031853,0,9a26393de0c4,3.11.15,"{""numpy"": ""1.26.4"", ""pandas"": ""3.0.3"", ""scikit-learn"": ""1.9.0"", ""torch"": ""2.12.0""}"
adult,mlp,race,prune:0.7,Asian-Pac-Islander,10,age|native-country_South|native-country_United-States|relationship_Own-child|native-country_Philippines|fnlwgt|education_HS-grad|relationship_Husband|marital-status_Never-married|hours-per-week,0.077435|0.049410|0.046275|0.044751|0.043234|0.041210|0.039767|0.034555|0.033664|0.033351,0,9a26393de0c4,3.11.15,"{""numpy"": ""1.26.4"", ""pandas"": ""3.0.3"", ""scikit-learn"": ""1.9.0"", ""torch"": ""2.12.0""}"
adult,mlp,race,prune:0.7,Other,10,native-country_Puerto-Rico|age|education_HS-grad|capital-gain|workclass_Private|occupation_Other-service|hours-per-week|workclass_Self-emp-not-inc|native-country_Mexico|education_11th,0.068507|0.065621|0.062288|0.054017|0.052052|0.048489|0.048351|0.045689|0.045547|0.045025,0,9a26393de0c4,3.11.15,"{""numpy"": ""1.26.4"", ""pandas"": ""3.0.3"", ""scikit-learn"": ""1.9.0"", ""torch"": ""2.12.0""}"
adult,mlp,race,prune:0.9,Amer-Indian-Eskimo,10,fnlwgt|marital-status_Married-civ-spouse|relationship_Husband|occupation_Handlers-cleaners|occupation_Craft-repair|education_1st-4th|hours-per-week|age|capital-gain|education_Doctorate,0.022667|0.005813|0.005813|0.005172|0.003843|0.003661|0.003298|0.002272|0.002084|0.001117,0,aa73db5e6b52,3.11.15,"{""numpy"": ""1.26.4"", ""pandas"": ""3.0.3"", ""scikit-learn"": ""1.9.0"", ""torch"": ""2.12.0""}"
adult,mlp,race,prune:0.9,White,10,fnlwgt|age|workclass_Self-emp-not-inc|capital-gain|marital-status_Never-married|occupation_Transport-moving|occupation_Farming-fishing|marital-status_Married-spouse-absent|occupation_Prof-specialty|marital-status_Divorced,0.010397|0.009115|0.008705|0.007911|0.007834|0.006859|0.006061|0.004160|0.003839|0.003636,0,aa73db5e6b52,3.11.15,"{""numpy"": ""1.26.4"", ""pandas"": ""3.0.3"", ""scikit-learn"": ""1.9.0"", ""torch"": ""2.12.0""}"
adult,mlp,race,prune:0.9,Black,10,fnlwgt|relationship_Own-child|marital-status_Married-spouse-absent|marital-status_Never-married|age|occupation_Transport-moving|capital-gain|workclass_Self-emp-not-inc|occupation_Other-service|occupation_Prof-specialty,0.017808|0.011160|0.010988|0.010898|0.009477|0.007997|0.007829|0.007739|0.005336|0.004620,0,aa73db5e6b52,3.11.15,"{""numpy"": ""1.26.4"", ""pandas"": ""3.0.3"", ""scikit-learn"": ""1.9.0"", ""torch"": ""2.12.0""}"
adult,mlp,race,prune:0.9,Asian-Pac-Islander,10,native-country_South|fnlwgt|marital-status_Married-spouse-absent|age|capital-gain|marital-status_Never-married|education_Preschool|education_12th|education_Masters|relationship_Unmarried,0.038406|0.013010|0.012989|0.012878|0.011623|0.010588|0.008865|0.008674|0.008567|0.008321,0,aa73db5e6b52,3.11.15,"{""numpy"": ""1.26.4"", ""pandas"": ""3.0.3"", ""scikit-learn"": ""1.9.0"", ""torch"": ""2.12.0""}"
adult,mlp,race,prune:0.9,Other,10,native-country_Mexico|education_Preschool|occupation_Other-service|relationship_Own-child|workclass_Local-gov|fnlwgt|age|capital-gain|marital-status_Never-married|relationship_Husband,0.029859|0.025050|0.024453|0.022826|0.009491|0.008664|0.007935|0.004703|0.004397|0.003328,0,aa73db5e6b52,3.11.15,"{""numpy"": ""1.26.4"", ""pandas"": ""3.0.3"", ""scikit-learn"": ""1.9.0"", ""torch"": ""2.12.0""}"
adult,mlp,sex,none,Male,10,age|capital-gain|marital-status_Married-civ-spouse|marital-status_Never-married|hours-per-week|education_HS-grad|education_Some-college|workclass_Private|relationship_Husband|fnlwgt,0.070887|0.066967|0.057043|0.047801|0.046344|0.042868|0.038478|0.037948|0.036992|0.036496,1,aab365735629,3.11.15,"{""numpy"": ""1.26.4"", ""pandas"": ""3.0.3"", ""scikit-learn"": ""1.9.0"", ""torch"": ""2.12.0""}"
adult,mlp,sex,none,Female,10,age|marital-status_Married-civ-spouse|marital-status_Divorced|marital-status_Never-married|capital-gain|relationship_Wife|hours-per-week|occupation_Prof-specialty|occupation_Exec-managerial|education_Some-college,0.044993|0.038969|0.034549|0.034371|0.028849|0.028358|0.027890|0.025149|0.021838|0.020211,1,aab365735629,3.11.15,"{""numpy"": ""1.26.4"", ""pandas"": ""3.0.3"", ""scikit-learn"": ""1.9.0"", ""torch"": ""2.12.0""}"
adult,mlp,sex,prune:0.3,Male,10,age|marital-status_Married-civ-spouse|hours-per-week|fnlwgt|marital-status_Never-married|relationship_Own-child|capital-gain|education_HS-grad|workclass_Private|education_Some-college,0.065997|0.055130|0.046144|0.044988|0.042748|0.042662|0.041502|0.040621|0.037395|0.035646,1,074f0802355c,3.11.15,"{""numpy"": ""1.26.4"", ""pandas"": ""3.0.3"", ""scikit-learn"": ""1.9.0"", ""torch"": ""2.12.0""}"
adult,mlp,sex,prune:0.3,Female,10,age|marital-status_Married-civ-spouse|marital-status_Divorced|relationship_Own-child|marital-status_Never-married|hours-per-week|relationship_Unmarried|education_HS-grad|fnlwgt|occupation_Adm-clerical,0.081313|0.061164|0.059669|0.058052|0.053781|0.052442|0.050439|0.045813|0.045772|0.045515,1,074f0802355c,3.11.15,"{""numpy"": ""1.26.4"", ""pandas"": ""3.0.3"", ""scikit-learn"": ""1.9.0"", ""torch"": ""2.12.0""}"
adult,mlp,sex,prune:0.5,Male,10,age|hours-per-week|capital-gain|education_Some-college|fnlwgt|marital-status_Married-civ-spouse|workclass_Private|education_HS-grad|relationship_Own-child|occupation_Exec-managerial,0.098656|0.068540|0.066041|0.053642|0.052337|0.050587|0.048282|0.047510|0.041243|0.041108,1,8a5df36d2316,3.11.15,"{""numpy"": ""1.26.4"", ""pandas"": ""3.0.3"", ""scikit-learn"": ""1.9.0"", ""torch"": ""2.12.0""}"
adult,mlp,sex,prune:0.5,Female,10,age|hours-per-week|education_Some-college|marital-status_Married-civ-spouse|fnlwgt|relationship_Unmarried|relationship_Own-child|occupation_Adm-clerical|marital-status_Never-married|marital-status_Widowed,0.105300|0.082453|0.052842|0.048081|0.045687|0.045428|0.045424|0.045359|0.043951|0.043753,1,8a5df36d2316,3.11.15,"{""numpy"": ""1.26.4"", ""pandas"": ""3.0.3"", ""scikit-learn"": ""1.9.0"", ""torch"": ""2.12.0""}"
adult,mlp,sex,prune:0.7,Male,10,age|hours-per-week|fnlwgt|workclass_Private|capital-gain|education_HS-grad|marital-status_Never-married|occupation_Sales|education_Some-college|relationship_Own-child,0.057228|0.037667|0.037489|0.034394|0.031861|0.030367|0.029541|0.029453|0.029039|0.029034,1,799141fa1699,3.11.15,"{""numpy"": ""1.26.4"", ""pandas"": ""3.0.3"", ""scikit-learn"": ""1.9.0"", ""torch"": ""2.12.0""}"
adult,mlp,sex,prune:0.7,Female,10,age|relationship_Unmarried|marital-status_Widowed|hours-per-week|fnlwgt|marital-status_Never-married|occupation_Other-service|relationship_Own-child|occupation_Exec-managerial|occupation_Sales,0.075609|0.056773|0.051535|0.050983|0.042641|0.041591|0.041065|0.037630|0.035829|0.035330,1,799141fa1699,3.11.15,"{""numpy"": ""1.26.4"", ""pandas"": ""3.0.3"", ""scikit-learn"": ""1.9.0"", ""torch"": ""2.12.0""}"
adult,mlp,sex,prune:0.9,Male,10,age|occupation_Sales|hours-per-week|fnlwgt|capital-gain|occupation_Handlers-cleaners|workclass_Self-emp-not-inc|education_11th|marital-status_Never-married|marital-status_Widowed,0.046773|0.026721|0.016761|0.014633|0.013891|0.013710|0.012050|0.007742|0.006635|0.006614,1,0b1df5f31134,3.11.15,"{""numpy"": ""1.26.4"", ""pandas"": ""3.0.3"", ""scikit-learn"": ""1.9.0"", ""torch"": ""2.12.0""}"
adult,mlp,sex,prune:0.9,Female,10,age|occupation_Sales|hours-per-week|fnlwgt|relationship_Unmarried|marital-status_Widowed|workclass_Self-emp-not-inc|relationship_Own-child|capital-gain|marital-status_Never-married,0.062870|0.044106|0.028265|0.020512|0.018580|0.017465|0.016459|0.014506|0.014119|0.013873,1,0b1df5f31134,3.11.15,"{""numpy"": ""1.26.4"", ""pandas"": ""3.0.3"", ""scikit-learn"": ""1.9.0"", ""torch"": ""2.12.0""}"
adult,mlp,race,none,White,10,age|capital-gain|marital-status_Married-civ-spouse|marital-status_Never-married|hours-per-week|education_HS-grad|education_Some-college|workclass_Private|fnlwgt|education_Bachelors,0.066922|0.055568|0.053703|0.046470|0.043213|0.037876|0.033871|0.033431|0.032658|0.032621,1,512bd853271c,3.11.15,"{""numpy"": ""1.26.4"", ""pandas"": ""3.0.3"", ""scikit-learn"": ""1.9.0"", ""torch"": ""2.12.0""}"
adult,mlp,race,none,Black,10,capital-gain|age|marital-status_Married-civ-spouse|marital-status_Never-married|marital-status_Separated|education_Some-college|workclass_Private|occupation_Other-service|fnlwgt|marital-status_Divorced,0.042946|0.037456|0.031576|0.025815|0.022875|0.022388|0.020855|0.020299|0.019377|0.019338,1,512bd853271c,3.11.15,"{""numpy"": ""1.26.4"", ""pandas"": ""3.0.3"", ""scikit-learn"": ""1.9.0"", ""torch"": ""2.12.0""}"
adult,mlp,race,none,Amer-Indian-Eskimo,10,occupation_Exec-managerial|capital-gain|marital-status_Married-civ-spouse|occupation_Handlers-cleaners|age|education_HS-grad|occupation_Craft-repair|workclass_Local-gov|occupation_Machine-op-inspct|marital-status_Divorced,0.025523|0.024876|0.021974|0.020178|0.019119|0.017973|0.016184|0.013824|0.013406|0.012830,1,512bd853271c,3.11.15,"{""numpy"": ""1.26.4"", ""pandas"": ""3.0.3"", ""scikit-learn"": ""1.9.0"", ""torch"": ""2.12.0""}"
adult,mlp,race,none,Asian-Pac-Islander,10,native-country_United-States|capital-gain|hours-per-week|marital-status_Married-civ-spouse|age|occupation_Prof-specialty|occupation_Exec-managerial|relationship_Wife|marital-status_Never-married|fnlwgt,0.057040|0.053336|0.050715|0.041325|0.033013|0.028480|0.025005|0.024959|0.023906|0.023396,1,512bd853271c,3.11.15,"{""numpy"": ""1.26.4"", ""pandas"": ""3.0.3"", ""scikit-learn"": ""1.9.0"", ""torch"": ""2.12.0""}"
adult,mlp,race,none,Other,10,capital-gain|marital-status_Married-civ-spouse|education_Some-college|relationship_Other-relative|education_12th|native-country_Mexico|occupation_Protective-serv|native-country_United-States|native-country_Ecuador|marital-status_Divorced,0.108675|0.094784|0.083371|0.074971|0.068193|0.064770|0.064726|0.062890|0.061054|0.057954,1,512bd853271c,3.11.15,"{""numpy"": ""1.26.4"", ""pandas"": ""3.0.3"", ""scikit-learn"": ""1.9.0"", ""torch"": ""2.12.0""}"
adult,mlp,race,prune:0.3,White,10,age|marital-status_Married-civ-spouse|hours-per-week|relationship_Own-child|marital-status_Never-married|marital-status_Divorced|fnlwgt|education_HS-grad|education_Some-college|capital-gain,0.072125|0.057298|0.049898|0.046713|0.045330|0.044005|0.043850|0.042511|0.038834|0.038173,1,1756a13abe21,3.11.15,"{""numpy"": ""1.26.4"", ""pandas"": ""3.0.3"", ""scikit-learn"": ""1.9.0"", ""torch"": ""2.12.0""}"
adult,mlp,race,prune:0.3,Black,10,age|relationship_Own-child|fnlwgt|marital-status_Married-civ-spouse|marital-status_Never-married|occupation_Other-service|relationship_Unmarried|education_HS-grad|capital-gain|hours-per-week,0.071139|0.057640|0.057467|0.057463|0.056245|0.051391|0.044852|0.042415|0.040084|0.040063,1,1756a13abe21,3.11.15,"{""numpy"": ""1.26.4"", ""pandas"": ""3.0.3"", ""scikit-learn"": ""1.9.0"", ""torch"": ""2.12.0""}"
adult,mlp,race,prune:0.3,Amer-Indian-Eskimo,10,relationship_Unmarried|marital-status_Divorced|occupation_Sales|fnlwgt|marital-status_Never-married|age|workclass_Local-gov|marital-status_Married-civ-spouse|education_HS-grad|education_Some-college,0.102377|0.075547|0.064854|0.063420|0.057395|0.056252|0.048424|0.048112|0.044751|0.041135,1,1756a13abe21,3.11.15,"{""numpy"": ""1.26.4"", ""pandas"": ""3.0.3"", ""scikit-learn"": ""1.9.0"", ""torch"": ""2.12.0""}"
adult,mlp,race,prune:0.3,Asian-Pac-Islander,10,relationship_Own-child|age|marital-status_Married-civ-spouse|occupation_Other-service|native-country_Philippines|education_Some-college|marital-status_Never-married|hours-per-week|native-country_United-States|capital-gain,0.058814|0.055493|0.052608|0.050123|0.046747|0.044264|0.041977|0.041604|0.041070|0.040069,1,1756a13abe21,3.11.15,"{""numpy"": ""1.26.4"", ""pandas"": ""3.0.3"", ""scikit-learn"": ""1.9.0"", ""torch"": ""2.12.0""}"
adult,mlp,race,prune:0.3,Other,10,native-country_Mexico|capital-gain|marital-status_Married-civ-spouse|education_12th|marital-status_Married-spouse-absent|relationship_Husband|marital-status_Never-married|relationship_Not-in-family|native-country_United-States|education_Some-college,0.091998|0.083306|0.075191|0.073527|0.063898|0.053933|0.046167|0.045686|0.045373|0.043395,1,1756a13abe21,3.11.15,"{""numpy"": ""1.26.4"", ""pandas"": ""3.0.3"", ""scikit-learn"": ""1.9.0"", ""torch"": ""2.12.0""}"
adult,mlp,race,prune:0.5,White,10,age|hours-per-week|capital-gain|education_Some-college|marital-status_Married-civ-spouse|fnlwgt|workclass_Private|education_HS-grad|relationship_Own-child|occupation_Prof-specialty,0.103195|0.076505|0.058364|0.054801|0.051018|0.050537|0.047428|0.047233|0.043360|0.042673,1,04d515d0d139,3.11.15,"{""numpy"": ""1.26.4"", ""pandas"": ""3.0.3"", ""scikit-learn"": ""1.9.0"", ""torch"": ""2.12.0""}"
adult,mlp,race,prune:0.5,Black,10,age|hours-per-week|fnlwgt|capital-gain|marital-status_Married-civ-spouse|education_Some-college|education_HS-grad|relationship_Unmarried|relationship_Other-relative|relationship_Own-child,0.099057|0.060009|0.055564|0.053983|0.049500|0.043454|0.042287|0.042267|0.041993|0.041349,1,04d515d0d139,3.11.15,"{""numpy"": ""1.26.4"", ""pandas"": ""3.0.3"", ""scikit-learn"": ""1.9.0"", ""torch"": ""2.12.0""}"
adult,mlp,race,prune:0.5,Amer-Indian-Eskimo,10,age|occupation_Other-service|relationship_Unmarried|marital-status_Widowed|workclass_Local-gov|hours-per-week|capital-gain|education_Some-college|occupation_Exec-managerial|occupation_Adm-clerical,0.082572|0.076810|0.063842|0.062855|0.062046|0.052762|0.051881|0.050874|0.043348|0.042841,1,04d515d0d139,3.11.15,"{""numpy"": ""1.26.4"", ""pandas"": ""3.0.3"", ""scikit-learn"": ""1.9.0"", ""torch"": ""2.12.0""}"
adult,mlp,race,prune:0.5,Asian-Pac-Islander,10,native-country_Philippines|age|native-country_United-States|hours-per-week|capital-gain|education_Some-college|occupation_Other-service|relationship_Other-relative|relationship_Own-child|relationship_Not-in-family,0.073992|0.062832|0.048601|0.043953|0.041102|0.037620|0.035493|0.035298|0.033044|0.032755,1,04d515d0d139,3.11.15,"{""numpy"": ""1.26.4"", ""pandas"": ""3.0.3"", ""scikit-learn"": ""1.9.0"", ""torch"": ""2.12.0""}"
adult,mlp,race,prune:0.5,Other,10,education_Some-college|occupation_Protective-serv|marital-status_Married-spouse-absent|occupation_Handlers-cleaners|occupation_Machine-op-inspct|capital-gain|relationship_Other-relative|native-country_Ecuador|occupation_Other-service|native-country_Mexico,0.105468|0.100212|0.086022|0.084946|0.069113|0.068680|0.064525|0.059467|0.048305|0.047289,1,04d515d0d139,3.11.15,"{""numpy"": ""1.26.4"", ""pandas"": ""3.0.3"", ""scikit-learn"": ""1.9.0"", ""torch"": ""2.12.0""}"
adult,mlp,race,prune:0.7,White,10,age|hours-per-week|fnlwgt|occupation_Sales|marital-status_Never-married|workclass_Private|relationship_Own-child|occupation_Exec-managerial|education_Some-college|relationship_Unmarried,0.062866|0.041464|0.038165|0.032207|0.032156|0.031689|0.031066|0.030876|0.030473|0.029182,1,0229a88e1ef3,3.11.15,"{""numpy"": ""1.26.4"", ""pandas"": ""3.0.3"", ""scikit-learn"": ""1.9.0"", ""torch"": ""2.12.0""}"
adult,mlp,race,prune:0.7,Black,10,age|relationship_Unmarried|fnlwgt|marital-status_Never-married|hours-per-week|marital-status_Widowed|relationship_Own-child|occupation_Other-service|relationship_Other-relative|occupation_Exec-managerial,0.064934|0.062000|0.051785|0.048500|0.047243|0.043952|0.040602|0.038509|0.035874|0.035714,1,0229a88e1ef3,3.11.15,"{""numpy"": ""1.26.4"", ""pandas"": ""3.0.3"", ""scikit-learn"": ""1.9.0"", ""torch"": ""2.12.0""}"
adult,mlp,race,prune:0.7,Amer-Indian-Eskimo,10,workclass_Local-gov|marital-status_Widowed|relationship_Unmarried|fnlwgt|age|occupation_Other-service|hours-per-week|marital-status_Never-married|occupation_Exec-managerial|marital-status_Married-spouse-absent,0.066456|0.063425|0.062270|0.061341|0.061045|0.058540|0.045047|0.040455|0.038170|0.037623,1,0229a88e1ef3,3.11.15,"{""numpy"": ""1.26.4"", ""pandas"": ""3.0.3"", ""scikit-learn"": ""1.9.0"", ""torch"": ""2.12.0""}"
adult,mlp,race,prune:0.7,Asian-Pac-Islander,10,age|native-country_Philippines|hours-per-week|native-country_China|capital-gain|relationship_Unmarried|relationship_Own-child|native-country_United-States|education_Some-college|workclass_Private,0.075633|0.071385|0.046478|0.041479|0.040840|0.033159|0.033150|0.027375|0.026839|0.025469,1,0229a88e1ef3,3.11.15,"{""numpy"": ""1.26.4"", ""pandas"": ""3.0.3"", ""scikit-learn"": ""1.9.0"", ""torch"": ""2.12.0""}"
adult,mlp,race,prune:0.7,Other,10,occupation_Protective-serv|native-country_Ecuador|workclass_Local-gov|education-num|age|workclass_Private|occupation_Other-service|native-country_Mexico|fnlwgt|education_11th,0.096901|0.091226|0.076915|0.066032|0.052829|0.052717|0.052092|0.051970|0.048927|0.048538,1,0229a88e1ef3,3.11.15,"{""numpy"": ""1.26.4"", ""pandas"": ""3.0.3"", ""scikit-learn"": ""1.9.0"", ""torch"": ""2.12.0""}"
adult,mlp,race,prune:0.9,White,10,age|occupation_Sales|hours-per-week|fnlwgt|workclass_Self-emp-not-inc|capital-gain|occupation_Handlers-cleaners|marital-status_Widowed|education_11th|relationship_Own-child,0.052920|0.033050|0.021090|0.016752|0.013915|0.013132|0.012463|0.009905|0.009196|0.008998,1,82b80e9444b5,3.11.15,"{""numpy"": ""1.26.4"", ""pandas"": ""3.0.3"", ""scikit-learn"": ""1.9.0"", ""torch"": ""2.12.0""}"
adult,mlp,race,prune:0.9,Black,10,age|occupation_Sales|hours-per-week|occupation_Handlers-cleaners|fnlwgt|relationship_Unmarried|relationship_Other-relative|education_9th|capital-gain|marital-status_Widowed,0.055639|0.031930|0.020803|0.019840|0.017152|0.016630|0.016483|0.014230|0.013376|0.012855,1,82b80e9444b5,3.11.15,"{""numpy"": ""1.26.4"", ""pandas"": ""3.0.3"", ""scikit-learn"": ""1.9.0"", ""torch"": ""2.12.0""}"
adult,mlp,race,prune:0.9,Amer-Indian-Eskimo,10,age|fnlwgt|occupation_Handlers-cleaners|education_10th|capital-gain|occupation_Sales|relationship_Own-child|relationship_Unmarried|hours-per-week|capital-loss,0.052745|0.032808|0.030267|0.029965|0.028140|0.026482|0.021662|0.020446|0.020068|0.019251,1,82b80e9444b5,3.11.15,"{""numpy"": ""1.26.4"", ""pandas"": ""3.0.3"", ""scikit-learn"": ""1.9.0"", ""torch"": ""2.12.0""}"
adult,mlp,race,prune:0.9,Asian-Pac-Islander,10,occupation_Sales|capital-gain|age|relationship_Other-relative|relationship_Own-child|native-country_United-States|hours-per-week|marital-status_Widowed|workclass_Self-emp-not-inc|education_HS-grad,0.025963|0.025690|0.023590|0.020052|0.012602|0.009982|0.009648|0.009506|0.009461|0.007663,1,82b80e9444b5,3.11.15,"{""numpy"": ""1.26.4"", ""pandas"": ""3.0.3"", ""scikit-learn"": ""1.9.0"", ""torch"": ""2.12.0""}"
adult,mlp,race,prune:0.9,Other,10,capital-gain|age|education_12th|occupation_Sales|marital-status_Widowed|education_11th|workclass_Self-emp-not-inc|hours-per-week|occupation_Handlers-cleaners|education_HS-grad,0.055929|0.036824|0.026979|0.017825|0.013714|0.012471|0.009700|0.008643|0.008070|0.006572,1,82b80e9444b5,3.11.15,"{""numpy"": ""1.26.4"", ""pandas"": ""3.0.3"", ""scikit-learn"": ""1.9.0"", ""torch"": ""2.12.0""}"
adult,mlp,sex,none,Male,10,age|marital-status_Married-civ-spouse|capital-gain|relationship_Husband|marital-status_Never-married|hours-per-week|fnlwgt|workclass_Private|occupation_Craft-repair|occupation_Exec-managerial,0.068730|0.066294|0.056245|0.048830|0.046840|0.041131|0.032798|0.032207|0.031188|0.030618,2,fc6f88f8f454,3.11.15,"{""numpy"": ""1.26.4"", ""pandas"": ""3.0.3"", ""scikit-learn"": ""1.9.0"", ""torch"": ""2.12.0""}"
adult,mlp,sex,none,Female,10,marital-status_Married-civ-spouse|capital-gain|age|marital-status_Never-married|marital-status_Divorced|relationship_Not-in-family|relationship_Wife|hours-per-week|relationship_Husband|relationship_Unmarried,0.035146|0.032370|0.031456|0.029215|0.027040|0.025542|0.025286|0.023828|0.019914|0.017831,2,fc6f88f8f454,3.11.15,"{""numpy"": ""1.26.4"", ""pandas"": ""3.0.3"", ""scikit-learn"": ""1.9.0"", ""torch"": ""2.12.0""}"
adult,mlp,sex,prune:0.3,Male,10,marital-status_Married-civ-spouse|marital-status_Never-married|age|hours-per-week|capital-gain|relationship_Not-in-family|education_HS-grad|fnlwgt|occupation_Craft-repair|relationship_Husband,0.075486|0.060642|0.058198|0.039301|0.037852|0.035808|0.033170|0.033059|0.027671|0.027370,2,269ba88348ee,3.11.15,"{""numpy"": ""1.26.4"", ""pandas"": ""3.0.3"", ""scikit-learn"": ""1.9.0"", ""torch"": ""2.12.0""}"
adult,mlp,sex,prune:0.3,Female,10,age|marital-status_Married-civ-spouse|marital-status_Never-married|hours-per-week|capital-gain|relationship_Not-in-family|marital-status_Divorced|occupation_Other-service|fnlwgt|education_HS-grad,0.098010|0.083078|0.076431|0.057328|0.054630|0.046466|0.044738|0.042319|0.040371|0.040136,2,269ba88348ee,3.11.15,"{""numpy"": ""1.26.4"", ""pandas"": ""3.0.3"", ""scikit-learn"": ""1.9.0"", ""torch"": ""2.12.0""}"
adult,mlp,sex,prune:0.5,Male,10,age|hours-per-week|marital-status_Married-civ-spouse|marital-status_Never-married|fnlwgt|capital-gain|relationship_Not-in-family|relationship_Husband|relationship_Own-child|occupation_Sales,0.070482|0.062774|0.061373|0.056204|0.055277|0.053223|0.050117|0.040569|0.035384|0.034050,2,4b5169c61c68,3.11.15,"{""numpy"": ""1.26.4"", ""pandas"": ""3.0.3"", ""scikit-learn"": ""1.9.0"", ""torch"": ""2.12.0""}"
adult,mlp,sex,prune:0.5,Female,10,hours-per-week|age|relationship_Not-in-family|marital-status_Never-married|capital-gain|marital-status_Married-civ-spouse|fnlwgt|occupation_Other-service|marital-status_Divorced|occupation_Sales,0.082405|0.063614|0.058671|0.052142|0.051902|0.048539|0.047122|0.045308|0.040757|0.034582,2,4b5169c61c68,3.11.15,"{""numpy"": ""1.26.4"", ""pandas"": ""3.0.3"", ""scikit-learn"": ""1.9.0"", ""torch"": ""2.12.0""}"
adult,mlp,sex,prune:0.7,Male,10,marital-status_Married-civ-spouse|marital-status_Never-married|age|relationship_Not-in-family|hours-per-week|occupation_Craft-repair|relationship_Husband|fnlwgt|relationship_Own-child|occupation_Other-service,0.067444|0.059106|0.042702|0.031261|0.030925|0.028933|0.028544|0.028472|0.028138|0.026151,2,b32a0758462c,3.11.15,"{""numpy"": ""1.26.4"", ""pandas"": ""3.0.3"", ""scikit-learn"": ""1.9.0"", ""torch"": ""2.12.0""}"
adult,mlp,sex,prune:0.7,Female,10,marital-status_Married-civ-spouse|marital-status_Never-married|age|hours-per-week|fnlwgt|occupation_Other-service|relationship_Not-in-family|occupation_Sales|occupation_Adm-clerical|relationship_Own-child,0.090339|0.082499|0.065104|0.056336|0.049820|0.046677|0.045505|0.045415|0.042841|0.039338,2,b32a0758462c,3.11.15,"{""numpy"": ""1.26.4"", ""pandas"": ""3.0.3"", ""scikit-learn"": ""1.9.0"", ""torch"": ""2.12.0""}"
adult,mlp,sex,prune:0.9,Male,10,age|education_Some-college|capital-gain|marital-status_Never-married|marital-status_Married-civ-spouse|education_7th-8th|relationship_Other-relative|occupation_Craft-repair|fnlwgt|occupation_Sales,0.001076|0.000682|0.000544|0.000466|0.000438|0.000375|0.000339|0.000318|0.000295|0.000285,2,ad5047d5900a,3.11.15,"{""numpy"": ""1.26.4"", ""pandas"": ""3.0.3"", ""scikit-learn"": ""1.9.0"", ""torch"": ""2.12.0""}"
adult,mlp,sex,prune:0.9,Female,10,age|education_Some-college|marital-status_Never-married|relationship_Other-relative|workclass_Local-gov|native-country_Taiwan|occupation_Prof-specialty|marital-status_Separated|education_Masters|education_Bachelors,0.001190|0.000685|0.000643|0.000605|0.000602|0.000600|0.000397|0.000375|0.000285|0.000283,2,ad5047d5900a,3.11.15,"{""numpy"": ""1.26.4"", ""pandas"": ""3.0.3"", ""scikit-learn"": ""1.9.0"", ""torch"": ""2.12.0""}"
adult,mlp,race,none,White,10,age|marital-status_Married-civ-spouse|capital-gain|marital-status_Never-married|relationship_Husband|hours-per-week|relationship_Not-in-family|marital-status_Divorced|fnlwgt|workclass_Private,0.059726|0.058802|0.052000|0.042325|0.042312|0.037026|0.031128|0.028825|0.028048|0.027438,2,cb3b62f0ecff,3.11.15,"{""numpy"": ""1.26.4"", ""pandas"": ""3.0.3"", ""scikit-learn"": ""1.9.0"", ""torch"": ""2.12.0""}"
adult,mlp,race,none,Black,10,marital-status_Married-civ-spouse|age|marital-status_Never-married|capital-gain|relationship_Husband|marital-status_Divorced|hours-per-week|relationship_Unmarried|occupation_Adm-clerical|education_Bachelors,0.046717|0.041062|0.038291|0.025860|0.025102|0.022815|0.021909|0.020995|0.020704|0.020509,2,cb3b62f0ecff,3.11.15,"{""numpy"": ""1.26.4"", ""pandas"": ""3.0.3"", ""scikit-learn"": ""1.9.0"", ""torch"": ""2.12.0""}"
adult,mlp,race,none,Asian-Pac-Islander,10,hours-per-week|capital-gain|occupation_Other-service|age|native-country_Philippines|marital-status_Married-civ-spouse|marital-status_Never-married|native-country_United-States|workclass_State-gov|native-country_South,0.051887|0.045899|0.040774|0.038674|0.033837|0.031935|0.031726|0.030137|0.026670|0.024251,2,cb3b62f0ecff,3.11.15,"{""numpy"": ""1.26.4"", ""pandas"": ""3.0.3"", ""scikit-learn"": ""1.9.0"", ""torch"": ""2.12.0""}"
adult,mlp,race,none,Amer-Indian-Eskimo,10,age|education-num|marital-status_Divorced|relationship_Unmarried|marital-status_Married-civ-spouse|occupation_Prof-specialty|education_10th|hours-per-week|marital-status_Never-married|occupation_Craft-repair,0.033590|0.031123|0.027262|0.024263|0.019482|0.017792|0.013780|0.010326|0.009415|0.009081,2,cb3b62f0ecff,3.11.15,"{""numpy"": ""1.26.4"", ""pandas"": ""3.0.3"", ""scikit-learn"": ""1.9.0"", ""torch"": ""2.12.0""}"
adult,mlp,race,none,Other,10,marital-status_Married-civ-spouse|education_Prof-school|native-country_United-States|age|occupation_Exec-managerial|education-num|marital-status_Never-married|relationship_Not-in-family|relationship_Husband|capital-gain,0.047195|0.045563|0.042352|0.039563|0.031659|0.031390|0.029143|0.028769|0.028357|0.028319,2,cb3b62f0ecff,3.11.15,"{""numpy"": ""1.26.4"", ""pandas"": ""3.0.3"", ""scikit-learn"": ""1.9.0"", ""torch"": ""2.12.0""}"
adult,mlp,race,prune:0.3,White,10,marital-status_Married-civ-spouse|age|marital-status_Never-married|hours-per-week|capital-gain|relationship_Not-in-family|education_HS-grad|fnlwgt|marital-status_Divorced|occupation_Prof-specialty,0.075713|0.068321|0.062796|0.043654|0.043560|0.037908|0.034717|0.034112|0.030192|0.029654,2,633b084f64e1,3.11.15,"{""numpy"": ""1.26.4"", ""pandas"": ""3.0.3"", ""scikit-learn"": ""1.9.0"", ""torch"": ""2.12.0""}"
adult,mlp,race,prune:0.3,Black,10,marital-status_Married-civ-spouse|marital-status_Never-married|age|hours-per-week|fnlwgt|occupation_Other-service|education_Some-college|relationship_Not-in-family|capital-gain|marital-status_Divorced,0.097649|0.087440|0.086872|0.048505|0.047920|0.046120|0.046116|0.045606|0.044090|0.042476,2,633b084f64e1,3.11.15,"{""numpy"": ""1.26.4"", ""pandas"": ""3.0.3"", ""scikit-learn"": ""1.9.0"", ""torch"": ""2.12.0""}"
adult,mlp,race,prune:0.3,Asian-Pac-Islander,10,marital-status_Never-married|age|marital-status_Married-civ-spouse|native-country_Philippines|hours-per-week|native-country_United-States|relationship_Own-child|relationship_Not-in-family|occupation_Adm-clerical|native-country_Vietnam,0.092222|0.090906|0.090057|0.071500|0.064775|0.061915|0.045078|0.042441|0.041546|0.041482,2,633b084f64e1,3.11.15,"{""numpy"": ""1.26.4"", ""pandas"": ""3.0.3"", ""scikit-learn"": ""1.9.0"", ""torch"": ""2.12.0""}"
adult,mlp,race,prune:0.3,Amer-Indian-Eskimo,10,hours-per-week|relationship_Not-in-family|workclass_Federal-gov|age|marital-status_Married-civ-spouse|occupation_Transport-moving|education_5th-6th|occupation_Handlers-cleaners|education_HS-grad|fnlwgt,0.106698|0.078490|0.077205|0.074701|0.057378|0.056458|0.054660|0.048034|0.046864|0.042069,2,633b084f64e1,3.11.15,"{""numpy"": ""1.26.4"", ""pandas"": ""3.0.3"", ""scikit-learn"": ""1.9.0"", ""torch"": ""2.12.0""}"
adult,mlp,race,prune:0.3,Other,10,education_1st-4th|age|education_9th|native-country_United-States|occupation_Farming-fishing|native-country_El-Salvador|relationship_Not-in-family|education_Some-college|marital-status_Never-married|relationship_Husband,0.063721|0.062925|0.062111|0.057421|0.056647|0.045734|0.043735|0.042672|0.040483|0.040180,2,633b084f64e1,3.11.15,"{""numpy"": ""1.26.4"", ""pandas"": ""3.0.3"", ""scikit-learn"": ""1.9.0"", ""torch"": ""2.12.0""}"
adult,mlp,race,prune:0.5,White,10,hours-per-week|age|marital-status_Married-civ-spouse|capital-gain|marital-status_Never-married|relationship_Not-in-family|fnlwgt|relationship_Husband|marital-status_Divorced|occupation_Other-service,0.070283|0.069263|0.057638|0.054324|0.054185|0.053116|0.052369|0.037979|0.035829|0.034485,2,a33306a9533a,3.11.15,"{""numpy"": ""1.26.4"", ""pandas"": ""3.0.3"", ""scikit-learn"": ""1.9.0"", ""torch"": ""2.12.0""}"
adult,mlp,race,prune:0.5,Black,10,age|fnlwgt|marital-status_Never-married|hours-per-week|marital-status_Married-civ-spouse|relationship_Not-in-family|capital-gain|marital-status_Separated|occupation_Other-service|marital-status_Divorced,0.066837|0.060932|0.060453|0.059250|0.056502|0.050861|0.048666|0.047008|0.044557|0.039874,2,a33306a9533a,3.11.15,"{""numpy"": ""1.26.4"", ""pandas"": ""3.0.3"", ""scikit-learn"": ""1.9.0"", ""torch"": ""2.12.0""}"
adult,mlp,race,prune:0.5,Asian-Pac-Islander,10,hours-per-week|marital-status_Never-married|relationship_Own-child|native-country_United-States|marital-status_Married-civ-spouse|education_Bachelors|native-country_Philippines|age|relationship_Not-in-family|occupation_Sales,0.063973|0.054680|0.053902|0.051129|0.049906|0.046565|0.044547|0.044334|0.040730|0.036981,2,a33306a9533a,3.11.15,"{""numpy"": ""1.26.4"", ""pandas"": ""3.0.3"", ""scikit-learn"": ""1.9.0"", ""torch"": ""2.12.0""}"
adult,mlp,race,prune:0.5,Amer-Indian-Eskimo,10,relationship_Not-in-family|hours-per-week|education_10th|education_5th-6th|marital-status_Married-civ-spouse|occupation_Transport-moving|workclass_Missing|marital-status_Never-married|education_HS-grad|occupation_Machine-op-inspct,0.100736|0.094937|0.071442|0.058957|0.053419|0.048562|0.043459|0.037839|0.033102|0.032803,2,a33306a9533a,3.11.15,"{""numpy"": ""1.26.4"", ""pandas"": ""3.0.3"", ""scikit-learn"": ""1.9.0"", ""torch"": ""2.12.0""}"
adult,mlp,race,prune:0.5,Other,10,age|fnlwgt|marital-status_Never-married|marital-status_Married-civ-spouse|education_9th|occupation_Transport-moving|native-country_India|capital-loss|workclass_Private|capital-gain,0.115813|0.090495|0.087031|0.062446|0.058989|0.053732|0.053358|0.050941|0.048178|0.048061,2,a33306a9533a,3.11.15,"{""numpy"": ""1.26.4"", ""pandas"": ""3.0.3"", ""scikit-learn"": ""1.9.0"", ""torch"": ""2.12.0""}"
adult,mlp,race,prune:0.7,White,10,marital-status_Married-civ-spouse|marital-status_Never-married|age|hours-per-week|relationship_Not-in-family|fnlwgt|occupation_Other-service|relationship_Own-child|relationship_Husband|occupation_Craft-repair,0.072646|0.064997|0.048404|0.039977|0.035269|0.034326|0.031866|0.031342|0.030923|0.030217,2,a856b6deaec0,3.11.15,"{""numpy"": ""1.26.4"", ""pandas"": ""3.0.3"", ""scikit-learn"": ""1.9.0"", ""torch"": ""2.12.0""}"
adult,mlp,race,prune:0.7,Black,10,marital-status_Married-civ-spouse|marital-status_Never-married|age|fnlwgt|occupation_Other-service|relationship_Not-in-family|relationship_Unmarried|workclass_Local-gov|education_Some-college|occupation_Sales,0.078762|0.062266|0.049741|0.043577|0.042022|0.040215|0.035980|0.034711|0.034706|0.032703,2,a856b6deaec0,3.11.15,"{""numpy"": ""1.26.4"", ""pandas"": ""3.0.3"", ""scikit-learn"": ""1.9.0"", ""torch"": ""2.12.0""}"
adult,mlp,race,prune:0.7,Asian-Pac-Islander,10,marital-status_Never-married|marital-status_Married-civ-spouse|age|occupation_Sales|hours-per-week|relationship_Husband|capital-loss|native-country_Philippines|education_Bachelors|relationship_Own-child,0.095184|0.094586|0.091109|0.060108|0.055003|0.047524|0.044057|0.041985|0.038825|0.037587,2,a856b6deaec0,3.11.15,"{""numpy"": ""1.26.4"", ""pandas"": ""3.0.3"", ""scikit-learn"": ""1.9.0"", ""torch"": ""2.12.0""}"
adult,mlp,race,prune:0.7,Amer-Indian-Eskimo,10,marital-status_Married-civ-spouse|marital-status_Never-married|education_10th|fnlwgt|workclass_Private|marital-status_Divorced|occupation_Tech-support|age|relationship_Husband|education_HS-grad,0.123434|0.122237|0.083249|0.077974|0.055807|0.053084|0.047756|0.045984|0.045284|0.044107,2,a856b6deaec0,3.11.15,"{""numpy"": ""1.26.4"", ""pandas"": ""3.0.3"", ""scikit-learn"": ""1.9.0"", ""torch"": ""2.12.0""}"
adult,mlp,race,prune:0.7,Other,10,marital-status_Never-married|marital-status_Married-civ-spouse|age|capital-gain|occupation_Exec-managerial|education_5th-6th|relationship_Not-in-family|occupation_Adm-clerical|education_Some-college|workclass_State-gov,0.128692|0.128505|0.056964|0.050704|0.049628|0.045404|0.040346|0.039716|0.037758|0.036213,2,a856b6deaec0,3.11.15,"{""numpy"": ""1.26.4"", ""pandas"": ""3.0.3"", ""scikit-learn"": ""1.9.0"", ""torch"": ""2.12.0""}"
adult,mlp,race,prune:0.9,White,10,age|education_Some-college|relationship_Other-relative|marital-status_Never-married|capital-gain|marital-status_Married-civ-spouse|education_7th-8th|marital-status_Divorced|education_Masters|occupation_Craft-repair,0.001226|0.000710|0.000494|0.000471|0.000452|0.000351|0.000299|0.000292|0.000279|0.000255,2,3dccdc0812dc,3.11.15,"{""numpy"": ""1.26.4"", ""pandas"": ""3.0.3"", ""scikit-learn"": ""1.9.0"", ""torch"": ""2.12.0""}"
adult,mlp,race,prune:0.9,Black,10,workclass_Local-gov|marital-status_Separated|marital-status_Never-married|education_Some-college|occupation_Sales|age|hours-per-week|fnlwgt|education_7th-8th|marital-status_Widowed,0.001917|0.001189|0.001056|0.000711|0.000711|0.000614|0.000584|0.000470|0.000276|0.000161,2,3dccdc0812dc,3.11.15,"{""numpy"": ""1.26.4"", ""pandas"": ""3.0.3"", ""scikit-learn"": ""1.9.0"", ""torch"": ""2.12.0""}"
adult,mlp,race,prune:0.9,Asian-Pac-Islander,10,native-country_Taiwan|workclass_State-gov|native-country_Missing|capital-gain|marital-status_Never-married|relationship_Not-in-family|relationship_Unmarried|education_11th|occupation_Machine-op-inspct|age,0.006563|0.004660|0.001097|0.000985|0.000473|0.000327|0.000177|0.000117|0.000076|0.000056,2,3dccdc0812dc,3.11.15,"{""numpy"": ""1.26.4"", ""pandas"": ""3.0.3"", ""scikit-learn"": ""1.9.0"", ""torch"": ""2.12.0""}"
adult,mlp,race,prune:0.9,Amer-Indian-Eskimo,10,age|fnlwgt|education-num|capital-gain|capital-loss|hours-per-week|education_10th|education_11th|education_12th|education_1st-4th,0.000000|0.000000|0.000000|0.000000|0.000000|0.000000|0.000000|0.000000|0.000000|0.000000,2,3dccdc0812dc,3.11.15,"{""numpy"": ""1.26.4"", ""pandas"": ""3.0.3"", ""scikit-learn"": ""1.9.0"", ""torch"": ""2.12.0""}"
adult,mlp,race,prune:0.9,Other,10,education_Some-college|age|fnlwgt|education-num|capital-gain|capital-loss|hours-per-week|education_10th|education_11th|education_12th,0.000500|0.000066|0.000000|0.000000|0.000000|0.000000|0.000000|0.000000|0.000000|0.000000,2,3dccdc0812dc,3.11.15,"{""numpy"": ""1.26.4"", ""pandas"": ""3.0.3"", ""scikit-learn"": ""1.9.0"", ""torch"": ""2.12.0""}"
adult,mlp,sex,none,Male,10,age|marital-status_Married-civ-spouse|capital-gain|marital-status_Never-married|education_HS-grad|relationship_Husband|hours-per-week|relationship_Not-in-family|marital-status_Divorced|occupation_Prof-specialty,0.072590|0.060911|0.052577|0.048686|0.048070|0.047179|0.043339|0.036843|0.035736|0.034792,3,1097ecc10ea7,3.11.15,"{""numpy"": ""1.26.4"", ""pandas"": ""3.0.3"", ""scikit-learn"": ""1.9.0"", ""torch"": ""2.12.0""}"
adult,mlp,sex,none,Female,10,age|marital-status_Married-civ-spouse|marital-status_Divorced|relationship_Wife|marital-status_Never-married|capital-gain|occupation_Prof-specialty|hours-per-week|relationship_Unmarried|education_HS-grad,0.047616|0.036920|0.035550|0.031476|0.030958|0.030451|0.025806|0.022194|0.022069|0.021911,3,1097ecc10ea7,3.11.15,"{""numpy"": ""1.26.4"", ""pandas"": ""3.0.3"", ""scikit-learn"": ""1.9.0"", ""torch"": ""2.12.0""}"
adult,mlp,sex,prune:0.3,Male,10,age|education_HS-grad|marital-status_Married-civ-spouse|marital-status_Never-married|relationship_Husband|occupation_Craft-repair|hours-per-week|relationship_Own-child|occupation_Prof-specialty|fnlwgt,0.104022|0.081241|0.066105|0.056965|0.054016|0.051177|0.049615|0.048927|0.045132|0.045044,3,562e5e92b696,3.11.15,"{""numpy"": ""1.26.4"", ""pandas"": ""3.0.3"", ""scikit-learn"": ""1.9.0"", ""torch"": ""2.12.0""}"
adult,mlp,sex,prune:0.3,Female,10,age|education_HS-grad|relationship_Unmarried|marital-status_Never-married|occupation_Adm-clerical|marital-status_Married-civ-spouse|occupation_Prof-specialty|marital-status_Divorced|relationship_Own-child|hours-per-week,0.114524|0.061457|0.051711|0.047800|0.046086|0.045407|0.044805|0.044723|0.040569|0.039838,3,562e5e92b696,3.11.15,"{""numpy"": ""1.26.4"", ""pandas"": ""3.0.3"", ""scikit-learn"": ""1.9.0"", ""torch"": ""2.12.0""}"
adult,mlp,sex,prune:0.5,Male,10,age|marital-status_Never-married|hours-per-week|marital-status_Married-civ-spouse|education_HS-grad|capital-gain|occupation_Prof-specialty|education_Some-college|relationship_Own-child|fnlwgt,0.097160|0.063178|0.059953|0.054508|0.050098|0.049504|0.044498|0.043895|0.043113|0.043085,3,d4c22726a16f,3.11.15,"{""numpy"": ""1.26.4"", ""pandas"": ""3.0.3"", ""scikit-learn"": ""1.9.0"", ""torch"": ""2.12.0""}"
adult,mlp,sex,prune:0.5,Female,10,age|relationship_Unmarried|marital-status_Never-married|marital-status_Divorced|relationship_Not-in-family|occupation_Other-service|marital-status_Married-civ-spouse|fnlwgt|hours-per-week|relationship_Own-child,0.090633|0.073303|0.070088|0.051781|0.049719|0.045360|0.044212|0.042561|0.042479|0.041464,3,d4c22726a16f,3.11.15,"{""numpy"": ""1.26.4"", ""pandas"": ""3.0.3"", ""scikit-learn"": ""1.9.0"", ""torch"": ""2.12.0""}"
adult,mlp,sex,prune:0.7,Male,10,age|marital-status_Never-married|marital-status_Married-civ-spouse|hours-per-week|fnlwgt|education_HS-grad|capital-gain|occupation_Machine-op-inspct|relationship_Own-child|marital-status_Divorced,0.063915|0.044837|0.044733|0.040323|0.038374|0.031680|0.028878|0.027890|0.023871|0.023745,3,e38573b5bb47,3.11.15,"{""numpy"": ""1.26.4"", ""pandas"": ""3.0.3"", ""scikit-learn"": ""1.9.0"", ""torch"": ""2.12.0""}"
adult,mlp,sex,prune:0.7,Female,10,age|marital-status_Never-married|marital-status_Married-civ-spouse|fnlwgt|relationship_Unmarried|marital-status_Divorced|relationship_Wife|hours-per-week|education_HS-grad|occupation_Prof-specialty,0.057153|0.034917|0.031471|0.029383|0.028684|0.028547|0.025496|0.023298|0.023049|0.022455,3,e38573b5bb47,3.11.15,"{""numpy"": ""1.26.4"", ""pandas"": ""3.0.3"", ""scikit-learn"": ""1.9.0"", ""torch"": ""2.12.0""}"
adult,mlp,sex,prune:0.9,Male,10,age|occupation_Exec-managerial|occupation_Prof-specialty|workclass_Private|education_5th-6th|occupation_Craft-repair|hours-per-week|relationship_Own-child|workclass_Self-emp-not-inc|education_Masters,0.015783|0.014606|0.013213|0.011717|0.009946|0.009742|0.009239|0.008991|0.007650|0.006510,3,64fbe1c5df7b,3.11.15,"{""numpy"": ""1.26.4"", ""pandas"": ""3.0.3"", ""scikit-learn"": ""1.9.0"", ""torch"": ""2.12.0""}"
adult,mlp,sex,prune:0.9,Female,10,age|occupation_Prof-specialty|occupation_Exec-managerial|workclass_Private|relationship_Own-child|hours-per-week|occupation_Craft-repair|education_5th-6th|workclass_Self-emp-not-inc|education_Masters,0.024009|0.019297|0.018985|0.017119|0.016327|0.015109|0.013176|0.012888|0.011156|0.009504,3,64fbe1c5df7b,3.11.15,"{""numpy"": ""1.26.4"", ""pandas"": ""3.0.3"", ""scikit-learn"": ""1.9.0"", ""torch"": ""2.12.0""}"
adult,mlp,race,none,White,10,age|marital-status_Married-civ-spouse|capital-gain|marital-status_Never-married|education_HS-grad|relationship_Husband|marital-status_Divorced|hours-per-week|relationship_Not-in-family|occupation_Prof-specialty,0.068755|0.055012|0.044874|0.044438|0.041344|0.038931|0.037728|0.037528|0.033120|0.032830,3,7ebb3494f9a4,3.11.15,"{""numpy"": ""1.26.4"", ""pandas"": ""3.0.3"", ""scikit-learn"": ""1.9.0"", ""torch"": ""2.12.0""}"
adult,mlp,race,none,Black,10,capital-gain|age|marital-status_Married-civ-spouse|marital-status_Never-married|education_HS-grad|fnlwgt|marital-status_Divorced|hours-per-week|workclass_Private|relationship_Not-in-family,0.042952|0.038149|0.035631|0.030027|0.024918|0.024721|0.023424|0.021514|0.021080|0.020268,3,7ebb3494f9a4,3.11.15,"{""numpy"": ""1.26.4"", ""pandas"": ""3.0.3"", ""scikit-learn"": ""1.9.0"", ""torch"": ""2.12.0""}"
adult,mlp,race,none,Amer-Indian-Eskimo,10,marital-status_Married-civ-spouse|occupation_Other-service|fnlwgt|marital-status_Divorced|marital-status_Separated|native-country_Mexico|age|capital-loss|relationship_Husband|education_HS-grad,0.049443|0.048617|0.045201|0.043993|0.040275|0.035020|0.032218|0.030753|0.030358|0.029729,3,7ebb3494f9a4,3.11.15,"{""numpy"": ""1.26.4"", ""pandas"": ""3.0.3"", ""scikit-learn"": ""1.9.0"", ""torch"": ""2.12.0""}"
adult,mlp,race,none,Asian-Pac-Islander,10,capital-gain|hours-per-week|native-country_United-States|occupation_Prof-specialty|native-country_India|marital-status_Married-civ-spouse|marital-status_Never-married|age|fnlwgt|workclass_Private,0.064869|0.056688|0.056429|0.055546|0.051068|0.044495|0.041518|0.037898|0.033718|0.032621,3,7ebb3494f9a4,3.11.15,"{""numpy"": ""1.26.4"", ""pandas"": ""3.0.3"", ""scikit-learn"": ""1.9.0"", ""torch"": ""2.12.0""}"
adult,mlp,race,none,Other,10,relationship_Wife|education_12th|marital-status_Married-civ-spouse|native-country_United-States|occupation_Missing|marital-status_Never-married|education_HS-grad|workclass_Missing|relationship_Not-in-family|capital-gain,0.087533|0.078231|0.071019|0.060291|0.050620|0.038301|0.037043|0.032954|0.029082|0.025897,3,7ebb3494f9a4,3.11.15,"{""numpy"": ""1.26.4"", ""pandas"": ""3.0.3"", ""scikit-learn"": ""1.9.0"", ""torch"": ""2.12.0""}"
adult,mlp,race,prune:0.3,White,10,age|education_HS-grad|marital-status_Married-civ-spouse|marital-status_Never-married|relationship_Husband|relationship_Own-child|hours-per-week|occupation_Prof-specialty|relationship_Not-in-family|workclass_Private,0.111813|0.077513|0.062574|0.054006|0.048864|0.048679|0.048425|0.047283|0.042936|0.042628,3,c513b0a0d76a,3.11.15,"{""numpy"": ""1.26.4"", ""pandas"": ""3.0.3"", ""scikit-learn"": ""1.9.0"", ""torch"": ""2.12.0""}"
adult,mlp,race,prune:0.3,Black,10,age|education_HS-grad|marital-status_Never-married|relationship_Unmarried|marital-status_Married-civ-spouse|capital-gain|occupation_Craft-repair|relationship_Own-child|fnlwgt|relationship_Not-in-family,0.090108|0.060662|0.052773|0.045588|0.039211|0.038967|0.036510|0.034039|0.033746|0.032821,3,c513b0a0d76a,3.11.15,"{""numpy"": ""1.26.4"", ""pandas"": ""3.0.3"", ""scikit-learn"": ""1.9.0"", ""torch"": ""2.12.0""}"
adult,mlp,race,prune:0.3,Amer-Indian-Eskimo,10,age|fnlwgt|education_HS-grad|occupation_Craft-repair|workclass_State-gov|marital-status_Never-married|workclass_Local-gov|education_Some-college|occupation_Exec-managerial|relationship_Husband,0.194957|0.145933|0.117370|0.116019|0.098502|0.072589|0.068835|0.065323|0.064918|0.060914,3,c513b0a0d76a,3.11.15,"{""numpy"": ""1.26.4"", ""pandas"": ""3.0.3"", ""scikit-learn"": ""1.9.0"", ""torch"": ""2.12.0""}"
adult,mlp,race,prune:0.3,Asian-Pac-Islander,10,native-country_United-States|hours-per-week|marital-status_Never-married|education_HS-grad|age|occupation_Tech-support|occupation_Prof-specialty|marital-status_Married-civ-spouse|native-country_South|native-country_Taiwan,0.061860|0.057390|0.041526|0.040657|0.039913|0.039340|0.037998|0.034972|0.034155|0.033745,3,c513b0a0d76a,3.11.15,"{""numpy"": ""1.26.4"", ""pandas"": ""3.0.3"", ""scikit-learn"": ""1.9.0"", ""torch"": ""2.12.0""}"
adult,mlp,race,prune:0.3,Other,10,marital-status_Never-married|age|native-country_Taiwan|relationship_Wife|occupation_Prof-specialty|relationship_Not-in-family|marital-status_Married-civ-spouse|native-country_Puerto-Rico|native-country_Missing|education_Some-college,0.092855|0.068188|0.067796|0.062054|0.061529|0.057456|0.048888|0.048255|0.042850|0.041200,3,c513b0a0d76a,3.11.15,"{""numpy"": ""1.26.4"", ""pandas"": ""3.0.3"", ""scikit-learn"": ""1.9.0"", ""torch"": ""2.12.0""}"
adult,mlp,race,prune:0.5,White,10,age|marital-status_Never-married|hours-per-week|marital-status_Married-civ-spouse|education_HS-grad|relationship_Not-in-family|relationship_Unmarried|marital-status_Divorced|capital-gain|occupation_Prof-specialty,0.096902|0.064829|0.057813|0.052216|0.046355|0.046023|0.045569|0.044334|0.044073|0.043905,3,6175d7235e4c,3.11.15,"{""numpy"": ""1.26.4"", ""pandas"": ""3.0.3"", ""scikit-learn"": ""1.9.0"", ""torch"": ""2.12.0""}"
adult,mlp,race,prune:0.5,Black,10,age|marital-status_Never-married|relationship_Unmarried|capital-gain|fnlwgt|marital-status_Married-civ-spouse|relationship_Other-relative|education_HS-grad|occupation_Other-service|relationship_Own-child,0.086279|0.070534|0.061681|0.050033|0.045163|0.041320|0.041056|0.041037|0.039370|0.039193,3,6175d7235e4c,3.11.15,"{""numpy"": ""1.26.4"", ""pandas"": ""3.0.3"", ""scikit-learn"": ""1.9.0"", ""torch"": ""2.12.0""}"
adult,mlp,race,prune:0.5,Amer-Indian-Eskimo,10,age|fnlwgt|marital-status_Never-married|occupation_Craft-repair|relationship_Unmarried|education_Some-college|education_HS-grad|marital-status_Divorced|workclass_Private|relationship_Not-in-family,0.195010|0.105439|0.103377|0.085440|0.082370|0.081322|0.072770|0.071361|0.066520|0.063855,3,6175d7235e4c,3.11.15,"{""numpy"": ""1.26.4"", ""pandas"": ""3.0.3"", ""scikit-learn"": ""1.9.0"", ""torch"": ""2.12.0""}"
adult,mlp,race,prune:0.5,Asian-Pac-Islander,10,occupation_Prof-specialty|marital-status_Never-married|capital-gain|age|marital-status_Married-civ-spouse|native-country_Philippines|native-country_China|hours-per-week|occupation_Other-service|fnlwgt,0.063296|0.062572|0.057103|0.055724|0.053326|0.052783|0.051424|0.050134|0.041482|0.037535,3,6175d7235e4c,3.11.15,"{""numpy"": ""1.26.4"", ""pandas"": ""3.0.3"", ""scikit-learn"": ""1.9.0"", ""torch"": ""2.12.0""}"
adult,mlp,race,prune:0.5,Other,10,native-country_Puerto-Rico|age|native-country_Missing|marital-status_Never-married|education_9th|occupation_Machine-op-inspct|relationship_Wife|relationship_Not-in-family|native-country_United-States|native-country_Mexico,0.094672|0.061518|0.057140|0.052274|0.048585|0.045094|0.035484|0.034957|0.031564|0.030276,3,6175d7235e4c,3.11.15,"{""numpy"": ""1.26.4"", ""pandas"": ""3.0.3"", ""scikit-learn"": ""1.9.0"", ""torch"": ""2.12.0""}"
adult,mlp,race,prune:0.7,White,10,age|marital-status_Never-married|marital-status_Married-civ-spouse|fnlwgt|hours-per-week|education_HS-grad|marital-status_Divorced|capital-gain|occupation_Prof-specialty|occupation_Machine-op-inspct,0.063927|0.042641|0.041904|0.036820|0.036630|0.030205|0.026774|0.026295|0.024055|0.023186,3,fc410eeaf06e,3.11.15,"{""numpy"": ""1.26.4"", ""pandas"": ""3.0.3"", ""scikit-learn"": ""1.9.0"", ""torch"": ""2.12.0""}"
adult,mlp,race,prune:0.7,Black,10,age|marital-status_Never-married|marital-status_Married-civ-spouse|capital-gain|fnlwgt|relationship_Unmarried|hours-per-week|education_HS-grad|marital-status_Divorced|occupation_Machine-op-inspct,0.043553|0.034762|0.032479|0.027130|0.025441|0.024537|0.023386|0.021894|0.020240|0.018963,3,fc410eeaf06e,3.11.15,"{""numpy"": ""1.26.4"", ""pandas"": ""3.0.3"", ""scikit-learn"": ""1.9.0"", ""torch"": ""2.12.0""}"
adult,mlp,race,prune:0.7,Amer-Indian-Eskimo,10,occupation_Other-service|age|fnlwgt|education_Assoc-voc|occupation_Handlers-cleaners|marital-status_Never-married|capital-loss|relationship_Own-child|marital-status_Divorced|marital-status_Married-civ-spouse,0.066148|0.040876|0.032618|0.025932|0.025836|0.024389|0.023251|0.023222|0.021726|0.015339,3,fc410eeaf06e,3.11.15,"{""numpy"": ""1.26.4"", ""pandas"": ""3.0.3"", ""scikit-learn"": ""1.9.0"", ""torch"": ""2.12.0""}"
adult,mlp,race,prune:0.7,Asian-Pac-Islander,10,age|native-country_China|marital-status_Never-married|native-country_Philippines|marital-status_Married-civ-spouse|hours-per-week|native-country_Missing|occupation_Prof-specialty|capital-gain|relationship_Own-child,0.062361|0.042364|0.038437|0.035207|0.029514|0.026325|0.023890|0.023227|0.021142|0.019583,3,fc410eeaf06e,3.11.15,"{""numpy"": ""1.26.4"", ""pandas"": ""3.0.3"", ""scikit-learn"": ""1.9.0"", ""torch"": ""2.12.0""}"
adult,mlp,race,prune:0.7,Other,10,fnlwgt|age|relationship_Wife|workclass_Missing|marital-status_Never-married|native-country_Puerto-Rico|capital-gain|marital-status_Married-civ-spouse|occupation_Exec-managerial|native-country_India,0.086455|0.058705|0.026440|0.026291|0.026287|0.024023|0.022872|0.022476|0.021085|0.020726,3,fc410eeaf06e,3.11.15,"{""numpy"": ""1.26.4"", ""pandas"": ""3.0.3"", ""scikit-learn"": ""1.9.0"", ""torch"": ""2.12.0""}"
adult,mlp,race,prune:0.9,White,10,age|occupation_Exec-managerial|occupation_Prof-specialty|workclass_Private|relationship_Own-child|hours-per-week|occupation_Craft-repair|education_5th-6th|workclass_Self-emp-not-inc|education_Masters,0.018386|0.015411|0.014177|0.013131|0.011573|0.011395|0.010684|0.010247|0.008577|0.007421,3,554ca724ace0,3.11.15,"{""numpy"": ""1.26.4"", ""pandas"": ""3.0.3"", ""scikit-learn"": ""1.9.0"", ""torch"": ""2.12.0""}"
adult,mlp,race,prune:0.9,Black,10,occupation_Prof-specialty|age|occupation_Exec-managerial|workclass_Private|occupation_Craft-repair|education_5th-6th|hours-per-week|workclass_Self-emp-not-inc|occupation_Transport-moving|fnlwgt,0.023747|0.022767|0.021985|0.018051|0.013875|0.013722|0.011781|0.011679|0.011502|0.011474,3,554ca724ace0,3.11.15,"{""numpy"": ""1.26.4"", ""pandas"": ""3.0.3"", ""scikit-learn"": ""1.9.0"", ""torch"": ""2.12.0""}"
adult,mlp,race,prune:0.9,Amer-Indian-Eskimo,10,occupation_Exec-managerial|relationship_Wife|hours-per-week|relationship_Own-child|occupation_Prof-specialty|workclass_Private|occupation_Craft-repair|age|workclass_Self-emp-not-inc|occupation_Transport-moving,0.020160|0.020011|0.017666|0.013851|0.011782|0.010118|0.010043|0.007751|0.007052|0.006110,3,554ca724ace0,3.11.15,"{""numpy"": ""1.26.4"", ""pandas"": ""3.0.3"", ""scikit-learn"": ""1.9.0"", ""torch"": ""2.12.0""}"
adult,mlp,race,prune:0.9,Asian-Pac-Islander,10,education_5th-6th|occupation_Prof-specialty|age|occupation_Exec-managerial|relationship_Own-child|workclass_Private|occupation_Craft-repair|fnlwgt|workclass_Self-emp-not-inc|workclass_Local-gov,0.023531|0.019261|0.014917|0.014358|0.014260|0.013223|0.009374|0.009009|0.008507|0.008148,3,554ca724ace0,3.11.15,"{""numpy"": ""1.26.4"", ""pandas"": ""3.0.3"", ""scikit-learn"": ""1.9.0"", ""torch"": ""2.12.0""}"
adult,mlp,race,prune:0.9,Other,10,occupation_Exec-managerial|education_7th-8th|occupation_Prof-specialty|age|workclass_Private|education_5th-6th|occupation_Transport-moving|workclass_Self-emp-not-inc|occupation_Craft-repair|capital-gain,0.017876|0.013948|0.011574|0.007733|0.003674|0.003012|0.002873|0.002666|0.002544|0.002396,3,554ca724ace0,3.11.15,"{""numpy"": ""1.26.4"", ""pandas"": ""3.0.3"", ""scikit-learn"": ""1.9.0"", ""torch"": ""2.12.0""}"
adult,mlp,sex,none,Male,10,age|capital-gain|marital-status_Married-civ-spouse|relationship_Husband|education_HS-grad|hours-per-week|marital-status_Never-married|occupation_Exec-managerial|education_Some-college|fnlwgt,0.074504|0.056460|0.050036|0.045068|0.044213|0.042825|0.034995|0.033877|0.033860|0.031922,4,be6f6fe00913,3.11.15,"{""numpy"": ""1.26.4"", ""pandas"": ""3.0.3"", ""scikit-learn"": ""1.9.0"", ""torch"": ""2.12.0""}"
adult,mlp,sex,none,Female,10,age|marital-status_Married-civ-spouse|relationship_Wife|marital-status_Divorced|capital-gain|marital-status_Never-married|occupation_Prof-specialty|hours-per-week|relationship_Not-in-family|occupation_Adm-clerical,0.039648|0.029853|0.027448|0.024367|0.023914|0.023245|0.017374|0.016630|0.016553|0.016175,4,be6f6fe00913,3.11.15,"{""numpy"": ""1.26.4"", ""pandas"": ""3.0.3"", ""scikit-learn"": ""1.9.0"", ""torch"": ""2.12.0""}"
adult,mlp,sex,prune:0.3,Male,10,age|capital-gain|hours-per-week|marital-status_Married-civ-spouse|education_HS-grad|marital-status_Never-married|relationship_Husband|education_Some-college|occupation_Exec-managerial|occupation_Adm-clerical,0.057793|0.056603|0.045328|0.035726|0.032597|0.031142|0.030725|0.029184|0.025858|0.024487,4,f5d15b95a0a2,3.11.15,"{""numpy"": ""1.26.4"", ""pandas"": ""3.0.3"", ""scikit-learn"": ""1.9.0"", ""torch"": ""2.12.0""}"
adult,mlp,sex,prune:0.3,Female,10,age|marital-status_Married-civ-spouse|relationship_Wife|hours-per-week|marital-status_Never-married|capital-gain|occupation_Prof-specialty|marital-status_Divorced|occupation_Adm-clerical|education_Some-college,0.034342|0.028376|0.027905|0.022590|0.021972|0.021792|0.020307|0.019033|0.018936|0.017326,4,f5d15b95a0a2,3.11.15,"{""numpy"": ""1.26.4"", ""pandas"": ""3.0.3"", ""scikit-learn"": ""1.9.0"", ""torch"": ""2.12.0""}"
adult,mlp,sex,prune:0.5,Male,10,age|capital-gain|relationship_Husband|marital-status_Married-civ-spouse|hours-per-week|occupation_Exec-managerial|occupation_Prof-specialty|education_HS-grad|workclass_Private|education_Bachelors,0.059534|0.043518|0.031147|0.029464|0.025501|0.024530|0.023522|0.023142|0.022486|0.021089,4,08c76e8bd3a3,3.11.15,"{""numpy"": ""1.26.4"", ""pandas"": ""3.0.3"", ""scikit-learn"": ""1.9.0"", ""torch"": ""2.12.0""}"
adult,mlp,sex,prune:0.5,Female,10,age|marital-status_Divorced|relationship_Wife|marital-status_Married-civ-spouse|marital-status_Never-married|relationship_Husband|occupation_Prof-specialty|relationship_Not-in-family|capital-gain|occupation_Exec-managerial,0.013345|0.012224|0.009180|0.008797|0.008087|0.007034|0.006567|0.006127|0.005519|0.005489,4,08c76e8bd3a3,3.11.15,"{""numpy"": ""1.26.4"", ""pandas"": ""3.0.3"", ""scikit-learn"": ""1.9.0"", ""torch"": ""2.12.0""}"
adult,mlp,sex,prune:0.7,Male,10,age|marital-status_Married-civ-spouse|capital-gain|marital-status_Never-married|hours-per-week|marital-status_Divorced|workclass_Private|occupation_Exec-managerial|education_HS-grad|fnlwgt,0.074564|0.063272|0.056481|0.053219|0.045175|0.037295|0.035285|0.034634|0.034498|0.034344,4,c25b4bbcd476,3.11.15,"{""numpy"": ""1.26.4"", ""pandas"": ""3.0.3"", ""scikit-learn"": ""1.9.0"", ""torch"": ""2.12.0""}"
adult,mlp,sex,prune:0.7,Female,10,age|marital-status_Married-civ-spouse|marital-status_Divorced|marital-status_Never-married|hours-per-week|occupation_Prof-specialty|capital-gain|occupation_Adm-clerical|fnlwgt|relationship_Not-in-family,0.085523|0.071176|0.067184|0.067057|0.043237|0.040037|0.038268|0.037178|0.034910|0.034870,4,c25b4bbcd476,3.11.15,"{""numpy"": ""1.26.4"", ""pandas"": ""3.0.3"", ""scikit-learn"": ""1.9.0"", ""torch"": ""2.12.0""}"
adult,mlp,sex,prune:0.9,Male,10,age|hours-per-week|capital-gain|relationship_Husband|occupation_Handlers-cleaners|education_Masters|marital-status_Married-spouse-absent|relationship_Other-relative|marital-status_Never-married|education_Some-college,0.064039|0.061117|0.035645|0.023355|0.019202|0.016984|0.016201|0.015698|0.015640|0.015595,4,a1cf4df7e64e,3.11.15,"{""numpy"": ""1.26.4"", ""pandas"": ""3.0.3"", ""scikit-learn"": ""1.9.0"", ""torch"": ""2.12.0""}"
adult,mlp,sex,prune:0.9,Female,10,age|hours-per-week|relationship_Unmarried|education_Some-college|marital-status_Never-married|marital-status_Divorced|occupation_Other-service|occupation_Prof-specialty|capital-gain|marital-status_Married-spouse-absent,0.042553|0.041040|0.030810|0.021189|0.017986|0.017333|0.015609|0.015604|0.015598|0.013938,4,a1cf4df7e64e,3.11.15,"{""numpy"": ""1.26.4"", ""pandas"": ""3.0.3"", ""scikit-learn"": ""1.9.0"", ""torch"": ""2.12.0""}"
adult,mlp,race,none,Asian-Pac-Islander,10,age|native-country_United-States|occupation_Prof-specialty|native-country_Philippines|marital-status_Married-civ-spouse|hours-per-week|relationship_Wife|native-country_China|native-country_South|education_HS-grad,0.069728|0.048062|0.045292|0.042806|0.042566|0.040289|0.039741|0.039738|0.039049|0.034969,4,cd04d838b42f,3.11.15,"{""numpy"": ""1.26.4"", ""pandas"": ""3.0.3"", ""scikit-learn"": ""1.9.0"", ""torch"": ""2.12.0""}"
adult,mlp,race,none,White,10,age|capital-gain|marital-status_Married-civ-spouse|relationship_Husband|education_HS-grad|hours-per-week|marital-status_Never-married|relationship_Not-in-family|education_Some-college|occupation_Exec-managerial,0.065625|0.048364|0.045138|0.037193|0.036737|0.036262|0.032805|0.028449|0.028247|0.028191,4,cd04d838b42f,3.11.15,"{""numpy"": ""1.26.4"", ""pandas"": ""3.0.3"", ""scikit-learn"": ""1.9.0"", ""torch"": ""2.12.0""}"
adult,mlp,race,none,Black,10,age|capital-gain|marital-status_Married-civ-spouse|education_Some-college|marital-status_Never-married|marital-status_Divorced|occupation_Prof-specialty|relationship_Husband|education_HS-grad|hours-per-week,0.039836|0.033541|0.031113|0.019675|0.017945|0.016462|0.016196|0.016186|0.016136|0.016085,4,cd04d838b42f,3.11.15,"{""numpy"": ""1.26.4"", ""pandas"": ""3.0.3"", ""scikit-learn"": ""1.9.0"", ""torch"": ""2.12.0""}"
adult,mlp,race,none,Other,10,education_7th-8th|hours-per-week|native-country_Mexico|workclass_Local-gov|age|marital-status_Never-married|marital-status_Married-civ-spouse|education_Some-college|occupation_Prof-specialty|relationship_Husband,0.095865|0.053406|0.030278|0.029363|0.022046|0.021579|0.010430|0.010276|0.009020|0.008522,4,cd04d838b42f,3.11.15,"{""numpy"": ""1.26.4"", ""pandas"": ""3.0.3"", ""scikit-learn"": ""1.9.0"", ""torch"": ""2.12.0""}"
adult,mlp,race,none,Amer-Indian-Eskimo,10,age|education_Some-college|education_HS-grad|occupation_Other-service|capital-loss|education_10th|fnlwgt|relationship_Husband|marital-status_Never-married|marital-status_Married-civ-spouse,0.076278|0.072482|0.071071|0.054797|0.054105|0.050247|0.043025|0.038983|0.034116|0.032807,4,cd04d838b42f,3.11.15,"{""numpy"": ""1.26.4"", ""pandas"": ""3.0.3"", ""scikit-learn"": ""1.9.0"", ""torch"": ""2.12.0""}"
adult,mlp,race,prune:0.3,Asian-Pac-Islander,10,age|native-country_Philippines|native-country_China|hours-per-week|native-country_United-States|occupation_Prof-specialty|native-country_South|workclass_Self-emp-not-inc|marital-status_Married-civ-spouse|education-num,0.067474|0.048822|0.044545|0.039125|0.035759|0.034891|0.030830|0.029502|0.028933|0.026194,4,e0607b4eb98d,3.11.15,"{""numpy"": ""1.26.4"", ""pandas"": ""3.0.3"", ""scikit-learn"": ""1.9.0"", ""torch"": ""2.12.0""}"
adult,mlp,race,prune:0.3,White,10,age|capital-gain|hours-per-week|marital-status_Married-civ-spouse|marital-status_Never-married|education_HS-grad|education_Some-college|relationship_Husband|occupation_Adm-clerical|occupation_Prof-specialty,0.050390|0.047146|0.040124|0.033793|0.028411|0.028166|0.025759|0.025107|0.023522|0.023409,4,e0607b4eb98d,3.11.15,"{""numpy"": ""1.26.4"", ""pandas"": ""3.0.3"", ""scikit-learn"": ""1.9.0"", ""torch"": ""2.12.0""}"
adult,mlp,race,prune:0.3,Black,10,capital-gain|age|marital-status_Married-civ-spouse|marital-status_Never-married|education_Some-college|hours-per-week|occupation_Adm-clerical|education_HS-grad|occupation_Exec-managerial|relationship_Husband,0.040263|0.039836|0.030433|0.025028|0.020697|0.019731|0.018132|0.017571|0.016779|0.016191,4,e0607b4eb98d,3.11.15,"{""numpy"": ""1.26.4"", ""pandas"": ""3.0.3"", ""scikit-learn"": ""1.9.0"", ""torch"": ""2.12.0""}"
adult,mlp,race,prune:0.3,Other,10,workclass_Missing|age|occupation_Missing|marital-status_Never-married|hours-per-week|education_7th-8th|fnlwgt|marital-status_Married-civ-spouse|occupation_Prof-specialty|workclass_Private,0.114471|0.088507|0.074642|0.063319|0.051807|0.050397|0.046494|0.037829|0.027606|0.023825,4,e0607b4eb98d,3.11.15,"{""numpy"": ""1.26.4"", ""pandas"": ""3.0.3"", ""scikit-learn"": ""1.9.0"", ""torch"": ""2.12.0""}"
adult,mlp,race,prune:0.3,Amer-Indian-Eskimo,10,age|education_HS-grad|education_Some-college|occupation_Protective-serv|fnlwgt|occupation_Other-service|workclass_State-gov|marital-status_Married-civ-spouse|marital-status_Never-married|workclass_Local-gov,0.065726|0.061674|0.053363|0.042500|0.038980|0.037356|0.036016|0.035699|0.034365|0.028216,4,e0607b4eb98d,3.11.15,"{""numpy"": ""1.26.4"", ""pandas"": ""3.0.3"", ""scikit-learn"": ""1.9.0"", ""torch"": ""2.12.0""}"
adult,mlp,race,prune:0.5,Asian-Pac-Islander,10,age|native-country_China|hours-per-week|native-country_Philippines|occupation_Prof-specialty|marital-status_Married-civ-spouse|marital-status_Never-married|native-country_United-States|native-country_South|education_Masters,0.064416|0.039861|0.035629|0.031101|0.023230|0.019288|0.019182|0.016574|0.016298|0.015887,4,cc98f1d2d2da,3.11.15,"{""numpy"": ""1.26.4"", ""pandas"": ""3.0.3"", ""scikit-learn"": ""1.9.0"", ""torch"": ""2.12.0""}"
adult,mlp,race,prune:0.5,White,10,age|capital-gain|relationship_Husband|marital-status_Married-civ-spouse|hours-per-week|occupation_Exec-managerial|occupation_Prof-specialty|education_HS-grad|marital-status_Divorced|workclass_Private,0.046206|0.033731|0.024885|0.023401|0.019344|0.019109|0.018364|0.018254|0.017949|0.017549,4,cc98f1d2d2da,3.11.15,"{""numpy"": ""1.26.4"", ""pandas"": ""3.0.3"", ""scikit-learn"": ""1.9.0"", ""torch"": ""2.12.0""}"
adult,mlp,race,prune:0.5,Black,10,age|marital-status_Married-civ-spouse|capital-gain|marital-status_Divorced|relationship_Husband|occupation_Prof-specialty|occupation_Exec-managerial|marital-status_Never-married|workclass_Private|workclass_Local-gov,0.023308|0.018722|0.017987|0.016379|0.014023|0.013649|0.013547|0.012790|0.012217|0.010790,4,cc98f1d2d2da,3.11.15,"{""numpy"": ""1.26.4"", ""pandas"": ""3.0.3"", ""scikit-learn"": ""1.9.0"", ""torch"": ""2.12.0""}"
adult,mlp,race,prune:0.5,Other,10,native-country_Mexico|education_7th-8th|fnlwgt|workclass_Local-gov|age|relationship_Husband|hours-per-week|education_HS-grad|education-num|occupation_Other-service,0.079333|0.033424|0.025806|0.007836|0.004027|0.001847|0.001684|0.000985|0.000842|0.000572,4,cc98f1d2d2da,3.11.15,"{""numpy"": ""1.26.4"", ""pandas"": ""3.0.3"", ""scikit-learn"": ""1.9.0"", ""torch"": ""2.12.0""}"
adult,mlp,race,prune:0.5,Amer-Indian-Eskimo,10,age|fnlwgt|occupation_Other-service|education_Some-college|marital-status_Married-civ-spouse|occupation_Exec-managerial|education_HS-grad|workclass_State-gov|occupation_Prof-specialty|relationship_Husband,0.058675|0.043844|0.025892|0.025788|0.024619|0.023148|0.022370|0.020758|0.019197|0.018052,4,cc98f1d2d2da,3.11.15,"{""numpy"": ""1.26.4"", ""pandas"": ""3.0.3"", ""scikit-learn"": ""1.9.0"", ""torch"": ""2.12.0""}"
adult,mlp,race,prune:0.7,Asian-Pac-Islander,10,marital-status_Married-civ-spouse|age|marital-status_Never-married|native-country_Philippines|hours-per-week|fnlwgt|native-country_United-States|native-country_China|marital-status_Divorced|occupation_Other-service,0.078458|0.075582|0.053212|0.046917|0.045405|0.040913|0.040622|0.039595|0.037619|0.036969,4,778894d986ce,3.11.15,"{""numpy"": ""1.26.4"", ""pandas"": ""3.0.3"", ""scikit-learn"": ""1.9.0"", ""torch"": ""2.12.0""}"
adult,mlp,race,prune:0.7,White,10,age|marital-status_Married-civ-spouse|marital-status_Never-married|capital-gain|hours-per-week|marital-status_Divorced|workclass_Private|occupation_Prof-specialty|occupation_Exec-managerial|fnlwgt,0.080359|0.065115|0.057565|0.052862|0.046496|0.046338|0.035604|0.035045|0.033512|0.033407,4,778894d986ce,3.11.15,"{""numpy"": ""1.26.4"", ""pandas"": ""3.0.3"", ""scikit-learn"": ""1.9.0"", ""torch"": ""2.12.0""}"
adult,mlp,race,prune:0.7,Black,10,marital-status_Married-civ-spouse|age|marital-status_Never-married|marital-status_Divorced|occupation_Machine-op-inspct|capital-gain|occupation_Adm-clerical|fnlwgt|occupation_Prof-specialty|education_Some-college,0.065025|0.063444|0.059057|0.049181|0.041410|0.037595|0.037374|0.036191|0.035966|0.032276,4,778894d986ce,3.11.15,"{""numpy"": ""1.26.4"", ""pandas"": ""3.0.3"", ""scikit-learn"": ""1.9.0"", ""torch"": ""2.12.0""}"
adult,mlp,race,prune:0.7,Other,10,marital-status_Divorced|fnlwgt|native-country_Mexico|education_7th-8th|relationship_Husband|relationship_Other-relative|relationship_Not-in-family|education_Assoc-acdm|marital-status_Never-married|education_HS-grad,0.119237|0.106863|0.067552|0.059642|0.054704|0.054160|0.053592|0.049760|0.047279|0.042698,4,778894d986ce,3.11.15,"{""numpy"": ""1.26.4"", ""pandas"": ""3.0.3"", ""scikit-learn"": ""1.9.0"", ""torch"": ""2.12.0""}"
adult,mlp,race,prune:0.7,Amer-Indian-Eskimo,10,marital-status_Married-civ-spouse|marital-status_Divorced|marital-status_Never-married|fnlwgt|capital-gain|education_HS-grad|workclass_Private|age|occupation_Exec-managerial|occupation_Transport-moving,0.121989|0.104401|0.082802|0.079670|0.057617|0.056478|0.052947|0.045833|0.043450|0.043193,4,778894d986ce,3.11.15,"{""numpy"": ""1.26.4"", ""pandas"": ""3.0.3"", ""scikit-learn"": ""1.9.0"", ""torch"": ""2.12.0""}"
adult,mlp,race,prune:0.9,Asian-Pac-Islander,10,age|hours-per-week|relationship_Husband|relationship_Other-relative|native-country_Philippines|occupation_Handlers-cleaners|occupation_Machine-op-inspct|occupation_Prof-specialty|capital-gain|marital-status_Married-spouse-absent,0.074751|0.032844|0.028233|0.021594|0.021224|0.019538|0.019290|0.019135|0.018135|0.016688,4,3ccaa8eefbf6,3.11.15,"{""numpy"": ""1.26.4"", ""pandas"": ""3.0.3"", ""scikit-learn"": ""1.9.0"", ""torch"": ""2.12.0""}"
adult,mlp,race,prune:0.9,White,10,hours-per-week|age|capital-gain|relationship_Husband|education_Some-college|marital-status_Never-married|marital-status_Divorced|relationship_Unmarried|occupation_Handlers-cleaners|marital-status_Married-spouse-absent,0.057993|0.057901|0.028672|0.020182|0.017562|0.016288|0.015735|0.015726|0.015332|0.015156,4,3ccaa8eefbf6,3.11.15,"{""numpy"": ""1.26.4"", ""pandas"": ""3.0.3"", ""scikit-learn"": ""1.9.0"", ""torch"": ""2.12.0""}"
adult,mlp,race,prune:0.9,Black,10,age|capital-gain|hours-per-week|relationship_Unmarried|education_9th|occupation_Handlers-cleaners|marital-status_Never-married|education_Masters|marital-status_Married-spouse-absent|relationship_Other-relative,0.046695|0.036648|0.035326|0.035138|0.021424|0.021289|0.020794|0.018620|0.017961|0.017798,4,3ccaa8eefbf6,3.11.15,"{""numpy"": ""1.26.4"", ""pandas"": ""3.0.3"", ""scikit-learn"": ""1.9.0"", ""torch"": ""2.12.0""}"
adult,mlp,race,prune:0.9,Other,10,education_7th-8th|age|relationship_Other-relative|fnlwgt|native-country_Mexico|relationship_Husband|capital-gain|education_Assoc-acdm|occupation_Sales|occupation_Machine-op-inspct,0.059474|0.058329|0.057373|0.053161|0.051806|0.034079|0.032071|0.030700|0.028990|0.020664,4,3ccaa8eefbf6,3.11.15,"{""numpy"": ""1.26.4"", ""pandas"": ""3.0.3"", ""scikit-learn"": ""1.9.0"", ""torch"": ""2.12.0""}"
adult,mlp,race,prune:0.9,Amer-Indian-Eskimo,10,occupation_Other-service|occupation_Handlers-cleaners|hours-per-week|relationship_Unmarried|capital-gain|marital-status_Divorced|occupation_Prof-specialty|relationship_Husband|fnlwgt|marital-status_Never-married,0.058885|0.037248|0.032836|0.032194|0.028164|0.028156|0.025094|0.024700|0.023372|0.021617,4,3ccaa8eefbf6,3.11.15,"{""numpy"": ""1.26.4"", ""pandas"": ""3.0.3"", ""scikit-learn"": ""1.9.0"", ""torch"": ""2.12.0""}"
adult,mlp,sex,none,Male,10,marital-status_Married-civ-spouse|age|capital-gain|education_HS-grad|relationship_Husband|hours-per-week|marital-status_Never-married|fnlwgt|workclass_Private|occupation_Prof-specialty,0.072477|0.070823|0.053220|0.051986|0.044992|0.043376|0.043245|0.039419|0.038026|0.036360,5,b27c9bb0bf58,3.11.15,"{""numpy"": ""1.26.4"", ""pandas"": ""3.0.3"", ""scikit-learn"": ""1.9.0"", ""torch"": ""2.12.0""}"
adult,mlp,sex,none,Female,10,marital-status_Married-civ-spouse|age|capital-gain|relationship_Wife|marital-status_Divorced|marital-status_Never-married|education_HS-grad|relationship_Not-in-family|relationship_Husband|relationship_Unmarried,0.043091|0.033329|0.026947|0.026431|0.025171|0.022835|0.022763|0.020668|0.019099|0.017623,5,b27c9bb0bf58,3.11.15,"{""numpy"": ""1.26.4"", ""pandas"": ""3.0.3"", ""scikit-learn"": ""1.9.0"", ""torch"": ""2.12.0""}"
adult,mlp,sex,prune:0.3,Male,10,age|marital-status_Married-civ-spouse|marital-status_Never-married|education_HS-grad|education_Some-college|relationship_Not-in-family|relationship_Husband|fnlwgt|hours-per-week|capital-gain,0.110371|0.086485|0.066224|0.063758|0.058585|0.055933|0.052880|0.052727|0.052012|0.050488,5,2f641c649dd4,3.11.15,"{""numpy"": ""1.26.4"", ""pandas"": ""3.0.3"", ""scikit-learn"": ""1.9.0"", ""torch"": ""2.12.0""}"
adult,mlp,sex,prune:0.3,Female,10,age|marital-status_Married-civ-spouse|marital-status_Never-married|relationship_Not-in-family|education_HS-grad|education_Some-college|relationship_Own-child|fnlwgt|occupation_Adm-clerical|marital-status_Divorced,0.115072|0.106151|0.078623|0.067678|0.062038|0.060801|0.060453|0.057252|0.056121|0.055266,5,2f641c649dd4,3.11.15,"{""numpy"": ""1.26.4"", ""pandas"": ""3.0.3"", ""scikit-learn"": ""1.9.0"", ""torch"": ""2.12.0""}"
adult,mlp,sex,prune:0.5,Male,10,age|marital-status_Married-civ-spouse|marital-status_Never-married|education_HS-grad|capital-gain|hours-per-week|education_Some-college|relationship_Husband|fnlwgt|occupation_Craft-repair,0.077425|0.062291|0.061337|0.058099|0.056649|0.052843|0.048185|0.048158|0.045677|0.045494,5,1fb8eda01d03,3.11.15,"{""numpy"": ""1.26.4"", ""pandas"": ""3.0.3"", ""scikit-learn"": ""1.9.0"", ""torch"": ""2.12.0""}"
adult,mlp,sex,prune:0.5,Female,10,age|marital-status_Never-married|marital-status_Married-civ-spouse|occupation_Missing|marital-status_Divorced|education_Some-college|workclass_Missing|relationship_Not-in-family|capital-gain|relationship_Husband,0.051283|0.042678|0.040377|0.029475|0.027442|0.027165|0.026097|0.025877|0.025224|0.025101,5,1fb8eda01d03,3.11.15,"{""numpy"": ""1.26.4"", ""pandas"": ""3.0.3"", ""scikit-learn"": ""1.9.0"", ""torch"": ""2.12.0""}"
adult,mlp,sex,prune:0.7,Male,10,age|hours-per-week|education_HS-grad|capital-gain|fnlwgt|relationship_Own-child|relationship_Husband|marital-status_Married-civ-spouse|occupation_Prof-specialty|education_Some-college,0.058580|0.045659|0.037561|0.033014|0.029171|0.027684|0.027155|0.026969|0.025372|0.024974,5,4364df20bed9,3.11.15,"{""numpy"": ""1.26.4"", ""pandas"": ""3.0.3"", ""scikit-learn"": ""1.9.0"", ""torch"": ""2.12.0""}"
adult,mlp,sex,prune:0.7,Female,10,age|marital-status_Married-civ-spouse|relationship_Unmarried|relationship_Not-in-family|education_HS-grad|marital-status_Never-married|relationship_Husband|fnlwgt|hours-per-week|relationship_Own-child,0.044246|0.029312|0.028418|0.027206|0.025728|0.024516|0.023288|0.021669|0.021102|0.020765,5,4364df20bed9,3.11.15,"{""numpy"": ""1.26.4"", ""pandas"": ""3.0.3"", ""scikit-learn"": ""1.9.0"", ""torch"": ""2.12.0""}"
adult,mlp,sex,prune:0.9,Male,10,age|occupation_Handlers-cleaners|education_7th-8th|fnlwgt|education_HS-grad|marital-status_Married-civ-spouse|marital-status_Divorced|capital-gain|relationship_Own-child|occupation_Other-service,0.006868|0.004162|0.002882|0.002591|0.002132|0.001929|0.001489|0.001215|0.001194|0.001194,5,8413a38a864e,3.11.15,"{""numpy"": ""1.26.4"", ""pandas"": ""3.0.3"", ""scikit-learn"": ""1.9.0"", ""torch"": ""2.12.0""}"
adult,mlp,sex,prune:0.9,Female,10,age|education_11th|education_HS-grad|education_7th-8th|occupation_Other-service|fnlwgt|marital-status_Married-civ-spouse|occupation_Handlers-cleaners|marital-status_Separated|education_Bachelors,0.003999|0.000950|0.000894|0.000740|0.000583|0.000536|0.000504|0.000431|0.000426|0.000413,5,8413a38a864e,3.11.15,"{""numpy"": ""1.26.4"", ""pandas"": ""3.0.3"", ""scikit-learn"": ""1.9.0"", ""torch"": ""2.12.0""}"
adult,mlp,race,none,White,10,marital-status_Married-civ-spouse|age|capital-gain|education_HS-grad|relationship_Husband|marital-status_Never-married|hours-per-week|fnlwgt|workclass_Private|education_Some-college,0.065857|0.060459|0.047296|0.044118|0.038320|0.038108|0.036128|0.033361|0.032352|0.031747,5,eabc5e3c6766,3.11.15,"{""numpy"": ""1.26.4"", ""pandas"": ""3.0.3"", ""scikit-learn"": ""1.9.0"", ""torch"": ""2.12.0""}"
adult,mlp,race,none,Asian-Pac-Islander,10,age|marital-status_Married-civ-spouse|native-country_Philippines|occupation_Prof-specialty|relationship_Husband|education_HS-grad|native-country_Vietnam|education_Masters|native-country_United-States|hours-per-week,0.058033|0.050917|0.045146|0.042243|0.041767|0.038419|0.037709|0.037009|0.035194|0.032785,5,eabc5e3c6766,3.11.15,"{""numpy"": ""1.26.4"", ""pandas"": ""3.0.3"", ""scikit-learn"": ""1.9.0"", ""torch"": ""2.12.0""}"
adult,mlp,race,none,Black,10,marital-status_Married-civ-spouse|age|education_HS-grad|capital-gain|marital-status_Never-married|occupation_Prof-specialty|fnlwgt|marital-status_Divorced|hours-per-week|relationship_Unmarried,0.040981|0.038167|0.030338|0.029600|0.024900|0.024789|0.020340|0.019990|0.019975|0.019541,5,eabc5e3c6766,3.11.15,"{""numpy"": ""1.26.4"", ""pandas"": ""3.0.3"", ""scikit-learn"": ""1.9.0"", ""torch"": ""2.12.0""}"
adult,mlp,race,none,Amer-Indian-Eskimo,10,age|fnlwgt|occupation_Exec-managerial|education_10th|marital-status_Married-civ-spouse|workclass_Federal-gov|relationship_Wife|hours-per-week|education_Some-college|relationship_Husband,0.069086|0.056387|0.051548|0.047309|0.045839|0.043911|0.037573|0.029549|0.029191|0.028955,5,eabc5e3c6766,3.11.15,"{""numpy"": ""1.26.4"", ""pandas"": ""3.0.3"", ""scikit-learn"": ""1.9.0"", ""torch"": ""2.12.0""}"
adult,mlp,race,none,Other,10,native-country_Japan|age|workclass_Private|occupation_Prof-specialty|occupation_Machine-op-inspct|marital-status_Married-civ-spouse|marital-status_Never-married|native-country_United-States|capital-gain|hours-per-week,0.100293|0.086400|0.085451|0.084762|0.081851|0.062388|0.058735|0.057681|0.057091|0.052431,5,eabc5e3c6766,3.11.15,"{""numpy"": ""1.26.4"", ""pandas"": ""3.0.3"", ""scikit-learn"": ""1.9.0"", ""torch"": ""2.12.0""}"
adult,mlp,race,prune:0.3,White,10,age|marital-status_Married-civ-spouse|marital-status_Never-married|education_HS-grad|relationship_Not-in-family|education_Some-college|fnlwgt|relationship_Husband|relationship_Own-child|hours-per-week,0.115960|0.093422|0.071829|0.065229|0.062291|0.060224|0.054907|0.052487|0.051385|0.051371,5,9dba2373ddb1,3.11.15,"{""numpy"": ""1.26.4"", ""pandas"": ""3.0.3"", ""scikit-learn"": ""1.9.0"", ""torch"": ""2.12.0""}"
adult,mlp,race,prune:0.3,Asian-Pac-Islander,10,age|education_Some-college|native-country_Philippines|marital-status_Married-civ-spouse|marital-status_Never-married|relationship_Husband|relationship_Own-child|education_Assoc-voc|education_HS-grad|fnlwgt,0.081312|0.073127|0.073002|0.055500|0.045153|0.044849|0.041526|0.039318|0.038479|0.036861,5,9dba2373ddb1,3.11.15,"{""numpy"": ""1.26.4"", ""pandas"": ""3.0.3"", ""scikit-learn"": ""1.9.0"", ""torch"": ""2.12.0""}"
adult,mlp,race,prune:0.3,Black,10,marital-status_Married-civ-spouse|age|marital-status_Never-married|education_HS-grad|relationship_Unmarried|fnlwgt|occupation_Handlers-cleaners|relationship_Not-in-family|workclass_Private|relationship_Own-child,0.100943|0.091266|0.066524|0.057368|0.056441|0.052415|0.050575|0.049567|0.045702|0.041453,5,9dba2373ddb1,3.11.15,"{""numpy"": ""1.26.4"", ""pandas"": ""3.0.3"", ""scikit-learn"": ""1.9.0"", ""torch"": ""2.12.0""}"
adult,mlp,race,prune:0.3,Amer-Indian-Eskimo,10,marital-status_Married-civ-spouse|education_Some-college|fnlwgt|age|marital-status_Never-married|education_10th|occupation_Exec-managerial|relationship_Unmarried|marital-status_Divorced|workclass_Local-gov,0.157923|0.114506|0.097784|0.094737|0.083407|0.080432|0.076874|0.071997|0.070976|0.069831,5,9dba2373ddb1,3.11.15,"{""numpy"": ""1.26.4"", ""pandas"": ""3.0.3"", ""scikit-learn"": ""1.9.0"", ""torch"": ""2.12.0""}"
adult,mlp,race,prune:0.3,Other,10,relationship_Other-relative|occupation_Prof-specialty|native-country_Puerto-Rico|native-country_Japan|education_9th|native-country_Iran|native-country_Mexico|workclass_Private|education_Some-college|age,0.114719|0.103268|0.096630|0.087652|0.086896|0.070969|0.070787|0.061409|0.055705|0.047941,5,9dba2373ddb1,3.11.15,"{""numpy"": ""1.26.4"", ""pandas"": ""3.0.3"", ""scikit-learn"": ""1.9.0"", ""torch"": ""2.12.0""}"
adult,mlp,race,prune:0.5,White,10,age|marital-status_Never-married|marital-status_Married-civ-spouse|education_HS-grad|capital-gain|hours-per-week|education_Some-college|relationship_Husband|fnlwgt|occupation_Craft-repair,0.071656|0.057422|0.056855|0.050216|0.048482|0.044885|0.041817|0.041296|0.039199|0.037353,5,824141a727b0,3.11.15,"{""numpy"": ""1.26.4"", ""pandas"": ""3.0.3"", ""scikit-learn"": ""1.9.0"", ""torch"": ""2.12.0""}"
adult,mlp,race,prune:0.5,Asian-Pac-Islander,10,age|marital-status_Married-civ-spouse|native-country_Philippines|marital-status_Never-married|relationship_Husband|education_Some-college|capital-gain|workclass_Federal-gov|occupation_Exec-managerial|relationship_Own-child,0.060772|0.060181|0.059483|0.056227|0.053202|0.052597|0.043062|0.039025|0.032989|0.031858,5,824141a727b0,3.11.15,"{""numpy"": ""1.26.4"", ""pandas"": ""3.0.3"", ""scikit-learn"": ""1.9.0"", ""torch"": ""2.12.0""}"
adult,mlp,race,prune:0.5,Black,10,age|marital-status_Married-civ-spouse|marital-status_Never-married|fnlwgt|hours-per-week|capital-gain|relationship_Husband|education_Some-college|education_HS-grad|relationship_Not-in-family,0.047261|0.040681|0.038073|0.036159|0.034614|0.033437|0.031695|0.031347|0.030771|0.028495,5,824141a727b0,3.11.15,"{""numpy"": ""1.26.4"", ""pandas"": ""3.0.3"", ""scikit-learn"": ""1.9.0"", ""torch"": ""2.12.0""}"
adult,mlp,race,prune:0.5,Amer-Indian-Eskimo,10,age|relationship_Other-relative|marital-status_Married-civ-spouse|hours-per-week|marital-status_Never-married|relationship_Husband|workclass_Private|occupation_Exec-managerial|education_Some-college|workclass_State-gov,0.085933|0.062193|0.041853|0.040711|0.033609|0.032903|0.028523|0.024449|0.023627|0.023178,5,824141a727b0,3.11.15,"{""numpy"": ""1.26.4"", ""pandas"": ""3.0.3"", ""scikit-learn"": ""1.9.0"", ""torch"": ""2.12.0""}"
adult,mlp,race,prune:0.5,Other,10,native-country_Puerto-Rico|education_Some-college|occupation_Missing|native-country_Iran|occupation_Craft-repair|native-country_Japan|relationship_Other-relative|workclass_Missing|native-country_Mexico|marital-status_Never-married,0.099187|0.080398|0.077457|0.073519|0.062468|0.049700|0.024439|0.024410|0.020832|0.019708,5,824141a727b0,3.11.15,"{""numpy"": ""1.26.4"", ""pandas"": ""3.0.3"", ""scikit-learn"": ""1.9.0"", ""torch"": ""2.12.0""}"
adult,mlp,race,prune:0.7,White,10,age|hours-per-week|education_HS-grad|marital-status_Married-civ-spouse|capital-gain|fnlwgt|relationship_Husband|relationship_Own-child|relationship_Not-in-family|education_Some-college,0.055306|0.039393|0.034435|0.027991|0.027964|0.027117|0.026082|0.026044|0.025359|0.023240,5,9985aa5d5b8c,3.11.15,"{""numpy"": ""1.26.4"", ""pandas"": ""3.0.3"", ""scikit-learn"": ""1.9.0"", ""torch"": ""2.12.0""}"
adult,mlp,race,prune:0.7,Asian-Pac-Islander,10,age|capital-gain|native-country_Philippines|occupation_Prof-specialty|relationship_Not-in-family|hours-per-week|education_Some-college|education_HS-grad|relationship_Husband|occupation_Adm-clerical,0.057544|0.051291|0.048131|0.036057|0.034599|0.034277|0.033744|0.033590|0.032059|0.031199,5,9985aa5d5b8c,3.11.15,"{""numpy"": ""1.26.4"", ""pandas"": ""3.0.3"", ""scikit-learn"": ""1.9.0"", ""torch"": ""2.12.0""}"
adult,mlp,race,prune:0.7,Black,10,age|education_HS-grad|capital-gain|hours-per-week|relationship_Unmarried|marital-status_Separated|marital-status_Married-civ-spouse|relationship_Husband|fnlwgt|marital-status_Never-married,0.043829|0.029897|0.027238|0.026824|0.026682|0.025845|0.025824|0.023264|0.022484|0.021583,5,9985aa5d5b8c,3.11.15,"{""numpy"": ""1.26.4"", ""pandas"": ""3.0.3"", ""scikit-learn"": ""1.9.0"", ""torch"": ""2.12.0""}"
adult,mlp,race,prune:0.7,Amer-Indian-Eskimo,10,education_9th|workclass_Federal-gov|relationship_Other-relative|age|education_HS-grad|occupation_Prof-specialty|fnlwgt|occupation_Adm-clerical|relationship_Unmarried|education_10th,0.044031|0.030612|0.011428|0.009707|0.009537|0.009138|0.008472|0.007970|0.007645|0.007319,5,9985aa5d5b8c,3.11.15,"{""numpy"": ""1.26.4"", ""pandas"": ""3.0.3"", ""scikit-learn"": ""1.9.0"", ""torch"": ""2.12.0""}"
adult,mlp,race,prune:0.7,Other,10,occupation_Craft-repair|occupation_Missing|native-country_Mexico|workclass_Private|workclass_Missing|age|marital-status_Married-civ-spouse|fnlwgt|marital-status_Never-married|education_Some-college,0.075532|0.048682|0.048116|0.045392|0.044390|0.041039|0.041000|0.040404|0.039148|0.034302,5,9985aa5d5b8c,3.11.15,"{""numpy"": ""1.26.4"", ""pandas"": ""3.0.3"", ""scikit-learn"": ""1.9.0"", ""torch"": ""2.12.0""}"
adult,mlp,race,prune:0.9,White,10,age|occupation_Handlers-cleaners|education_7th-8th|fnlwgt|marital-status_Married-civ-spouse|education_HS-grad|marital-status_Divorced|capital-gain|occupation_Other-service|relationship_Own-child,0.005937|0.002651|0.002112|0.001625|0.001243|0.001196|0.001159|0.000933|0.000869|0.000766,5,058457d18373,3.11.15,"{""numpy"": ""1.26.4"", ""pandas"": ""3.0.3"", ""scikit-learn"": ""1.9.0"", ""torch"": ""2.12.0""}"
adult,mlp,race,prune:0.9,Asian-Pac-Islander,10,occupation_Handlers-cleaners|workclass_Federal-gov|education_12th|education_HS-grad|fnlwgt|age|education_7th-8th|marital-status_Married-civ-spouse|education_9th|education_11th,0.012040|0.007202|0.004393|0.004220|0.003827|0.003809|0.003410|0.003372|0.002614|0.001657,5,058457d18373,3.11.15,"{""numpy"": ""1.26.4"", ""pandas"": ""3.0.3"", ""scikit-learn"": ""1.9.0"", ""torch"": ""2.12.0""}"
adult,mlp,race,prune:0.9,Black,10,age|education_HS-grad|fnlwgt|education_11th|marital-status_Married-civ-spouse|occupation_Handlers-cleaners|occupation_Other-service|education_Bachelors|relationship_Own-child|marital-status_Separated,0.007054|0.005937|0.003418|0.003251|0.002911|0.002274|0.002090|0.001776|0.001651|0.001557,5,058457d18373,3.11.15,"{""numpy"": ""1.26.4"", ""pandas"": ""3.0.3"", ""scikit-learn"": ""1.9.0"", ""torch"": ""2.12.0""}"
adult,mlp,race,prune:0.9,Amer-Indian-Eskimo,10,age|fnlwgt|education-num|capital-gain|capital-loss|hours-per-week|education_10th|education_11th|education_12th|education_1st-4th,0.000000|0.000000|0.000000|0.000000|0.000000|0.000000|0.000000|0.000000|0.000000|0.000000,5,058457d18373,3.11.15,"{""numpy"": ""1.26.4"", ""pandas"": ""3.0.3"", ""scikit-learn"": ""1.9.0"", ""torch"": ""2.12.0""}"
adult,mlp,race,prune:0.9,Other,10,education_7th-8th|fnlwgt|age|occupation_Other-service|marital-status_Divorced|workclass_Self-emp-not-inc|education_10th|relationship_Own-child|education_12th|occupation_Handlers-cleaners,0.040435|0.014119|0.009755|0.004736|0.004524|0.003893|0.003120|0.003016|0.002441|0.002304,5,058457d18373,3.11.15,"{""numpy"": ""1.26.4"", ""pandas"": ""3.0.3"", ""scikit-learn"": ""1.9.0"", ""torch"": ""2.12.0""}"
adult,mlp,sex,none,Male,10,marital-status_Married-civ-spouse|age|hours-per-week|capital-gain|marital-status_Never-married|education_HS-grad|relationship_Husband|relationship_Own-child|education_Bachelors|occupation_Other-service,0.074831|0.074673|0.045518|0.043708|0.042441|0.040875|0.036877|0.034163|0.034111|0.033459,6,c353a9d18426,3.11.15,"{""numpy"": ""1.26.4"", ""pandas"": ""3.0.3"", ""scikit-learn"": ""1.9.0"", ""torch"": ""2.12.0""}"
adult,mlp,sex,none,Female,10,age|marital-status_Married-civ-spouse|relationship_Wife|marital-status_Divorced|hours-per-week|marital-status_Never-married|occupation_Prof-specialty|relationship_Not-in-family|relationship_Own-child|education_Bachelors,0.052548|0.047764|0.032877|0.030114|0.029638|0.029394|0.025750|0.025601|0.024476|0.024343,6,c353a9d18426,3.11.15,"{""numpy"": ""1.26.4"", ""pandas"": ""3.0.3"", ""scikit-learn"": ""1.9.0"", ""torch"": ""2.12.0""}"
adult,mlp,sex,prune:0.3,Male,10,age|marital-status_Married-civ-spouse|education_HS-grad|marital-status_Never-married|hours-per-week|relationship_Own-child|occupation_Other-service|relationship_Not-in-family|marital-status_Divorced|relationship_Husband,0.089600|0.073425|0.047664|0.043572|0.043468|0.039463|0.039197|0.037671|0.036437|0.036011,6,bf476dd6a47f,3.11.15,"{""numpy"": ""1.26.4"", ""pandas"": ""3.0.3"", ""scikit-learn"": ""1.9.0"", ""torch"": ""2.12.0""}"
adult,mlp,sex,prune:0.3,Female,10,age|marital-status_Married-civ-spouse|marital-status_Never-married|marital-status_Divorced|relationship_Own-child|occupation_Prof-specialty|relationship_Wife|education_HS-grad|hours-per-week|occupation_Other-service,0.092163|0.063511|0.044936|0.043795|0.041094|0.040956|0.040555|0.040548|0.038487|0.036197,6,bf476dd6a47f,3.11.15,"{""numpy"": ""1.26.4"", ""pandas"": ""3.0.3"", ""scikit-learn"": ""1.9.0"", ""torch"": ""2.12.0""}"
adult,mlp,sex,prune:0.5,Male,10,age|hours-per-week|marital-status_Married-civ-spouse|occupation_Other-service|relationship_Own-child|capital-gain|marital-status_Never-married|relationship_Not-in-family|occupation_Sales|education_Some-college,0.093344|0.081112|0.073437|0.047619|0.047422|0.041123|0.041116|0.040164|0.039741|0.039099,6,fc54fe66319a,3.11.15,"{""numpy"": ""1.26.4"", ""pandas"": ""3.0.3"", ""scikit-learn"": ""1.9.0"", ""torch"": ""2.12.0""}"
adult,mlp,sex,prune:0.5,Female,10,hours-per-week|age|marital-status_Married-civ-spouse|occupation_Other-service|relationship_Own-child|marital-status_Never-married|occupation_Adm-clerical|marital-status_Divorced|occupation_Sales|education_HS-grad,0.092118|0.080356|0.074033|0.055051|0.050718|0.047241|0.044787|0.042784|0.041907|0.040289,6,fc54fe66319a,3.11.15,"{""numpy"": ""1.26.4"", ""pandas"": ""3.0.3"", ""scikit-learn"": ""1.9.0"", ""torch"": ""2.12.0""}"
adult,mlp,sex,prune:0.7,Male,10,age|hours-per-week|marital-status_Married-civ-spouse|capital-gain|relationship_Own-child|education_HS-grad|education_Some-college|occupation_Other-service|occupation_Machine-op-inspct|occupation_Sales,0.075495|0.052178|0.041585|0.038130|0.035606|0.032154|0.031569|0.030292|0.028861|0.027538,6,675cf2a71997,3.11.15,"{""numpy"": ""1.26.4"", ""pandas"": ""3.0.3"", ""scikit-learn"": ""1.9.0"", ""torch"": ""2.12.0""}"
adult,mlp,sex,prune:0.7,Female,10,age|occupation_Other-service|hours-per-week|relationship_Own-child|marital-status_Married-civ-spouse|education_Some-college|occupation_Prof-specialty|relationship_Wife|occupation_Adm-clerical|marital-status_Divorced,0.098556|0.043829|0.043201|0.038063|0.036606|0.035609|0.034001|0.032223|0.030011|0.029827,6,675cf2a71997,3.11.15,"{""numpy"": ""1.26.4"", ""pandas"": ""3.0.3"", ""scikit-learn"": ""1.9.0"", ""torch"": ""2.12.0""}"
adult,mlp,sex,prune:0.9,Male,10,workclass_Self-emp-not-inc|marital-status_Married-civ-spouse|hours-per-week|relationship_Own-child|occupation_Transport-moving|occupation_Farming-fishing|relationship_Husband|education_HS-grad|education_Bachelors|capital-gain,0.003273|0.002251|0.002136|0.001734|0.001632|0.001490|0.001474|0.001315|0.000906|0.000833,6,37fefe664dc1,3.11.15,"{""numpy"": ""1.26.4"", ""pandas"": ""3.0.3"", ""scikit-learn"": ""1.9.0"", ""torch"": ""2.12.0""}"
adult,mlp,sex,prune:0.9,Female,10,workclass_Never-worked|marital-status_Married-civ-spouse|workclass_Self-emp-not-inc|age|hours-per-week|occupation_Sales|education_Bachelors|relationship_Own-child|occupation_Prof-specialty|occupation_Machine-op-inspct,0.000901|0.000848|0.000458|0.000380|0.000368|0.000339|0.000274|0.000218|0.000197|0.000140,6,37fefe664dc1,3.11.15,"{""numpy"": ""1.26.4"", ""pandas"": ""3.0.3"", ""scikit-learn"": ""1.9.0"", ""torch"": ""2.12.0""}"
adult,mlp,race,none,White,10,age|marital-status_Married-civ-spouse|hours-per-week|marital-status_Never-married|capital-gain|education_HS-grad|marital-status_Divorced|education_Bachelors|relationship_Own-child|relationship_Husband,0.072124|0.070110|0.043332|0.040762|0.038720|0.037667|0.034972|0.033384|0.033241|0.032653,6,fb876c0d915c,3.11.15,"{""numpy"": ""1.26.4"", ""pandas"": ""3.0.3"", ""scikit-learn"": ""1.9.0"", ""torch"": ""2.12.0""}"
adult,mlp,race,none,Black,10,age|marital-status_Married-civ-spouse|capital-gain|marital-status_Never-married|relationship_Unmarried|relationship_Own-child|occupation_Other-service|workclass_Local-gov|relationship_Husband|education_HS-grad,0.047464|0.044950|0.026288|0.023491|0.023135|0.020647|0.020055|0.019683|0.018545|0.017956,6,fb876c0d915c,3.11.15,"{""numpy"": ""1.26.4"", ""pandas"": ""3.0.3"", ""scikit-learn"": ""1.9.0"", ""torch"": ""2.12.0""}"
adult,mlp,race,none,Asian-Pac-Islander,10,hours-per-week|education_Masters|occupation_Prof-specialty|native-country_United-States|marital-status_Married-civ-spouse|capital-gain|education-num|workclass_State-gov|native-country_Philippines|age,0.051597|0.044475|0.044227|0.044016|0.041123|0.037915|0.035417|0.030735|0.029835|0.026810,6,fb876c0d915c,3.11.15,"{""numpy"": ""1.26.4"", ""pandas"": ""3.0.3"", ""scikit-learn"": ""1.9.0"", ""torch"": ""2.12.0""}"
adult,mlp,race,none,Other,10,occupation_Prof-specialty|relationship_Wife|occupation_Machine-op-inspct|native-country_Columbia|native-country_Mexico|native-country_Iran|marital-status_Married-civ-spouse|education_7th-8th|relationship_Husband|relationship_Unmarried,0.065359|0.058426|0.053320|0.052706|0.048592|0.044170|0.039438|0.036474|0.028153|0.027893,6,fb876c0d915c,3.11.15,"{""numpy"": ""1.26.4"", ""pandas"": ""3.0.3"", ""scikit-learn"": ""1.9.0"", ""torch"": ""2.12.0""}"
adult,mlp,race,none,Amer-Indian-Eskimo,10,hours-per-week|native-country_Philippines|education_1st-4th|occupation_Missing|education_Bachelors|occupation_Tech-support|age|marital-status_Married-civ-spouse|relationship_Not-in-family|education_Doctorate,0.056695|0.051709|0.048209|0.027525|0.026732|0.021052|0.020613|0.018289|0.016930|0.016678,6,fb876c0d915c,3.11.15,"{""numpy"": ""1.26.4"", ""pandas"": ""3.0.3"", ""scikit-learn"": ""1.9.0"", ""torch"": ""2.12.0""}"
adult,mlp,race,prune:0.3,White,10,age|marital-status_Married-civ-spouse|education_HS-grad|hours-per-week|marital-status_Never-married|relationship_Own-child|marital-status_Divorced|relationship_Not-in-family|occupation_Other-service|occupation_Prof-specialty,0.092397|0.070874|0.047938|0.045531|0.044680|0.040677|0.038721|0.038366|0.037444|0.036315,6,e42b7a59293c,3.11.15,"{""numpy"": ""1.26.4"", ""pandas"": ""3.0.3"", ""scikit-learn"": ""1.9.0"", ""torch"": ""2.12.0""}"
adult,mlp,race,prune:0.3,Black,10,age|marital-status_Married-civ-spouse|occupation_Other-service|marital-status_Never-married|marital-status_Divorced|fnlwgt|relationship_Own-child|relationship_Unmarried|marital-status_Separated|education_HS-grad,0.084841|0.066886|0.042872|0.041333|0.039177|0.037088|0.037051|0.034731|0.034160|0.032019,6,e42b7a59293c,3.11.15,"{""numpy"": ""1.26.4"", ""pandas"": ""3.0.3"", ""scikit-learn"": ""1.9.0"", ""torch"": ""2.12.0""}"
adult,mlp,race,prune:0.3,Asian-Pac-Islander,10,native-country_Vietnam|native-country_United-States|marital-status_Married-civ-spouse|age|occupation_Other-service|education_Masters|marital-status_Never-married|capital-loss|relationship_Own-child|native-country_India,0.073320|0.071176|0.059637|0.055467|0.046316|0.044905|0.038432|0.038427|0.037685|0.034586,6,e42b7a59293c,3.11.15,"{""numpy"": ""1.26.4"", ""pandas"": ""3.0.3"", ""scikit-learn"": ""1.9.0"", ""torch"": ""2.12.0""}"
adult,mlp,race,prune:0.3,Other,10,native-country_Mexico|native-country_United-States|age|occupation_Prof-specialty|marital-status_Married-civ-spouse|education-num|occupation_Handlers-cleaners|fnlwgt|native-country_Iran|education_HS-grad,0.125452|0.109467|0.097505|0.080783|0.070111|0.068325|0.066438|0.063526|0.062912|0.061440,6,e42b7a59293c,3.11.15,"{""numpy"": ""1.26.4"", ""pandas"": ""3.0.3"", ""scikit-learn"": ""1.9.0"", ""torch"": ""2.12.0""}"
adult,mlp,race,prune:0.3,Amer-Indian-Eskimo,10,marital-status_Married-civ-spouse|age|education_Some-college|marital-status_Divorced|native-country_Philippines|education_Bachelors|relationship_Unmarried|relationship_Not-in-family|capital-loss|occupation_Tech-support,0.078439|0.074599|0.069599|0.063632|0.054462|0.052931|0.051351|0.047465|0.046569|0.044904,6,e42b7a59293c,3.11.15,"{""numpy"": ""1.26.4"", ""pandas"": ""3.0.3"", ""scikit-learn"": ""1.9.0"", ""torch"": ""2.12.0""}"
adult,mlp,race,prune:0.5,White,10,age|hours-per-week|marital-status_Married-civ-spouse|occupation_Other-service|relationship_Own-child|marital-status_Never-married|occupation_Sales|relationship_Not-in-family|education_Some-college|education_HS-grad,0.092811|0.089672|0.075012|0.049076|0.048213|0.043872|0.042168|0.040928|0.040339|0.040264,6,ae8bda4ed2da,3.11.15,"{""numpy"": ""1.26.4"", ""pandas"": ""3.0.3"", ""scikit-learn"": ""1.9.0"", ""torch"": ""2.12.0""}"
adult,mlp,race,prune:0.5,Black,10,marital-status_Married-civ-spouse|age|occupation_Other-service|hours-per-week|relationship_Own-child|marital-status_Never-married|education_HS-grad|relationship_Unmarried|occupation_Sales|fnlwgt,0.071161|0.069164|0.060284|0.052946|0.052075|0.044220|0.037256|0.034638|0.034289|0.033552,6,ae8bda4ed2da,3.11.15,"{""numpy"": ""1.26.4"", ""pandas"": ""3.0.3"", ""scikit-learn"": ""1.9.0"", ""torch"": ""2.12.0""}"
adult,mlp,race,prune:0.5,Asian-Pac-Islander,10,native-country_Vietnam|age|hours-per-week|native-country_Philippines|marital-status_Married-civ-spouse|relationship_Own-child|native-country_Taiwan|occupation_Other-service|native-country_China|workclass_State-gov,0.068805|0.065476|0.061877|0.060304|0.049056|0.047465|0.043273|0.043110|0.033499|0.032747,6,ae8bda4ed2da,3.11.15,"{""numpy"": ""1.26.4"", ""pandas"": ""3.0.3"", ""scikit-learn"": ""1.9.0"", ""torch"": ""2.12.0""}"
adult,mlp,race,prune:0.5,Other,10,native-country_Mexico|occupation_Machine-op-inspct|native-country_United-States|education_Masters|occupation_Farming-fishing|marital-status_Married-civ-spouse|occupation_Handlers-cleaners|native-country_Iran|hours-per-week|education_HS-grad,0.134048|0.106917|0.095698|0.088002|0.085908|0.076543|0.074891|0.069502|0.068917|0.059891,6,ae8bda4ed2da,3.11.15,"{""numpy"": ""1.26.4"", ""pandas"": ""3.0.3"", ""scikit-learn"": ""1.9.0"", ""torch"": ""2.12.0""}"
adult,mlp,race,prune:0.5,Amer-Indian-Eskimo,10,age|marital-status_Divorced|occupation_Other-service|relationship_Own-child|native-country_Philippines|education_1st-4th|education_Some-college|marital-status_Married-civ-spouse|hours-per-week|education_Assoc-acdm,0.083192|0.075345|0.064205|0.062915|0.055104|0.054114|0.050391|0.048493|0.047622|0.046293,6,ae8bda4ed2da,3.11.15,"{""numpy"": ""1.26.4"", ""pandas"": ""3.0.3"", ""scikit-learn"": ""1.9.0"", ""torch"": ""2.12.0""}"
adult,mlp,race,prune:0.7,White,10,age|hours-per-week|marital-status_Married-civ-spouse|relationship_Own-child|capital-gain|education_Some-college|occupation_Other-service|education_HS-grad|occupation_Prof-specialty|occupation_Machine-op-inspct,0.082041|0.050021|0.040501|0.037804|0.033728|0.033012|0.032780|0.031397|0.027914|0.027487,6,70ab76a6a2b3,3.11.15,"{""numpy"": ""1.26.4"", ""pandas"": ""3.0.3"", ""scikit-learn"": ""1.9.0"", ""torch"": ""2.12.0""}"
adult,mlp,race,prune:0.7,Black,10,age|occupation_Other-service|hours-per-week|marital-status_Married-civ-spouse|education_Some-college|capital-gain|occupation_Prof-specialty|marital-status_Never-married|occupation_Sales|education_HS-grad,0.089536|0.053985|0.041600|0.037729|0.034034|0.030383|0.029186|0.028982|0.028835|0.028760,6,70ab76a6a2b3,3.11.15,"{""numpy"": ""1.26.4"", ""pandas"": ""3.0.3"", ""scikit-learn"": ""1.9.0"", ""torch"": ""2.12.0""}"
adult,mlp,race,prune:0.7,Asian-Pac-Islander,10,age|hours-per-week|native-country_Philippines|relationship_Own-child|occupation_Prof-specialty|marital-status_Married-civ-spouse|fnlwgt|occupation_Other-service|occupation_Sales|native-country_United-States,0.085186|0.056478|0.035995|0.029546|0.029159|0.027656|0.027586|0.027480|0.025649|0.024782,6,70ab76a6a2b3,3.11.15,"{""numpy"": ""1.26.4"", ""pandas"": ""3.0.3"", ""scikit-learn"": ""1.9.0"", ""torch"": ""2.12.0""}"
adult,mlp,race,prune:0.7,Other,10,age|native-country_United-States|native-country_Iran|relationship_Wife|marital-status_Married-civ-spouse|occupation_Farming-fishing|occupation_Prof-specialty|education_Some-college|marital-status_Never-married|fnlwgt,0.078135|0.071920|0.053381|0.047577|0.046044|0.044684|0.043537|0.040932|0.040178|0.036908,6,70ab76a6a2b3,3.11.15,"{""numpy"": ""1.26.4"", ""pandas"": ""3.0.3"", ""scikit-learn"": ""1.9.0"", ""torch"": ""2.12.0""}"
adult,mlp,race,prune:0.7,Amer-Indian-Eskimo,10,age|hours-per-week|marital-status_Divorced|education_7th-8th|marital-status_Married-civ-spouse|fnlwgt|occupation_Machine-op-inspct|marital-status_Never-married|occupation_Craft-repair|occupation_Other-service,0.097802|0.064567|0.062323|0.051096|0.049150|0.046040|0.045430|0.038781|0.038046|0.035131,6,70ab76a6a2b3,3.11.15,"{""numpy"": ""1.26.4"", ""pandas"": ""3.0.3"", ""scikit-learn"": ""1.9.0"", ""torch"": ""2.12.0""}"
adult,mlp,race,prune:0.9,White,10,workclass_Self-emp-not-inc|marital-status_Married-civ-spouse|hours-per-week|relationship_Own-child|occupation_Transport-moving|education_HS-grad|occupation_Farming-fishing|relationship_Husband|age|education_Bachelors,0.002503|0.001817|0.001802|0.001240|0.001222|0.001010|0.000943|0.000912|0.000750|0.000729,6,1601313d3f71,3.11.15,"{""numpy"": ""1.26.4"", ""pandas"": ""3.0.3"", ""scikit-learn"": ""1.9.0"", ""torch"": ""2.12.0""}"
adult,mlp,race,prune:0.9,Black,10,workclass_Never-worked|relationship_Own-child|relationship_Husband|marital-status_Married-civ-spouse|occupation_Transport-moving|relationship_Other-relative|education_Masters|occupation_Farming-fishing|education_HS-grad|capital-loss,0.002987|0.001663|0.001626|0.000999|0.000591|0.000326|0.000320|0.000315|0.000260|0.000260,6,1601313d3f71,3.11.15,"{""numpy"": ""1.26.4"", ""pandas"": ""3.0.3"", ""scikit-learn"": ""1.9.0"", ""torch"": ""2.12.0""}"
adult,mlp,race,prune:0.9,Asian-Pac-Islander,10,workclass_Self-emp-not-inc|occupation_Farming-fishing|marital-status_Married-civ-spouse|relationship_Husband|education_Bachelors|occupation_Sales|occupation_Machine-op-inspct|capital-gain|marital-status_Widowed|capital-loss,0.006505|0.005664|0.004823|0.001914|0.001743|0.001490|0.001392|0.001131|0.000959|0.000841,6,1601313d3f71,3.11.15,"{""numpy"": ""1.26.4"", ""pandas"": ""3.0.3"", ""scikit-learn"": ""1.9.0"", ""torch"": ""2.12.0""}"
adult,mlp,race,prune:0.9,Other,10,age|fnlwgt|education-num|capital-gain|capital-loss|hours-per-week|education_10th|education_11th|education_12th|education_1st-4th,0.000000|0.000000|0.000000|0.000000|0.000000|0.000000|0.000000|0.000000|0.000000|0.000000,6,1601313d3f71,3.11.15,"{""numpy"": ""1.26.4"", ""pandas"": ""3.0.3"", ""scikit-learn"": ""1.9.0"", ""torch"": ""2.12.0""}"
adult,mlp,race,prune:0.9,Amer-Indian-Eskimo,10,age|fnlwgt|education-num|capital-gain|capital-loss|hours-per-week|education_10th|education_11th|education_12th|education_1st-4th,0.000000|0.000000|0.000000|0.000000|0.000000|0.000000|0.000000|0.000000|0.000000|0.000000,6,1601313d3f71,3.11.15,"{""numpy"": ""1.26.4"", ""pandas"": ""3.0.3"", ""scikit-learn"": ""1.9.0"", ""torch"": ""2.12.0""}"
adult,mlp,sex,none,Male,10,age|capital-gain|marital-status_Married-civ-spouse|marital-status_Never-married|education_HS-grad|relationship_Husband|hours-per-week|relationship_Own-child|fnlwgt|workclass_Self-emp-not-inc,0.067072|0.061913|0.056520|0.044643|0.040019|0.039834|0.036939|0.033587|0.032609|0.031971,7,3c7e769b39a6,3.11.15,"{""numpy"": ""1.26.4"", ""pandas"": ""3.0.3"", ""scikit-learn"": ""1.9.0"", ""torch"": ""2.12.0""}"
adult,mlp,sex,none,Female,10,age|marital-status_Married-civ-spouse|relationship_Wife|marital-status_Never-married|hours-per-week|capital-gain|marital-status_Divorced|occupation_Prof-specialty|education_HS-grad|occupation_Adm-clerical,0.047553|0.038037|0.031514|0.027084|0.026219|0.026146|0.023837|0.021363|0.019269|0.019252,7,3c7e769b39a6,3.11.15,"{""numpy"": ""1.26.4"", ""pandas"": ""3.0.3"", ""scikit-learn"": ""1.9.0"", ""torch"": ""2.12.0""}"
adult,mlp,sex,prune:0.3,Male,10,age|marital-status_Never-married|relationship_Own-child|capital-gain|hours-per-week|marital-status_Married-civ-spouse|education_Some-college|fnlwgt|education_HS-grad|relationship_Husband,0.086102|0.061144|0.055466|0.054911|0.051423|0.049582|0.047554|0.047489|0.045098|0.043286,7,40301109d358,3.11.15,"{""numpy"": ""1.26.4"", ""pandas"": ""3.0.3"", ""scikit-learn"": ""1.9.0"", ""torch"": ""2.12.0""}"
adult,mlp,sex,prune:0.3,Female,10,age|marital-status_Never-married|education_Some-college|hours-per-week|marital-status_Married-civ-spouse|relationship_Own-child|education_HS-grad|capital-gain|relationship_Not-in-family|marital-status_Divorced,0.100028|0.063807|0.057999|0.057361|0.053962|0.052935|0.045230|0.044784|0.044762|0.044472,7,40301109d358,3.11.15,"{""numpy"": ""1.26.4"", ""pandas"": ""3.0.3"", ""scikit-learn"": ""1.9.0"", ""torch"": ""2.12.0""}"
adult,mlp,sex,prune:0.5,Male,10,age|marital-status_Married-civ-spouse|hours-per-week|capital-gain|fnlwgt|education_HS-grad|education_Some-college|relationship_Own-child|marital-status_Never-married|relationship_Husband,0.081002|0.069655|0.068676|0.066707|0.052609|0.048859|0.048261|0.046689|0.046615|0.045890,7,6266a83d2b8f,3.11.15,"{""numpy"": ""1.26.4"", ""pandas"": ""3.0.3"", ""scikit-learn"": ""1.9.0"", ""torch"": ""2.12.0""}"
adult,mlp,sex,prune:0.5,Female,10,age|marital-status_Married-civ-spouse|hours-per-week|education_Some-college|marital-status_Divorced|capital-gain|fnlwgt|relationship_Own-child|occupation_Other-service|education_HS-grad,0.089299|0.079432|0.068182|0.063538|0.055474|0.054698|0.053292|0.050682|0.049151|0.048506,7,6266a83d2b8f,3.11.15,"{""numpy"": ""1.26.4"", ""pandas"": ""3.0.3"", ""scikit-learn"": ""1.9.0"", ""torch"": ""2.12.0""}"
adult,mlp,sex,prune:0.7,Male,10,age|hours-per-week|capital-gain|marital-status_Married-civ-spouse|occupation_Other-service|relationship_Not-in-family|fnlwgt|marital-status_Never-married|relationship_Husband|relationship_Own-child,0.060312|0.046473|0.043346|0.040656|0.037680|0.034704|0.032851|0.029487|0.029389|0.029075,7,8248ec92e81c,3.11.15,"{""numpy"": ""1.26.4"", ""pandas"": ""3.0.3"", ""scikit-learn"": ""1.9.0"", ""torch"": ""2.12.0""}"
adult,mlp,sex,prune:0.7,Female,10,occupation_Other-service|hours-per-week|age|occupation_Adm-clerical|capital-gain|relationship_Not-in-family|marital-status_Married-civ-spouse|marital-status_Divorced|fnlwgt|relationship_Own-child,0.064118|0.060640|0.059938|0.045182|0.043168|0.040627|0.040368|0.039390|0.036754|0.035482,7,8248ec92e81c,3.11.15,"{""numpy"": ""1.26.4"", ""pandas"": ""3.0.3"", ""scikit-learn"": ""1.9.0"", ""torch"": ""2.12.0""}"
adult,mlp,sex,prune:0.9,Male,10,age|occupation_Prof-specialty|fnlwgt|marital-status_Separated|hours-per-week|occupation_Sales|workclass_Self-emp-not-inc|workclass_Local-gov|marital-status_Divorced|occupation_Other-service,0.013390|0.007810|0.006564|0.005264|0.005215|0.004840|0.004202|0.003791|0.003436|0.002976,7,f960f6c0de5d,3.11.15,"{""numpy"": ""1.26.4"", ""pandas"": ""3.0.3"", ""scikit-learn"": ""1.9.0"", ""torch"": ""2.12.0""}"
adult,mlp,sex,prune:0.9,Female,10,marital-status_Separated|age|occupation_Prof-specialty|hours-per-week|fnlwgt|occupation_Sales|occupation_Other-service|workclass_Self-emp-not-inc|occupation_Machine-op-inspct|capital-loss,0.008947|0.008431|0.005982|0.005307|0.004518|0.003093|0.002933|0.002642|0.002160|0.001602,7,f960f6c0de5d,3.11.15,"{""numpy"": ""1.26.4"", ""pandas"": ""3.0.3"", ""scikit-learn"": ""1.9.0"", ""torch"": ""2.12.0""}"
adult,mlp,race,none,White,10,age|capital-gain|marital-status_Married-civ-spouse|marital-status_Never-married|hours-per-week|education_HS-grad|relationship_Husband|relationship_Own-child|occupation_Prof-specialty|fnlwgt,0.063530|0.054066|0.052885|0.040217|0.036730|0.035255|0.031948|0.028773|0.027687|0.027322,7,8f2d3a7a25df,3.11.15,"{""numpy"": ""1.26.4"", ""pandas"": ""3.0.3"", ""scikit-learn"": ""1.9.0"", ""torch"": ""2.12.0""}"
adult,mlp,race,none,Asian-Pac-Islander,10,native-country_United-States|age|capital-loss|capital-gain|relationship_Wife|marital-status_Never-married|occupation_Prof-specialty|marital-status_Married-civ-spouse|occupation_Tech-support|fnlwgt,0.056154|0.047619|0.047037|0.042418|0.041192|0.040711|0.037870|0.035664|0.033816|0.033608,7,8f2d3a7a25df,3.11.15,"{""numpy"": ""1.26.4"", ""pandas"": ""3.0.3"", ""scikit-learn"": ""1.9.0"", ""torch"": ""2.12.0""}"
adult,mlp,race,none,Black,10,age|marital-status_Married-civ-spouse|marital-status_Never-married|fnlwgt|relationship_Own-child|relationship_Husband|education_HS-grad|relationship_Not-in-family|marital-status_Divorced|workclass_Private,0.037985|0.030441|0.023611|0.021680|0.020359|0.018814|0.015443|0.014666|0.014641|0.014589,7,8f2d3a7a25df,3.11.15,"{""numpy"": ""1.26.4"", ""pandas"": ""3.0.3"", ""scikit-learn"": ""1.9.0"", ""torch"": ""2.12.0""}"
adult,mlp,race,none,Other,10,age|marital-status_Never-married|marital-status_Married-civ-spouse|fnlwgt|relationship_Husband|occupation_Exec-managerial|education_HS-grad|capital-gain|occupation_Transport-moving|native-country_United-States,0.068791|0.058220|0.055891|0.049244|0.035659|0.034941|0.034122|0.032126|0.024661|0.024652,7,8f2d3a7a25df,3.11.15,"{""numpy"": ""1.26.4"", ""pandas"": ""3.0.3"", ""scikit-learn"": ""1.9.0"", ""torch"": ""2.12.0""}"
adult,mlp,race,none,Amer-Indian-Eskimo,10,capital-gain|marital-status_Married-civ-spouse|marital-status_Divorced|age|occupation_Other-service|workclass_Federal-gov|relationship_Husband|education_Doctorate|education_HS-grad|workclass_Private,0.079081|0.055707|0.050876|0.049874|0.042818|0.040935|0.035496|0.035474|0.034096|0.032936,7,8f2d3a7a25df,3.11.15,"{""numpy"": ""1.26.4"", ""pandas"": ""3.0.3"", ""scikit-learn"": ""1.9.0"", ""torch"": ""2.12.0""}"
adult,mlp,race,prune:0.3,White,10,age|marital-status_Never-married|hours-per-week|relationship_Own-child|capital-gain|marital-status_Married-civ-spouse|education_Some-college|education_HS-grad|fnlwgt|relationship_Not-in-family,0.093251|0.062394|0.056758|0.055043|0.054049|0.051627|0.051328|0.045638|0.044800|0.043064,7,d2cb1c96fbab,3.11.15,"{""numpy"": ""1.26.4"", ""pandas"": ""3.0.3"", ""scikit-learn"": ""1.9.0"", ""torch"": ""2.12.0""}"
adult,mlp,race,prune:0.3,Asian-Pac-Islander,10,native-country_United-States|age|capital-gain|native-country_China|education_5th-6th|fnlwgt|workclass_Private|occupation_Prof-specialty|marital-status_Never-married|native-country_Missing,0.061240|0.044122|0.043015|0.042759|0.042098|0.041280|0.038719|0.037113|0.035168|0.030148,7,d2cb1c96fbab,3.11.15,"{""numpy"": ""1.26.4"", ""pandas"": ""3.0.3"", ""scikit-learn"": ""1.9.0"", ""torch"": ""2.12.0""}"
adult,mlp,race,prune:0.3,Black,10,age|marital-status_Never-married|education_11th|education_Some-college|relationship_Own-child|marital-status_Married-civ-spouse|fnlwgt|education_HS-grad|occupation_Adm-clerical|relationship_Not-in-family,0.081290|0.070559|0.065738|0.058234|0.057104|0.054846|0.049506|0.046130|0.045069|0.042351,7,d2cb1c96fbab,3.11.15,"{""numpy"": ""1.26.4"", ""pandas"": ""3.0.3"", ""scikit-learn"": ""1.9.0"", ""torch"": ""2.12.0""}"
adult,mlp,race,prune:0.3,Other,10,age|relationship_Own-child|native-country_Dominican-Republic|occupation_Adm-clerical|education_5th-6th|marital-status_Never-married|occupation_Machine-op-inspct|education_HS-grad|education_Bachelors|education-num,0.093289|0.090786|0.062160|0.060925|0.058244|0.052253|0.051700|0.049912|0.049184|0.043293,7,d2cb1c96fbab,3.11.15,"{""numpy"": ""1.26.4"", ""pandas"": ""3.0.3"", ""scikit-learn"": ""1.9.0"", ""torch"": ""2.12.0""}"
adult,mlp,race,prune:0.3,Amer-Indian-Eskimo,10,age|workclass_State-gov|education_Masters|occupation_Transport-moving|marital-status_Divorced|relationship_Husband|relationship_Not-in-family|education_Some-college|marital-status_Married-civ-spouse|workclass_Self-emp-not-inc,0.103228|0.064482|0.060623|0.058051|0.056639|0.047392|0.046729|0.045763|0.043603|0.042678,7,d2cb1c96fbab,3.11.15,"{""numpy"": ""1.26.4"", ""pandas"": ""3.0.3"", ""scikit-learn"": ""1.9.0"", ""torch"": ""2.12.0""}"
adult,mlp,race,prune:0.5,White,10,age|marital-status_Married-civ-spouse|hours-per-week|capital-gain|education_Some-college|fnlwgt|education_HS-grad|relationship_Own-child|marital-status_Never-married|relationship_Not-in-family,0.084810|0.075152|0.071414|0.065523|0.052829|0.052598|0.050005|0.048536|0.045623|0.043654,7,a31087e347f8,3.11.15,"{""numpy"": ""1.26.4"", ""pandas"": ""3.0.3"", ""scikit-learn"": ""1.9.0"", ""torch"": ""2.12.0""}"
adult,mlp,race,prune:0.5,Asian-Pac-Islander,10,native-country_United-States|age|native-country_Missing|occupation_Prof-specialty|capital-gain|marital-status_Married-civ-spouse|marital-status_Never-married|native-country_China|fnlwgt|relationship_Own-child,0.079013|0.073270|0.063925|0.052409|0.050953|0.050732|0.046758|0.042083|0.039723|0.035963,7,a31087e347f8,3.11.15,"{""numpy"": ""1.26.4"", ""pandas"": ""3.0.3"", ""scikit-learn"": ""1.9.0"", ""torch"": ""2.12.0""}"
adult,mlp,race,prune:0.5,Black,10,age|education_Some-college|marital-status_Married-civ-spouse|fnlwgt|hours-per-week|marital-status_Never-married|occupation_Other-service|relationship_Own-child|occupation_Machine-op-inspct|occupation_Adm-clerical,0.079148|0.066989|0.064845|0.062899|0.058005|0.053320|0.051291|0.049096|0.046588|0.046505,7,a31087e347f8,3.11.15,"{""numpy"": ""1.26.4"", ""pandas"": ""3.0.3"", ""scikit-learn"": ""1.9.0"", ""torch"": ""2.12.0""}"
adult,mlp,race,prune:0.5,Other,10,occupation_Machine-op-inspct|native-country_Guatemala|age|education_9th|occupation_Adm-clerical|workclass_Private|relationship_Own-child|marital-status_Married-civ-spouse|education_Some-college|hours-per-week,0.065897|0.054077|0.053140|0.049591|0.047127|0.045382|0.043250|0.042844|0.042446|0.041285,7,a31087e347f8,3.11.15,"{""numpy"": ""1.26.4"", ""pandas"": ""3.0.3"", ""scikit-learn"": ""1.9.0"", ""torch"": ""2.12.0""}"
adult,mlp,race,prune:0.5,Amer-Indian-Eskimo,10,age|capital-gain|workclass_State-gov|hours-per-week|marital-status_Married-civ-spouse|occupation_Transport-moving|workclass_Federal-gov|workclass_Self-emp-not-inc|education_Some-college|workclass_Private,0.104631|0.067454|0.066115|0.065211|0.064709|0.055259|0.052136|0.050560|0.050237|0.048675,7,a31087e347f8,3.11.15,"{""numpy"": ""1.26.4"", ""pandas"": ""3.0.3"", ""scikit-learn"": ""1.9.0"", ""torch"": ""2.12.0""}"
adult,mlp,race,prune:0.7,White,10,age|hours-per-week|occupation_Other-service|capital-gain|marital-status_Married-civ-spouse|relationship_Not-in-family|fnlwgt|relationship_Own-child|marital-status_Never-married|education_HS-grad,0.061051|0.053333|0.044202|0.044191|0.040706|0.037405|0.033649|0.031258|0.030443|0.029688,7,aa8ca60a8c5c,3.11.15,"{""numpy"": ""1.26.4"", ""pandas"": ""3.0.3"", ""scikit-learn"": ""1.9.0"", ""torch"": ""2.12.0""}"
adult,mlp,race,prune:0.7,Asian-Pac-Islander,10,age|occupation_Other-service|native-country_United-States|marital-status_Married-civ-spouse|capital-gain|occupation_Adm-clerical|native-country_China|marital-status_Never-married|native-country_Vietnam|relationship_Other-relative,0.050466|0.045620|0.044093|0.043958|0.043201|0.042274|0.040130|0.035636|0.035261|0.034029,7,aa8ca60a8c5c,3.11.15,"{""numpy"": ""1.26.4"", ""pandas"": ""3.0.3"", ""scikit-learn"": ""1.9.0"", ""torch"": ""2.12.0""}"
adult,mlp,race,prune:0.7,Black,10,occupation_Other-service|age|hours-per-week|fnlwgt|marital-status_Married-civ-spouse|occupation_Adm-clerical|education_HS-grad|capital-gain|relationship_Not-in-family|marital-status_Never-married,0.067719|0.058620|0.046351|0.041475|0.040654|0.038386|0.037943|0.037300|0.035311|0.034207,7,aa8ca60a8c5c,3.11.15,"{""numpy"": ""1.26.4"", ""pandas"": ""3.0.3"", ""scikit-learn"": ""1.9.0"", ""torch"": ""2.12.0""}"
adult,mlp,race,prune:0.7,Other,10,native-country_Guatemala|education_5th-6th|education_9th|native-country_Mexico|age|occupation_Other-service|occupation_Machine-op-inspct|native-country_Dominican-Republic|relationship_Own-child|native-country_United-States,0.073780|0.047711|0.046179|0.044065|0.042864|0.041382|0.036088|0.033079|0.031986|0.027547,7,aa8ca60a8c5c,3.11.15,"{""numpy"": ""1.26.4"", ""pandas"": ""3.0.3"", ""scikit-learn"": ""1.9.0"", ""torch"": ""2.12.0""}"
adult,mlp,race,prune:0.7,Amer-Indian-Eskimo,10,occupation_Adm-clerical|occupation_Other-service|capital-gain|age|marital-status_Married-civ-spouse|occupation_Handlers-cleaners|workclass_Private|workclass_Self-emp-not-inc|marital-status_Married-spouse-absent|fnlwgt,0.059930|0.053016|0.050248|0.049997|0.042368|0.041636|0.040185|0.038551|0.038460|0.037356,7,aa8ca60a8c5c,3.11.15,"{""numpy"": ""1.26.4"", ""pandas"": ""3.0.3"", ""scikit-learn"": ""1.9.0"", ""torch"": ""2.12.0""}"
adult,mlp,race,prune:0.9,White,10,age|occupation_Prof-specialty|marital-status_Separated|fnlwgt|hours-per-week|occupation_Sales|workclass_Self-emp-not-inc|occupation_Other-service|workclass_Local-gov|marital-status_Divorced,0.012320|0.007548|0.006180|0.006036|0.005386|0.004494|0.003700|0.003152|0.003053|0.002940,7,8ed0b4e0c5cc,3.11.15,"{""numpy"": ""1.26.4"", ""pandas"": ""3.0.3"", ""scikit-learn"": ""1.9.0"", ""torch"": ""2.12.0""}"
adult,mlp,race,prune:0.9,Asian-Pac-Islander,10,occupation_Prof-specialty|hours-per-week|age|occupation_Sales|workclass_Self-emp-not-inc|capital-loss|fnlwgt|education_Prof-school|occupation_Exec-managerial|marital-status_Separated,0.009438|0.008515|0.007202|0.004435|0.004148|0.003725|0.003472|0.002884|0.002346|0.002068,7,8ed0b4e0c5cc,3.11.15,"{""numpy"": ""1.26.4"", ""pandas"": ""3.0.3"", ""scikit-learn"": ""1.9.0"", ""torch"": ""2.12.0""}"
adult,mlp,race,prune:0.9,Black,10,marital-status_Separated|age|fnlwgt|workclass_Self-emp-not-inc|hours-per-week|occupation_Prof-specialty|workclass_Local-gov|education_12th|occupation_Other-service|occupation_Sales,0.011700|0.008671|0.006116|0.003867|0.003598|0.003527|0.002654|0.002627|0.002383|0.002317,7,8ed0b4e0c5cc,3.11.15,"{""numpy"": ""1.26.4"", ""pandas"": ""3.0.3"", ""scikit-learn"": ""1.9.0"", ""torch"": ""2.12.0""}"
adult,mlp,race,prune:0.9,Other,10,occupation_Prof-specialty|native-country_Mexico|hours-per-week|workclass_Local-gov|age|education_HS-grad|education_Assoc-voc|marital-status_Separated|fnlwgt|education-num,0.004098|0.003366|0.003262|0.002688|0.002113|0.002081|0.000820|0.000457|0.000000|0.000000,7,8ed0b4e0c5cc,3.11.15,"{""numpy"": ""1.26.4"", ""pandas"": ""3.0.3"", ""scikit-learn"": ""1.9.0"", ""torch"": ""2.12.0""}"
adult,mlp,race,prune:0.9,Amer-Indian-Eskimo,10,age|occupation_Prof-specialty|occupation_Sales|marital-status_Divorced|education_7th-8th|workclass_Local-gov|native-country_Mexico|hours-per-week|occupation_Other-service|marital-status_Separated,0.012506|0.009845|0.006216|0.004728|0.003925|0.003692|0.003380|0.003341|0.002990|0.002968,7,8ed0b4e0c5cc,3.11.15,"{""numpy"": ""1.26.4"", ""pandas"": ""3.0.3"", ""scikit-learn"": ""1.9.0"", ""torch"": ""2.12.0""}"
adult,mlp,sex,none,Male,10,age|marital-status_Married-civ-spouse|capital-gain|marital-status_Never-married|hours-per-week|relationship_Husband|occupation_Exec-managerial|education_HS-grad|relationship_Not-in-family|workclass_Private,0.071305|0.061424|0.056543|0.051939|0.044439|0.043817|0.037548|0.037026|0.034380|0.034243,8,02d5bde1a740,3.11.15,"{""numpy"": ""1.26.4"", ""pandas"": ""3.0.3"", ""scikit-learn"": ""1.9.0"", ""torch"": ""2.12.0""}"
adult,mlp,sex,none,Female,10,age|marital-status_Never-married|marital-status_Married-civ-spouse|marital-status_Divorced|capital-gain|relationship_Wife|hours-per-week|occupation_Adm-clerical|relationship_Not-in-family|fnlwgt,0.038956|0.033684|0.033351|0.029971|0.028932|0.028057|0.026653|0.021667|0.020805|0.017860,8,02d5bde1a740,3.11.15,"{""numpy"": ""1.26.4"", ""pandas"": ""3.0.3"", ""scikit-learn"": ""1.9.0"", ""torch"": ""2.12.0""}"
adult,mlp,sex,prune:0.3,Male,10,age|hours-per-week|marital-status_Married-civ-spouse|occupation_Sales|occupation_Craft-repair|relationship_Husband|capital-gain|occupation_Transport-moving|marital-status_Never-married|workclass_Self-emp-not-inc,0.018039|0.014618|0.011915|0.011635|0.011053|0.010993|0.010539|0.009210|0.008838|0.008701,8,c40f317b4a58,3.11.15,"{""numpy"": ""1.26.4"", ""pandas"": ""3.0.3"", ""scikit-learn"": ""1.9.0"", ""torch"": ""2.12.0""}"
adult,mlp,sex,prune:0.3,Female,10,age|relationship_Wife|marital-status_Never-married|marital-status_Divorced|marital-status_Married-civ-spouse|relationship_Own-child|hours-per-week|occupation_Exec-managerial|education_HS-grad|occupation_Prof-specialty,0.009436|0.007813|0.004107|0.003850|0.003815|0.003420|0.003405|0.003316|0.003234|0.003222,8,c40f317b4a58,3.11.15,"{""numpy"": ""1.26.4"", ""pandas"": ""3.0.3"", ""scikit-learn"": ""1.9.0"", ""torch"": ""2.12.0""}"
adult,mlp,sex,prune:0.5,Male,10,age|hours-per-week|occupation_Prof-specialty|workclass_Self-emp-not-inc|relationship_Husband|capital-gain|marital-status_Married-civ-spouse|marital-status_Never-married|occupation_Transport-moving|education_Some-college,0.026494|0.016459|0.015689|0.015286|0.014210|0.013901|0.013865|0.013381|0.013334|0.012803,8,1d4a0a9231e3,3.11.15,"{""numpy"": ""1.26.4"", ""pandas"": ""3.0.3"", ""scikit-learn"": ""1.9.0"", ""torch"": ""2.12.0""}"
adult,mlp,sex,prune:0.5,Female,10,age|relationship_Wife|hours-per-week|occupation_Adm-clerical|marital-status_Married-civ-spouse|capital-gain|relationship_Unmarried|occupation_Prof-specialty|marital-status_Never-married|marital-status_Divorced,0.030315|0.015523|0.014243|0.013713|0.012209|0.011758|0.011504|0.011231|0.011141|0.011100,8,1d4a0a9231e3,3.11.15,"{""numpy"": ""1.26.4"", ""pandas"": ""3.0.3"", ""scikit-learn"": ""1.9.0"", ""torch"": ""2.12.0""}"
adult,mlp,sex,prune:0.7,Male,10,age|relationship_Own-child|hours-per-week|fnlwgt|relationship_Not-in-family|marital-status_Never-married|capital-gain|workclass_Self-emp-not-inc|marital-status_Married-civ-spouse|education_Some-college,0.075438|0.060140|0.058797|0.049242|0.043213|0.042832|0.041690|0.037890|0.036864|0.034213,8,e79dbb6fbc8c,3.11.15,"{""numpy"": ""1.26.4"", ""pandas"": ""3.0.3"", ""scikit-learn"": ""1.9.0"", ""torch"": ""2.12.0""}"
adult,mlp,sex,prune:0.7,Female,10,age|relationship_Own-child|hours-per-week|marital-status_Divorced|occupation_Adm-clerical|occupation_Other-service|relationship_Not-in-family|marital-status_Never-married|fnlwgt|capital-gain,0.066355|0.060669|0.053847|0.039743|0.039636|0.036956|0.036804|0.034953|0.032287|0.029102,8,e79dbb6fbc8c,3.11.15,"{""numpy"": ""1.26.4"", ""pandas"": ""3.0.3"", ""scikit-learn"": ""1.9.0"", ""torch"": ""2.12.0""}"
adult,mlp,sex,prune:0.9,Male,10,hours-per-week|education_12th|age|occupation_Transport-moving|workclass_Self-emp-not-inc|education_Preschool|occupation_Machine-op-inspct|occupation_Protective-serv|capital-gain|fnlwgt,0.003154|0.002010|0.001857|0.001750|0.001433|0.001360|0.001288|0.001257|0.001241|0.001168,8,bfc8d318231a,3.11.15,"{""numpy"": ""1.26.4"", ""pandas"": ""3.0.3"", ""scikit-learn"": ""1.9.0"", ""torch"": ""2.12.0""}"
adult,mlp,sex,prune:0.9,Female,10,age|education_Preschool|marital-status_Never-married|education_12th|native-country_Mexico|occupation_Adm-clerical|hours-per-week|occupation_Machine-op-inspct|workclass_Self-emp-not-inc|education_Some-college,0.002024|0.001652|0.001489|0.000891|0.000824|0.000781|0.000744|0.000706|0.000440|0.000416,8,bfc8d318231a,3.11.15,"{""numpy"": ""1.26.4"", ""pandas"": ""3.0.3"", ""scikit-learn"": ""1.9.0"", ""torch"": ""2.12.0""}"
adult,mlp,race,none,White,10,age|marital-status_Married-civ-spouse|capital-gain|marital-status_Never-married|hours-per-week|relationship_Husband|marital-status_Divorced|occupation_Exec-managerial|education_HS-grad|relationship_Not-in-family,0.062160|0.053409|0.050105|0.045493|0.038726|0.035519|0.032080|0.031705|0.031403|0.031081,8,071af2c0ce17,3.11.15,"{""numpy"": ""1.26.4"", ""pandas"": ""3.0.3"", ""scikit-learn"": ""1.9.0"", ""torch"": ""2.12.0""}"
adult,mlp,race,none,Black,10,age|marital-status_Never-married|marital-status_Married-civ-spouse|hours-per-week|marital-status_Divorced|education_HS-grad|relationship_Husband|workclass_Local-gov|relationship_Own-child|occupation_Craft-repair,0.043768|0.041641|0.037139|0.027856|0.025133|0.022951|0.022485|0.020789|0.020715|0.019267,8,071af2c0ce17,3.11.15,"{""numpy"": ""1.26.4"", ""pandas"": ""3.0.3"", ""scikit-learn"": ""1.9.0"", ""torch"": ""2.12.0""}"
adult,mlp,race,none,Other,10,native-country_Mexico|age|capital-gain|native-country_Puerto-Rico|native-country_United-States|occupation_Sales|occupation_Prof-specialty|marital-status_Never-married|occupation_Other-service|native-country_Dominican-Republic,0.085906|0.072671|0.058856|0.039620|0.026559|0.026267|0.025198|0.024593|0.022748|0.022604,8,071af2c0ce17,3.11.15,"{""numpy"": ""1.26.4"", ""pandas"": ""3.0.3"", ""scikit-learn"": ""1.9.0"", ""torch"": ""2.12.0""}"
adult,mlp,race,none,Asian-Pac-Islander,10,marital-status_Married-civ-spouse|marital-status_Never-married|hours-per-week|age|native-country_United-States|native-country_China|education_Bachelors|relationship_Husband|relationship_Own-child|education_Some-college,0.064186|0.059243|0.057853|0.056886|0.056599|0.046698|0.043556|0.041827|0.036660|0.036041,8,071af2c0ce17,3.11.15,"{""numpy"": ""1.26.4"", ""pandas"": ""3.0.3"", ""scikit-learn"": ""1.9.0"", ""torch"": ""2.12.0""}"
adult,mlp,race,none,Amer-Indian-Eskimo,10,capital-gain|marital-status_Never-married|hours-per-week|age|workclass_Local-gov|marital-status_Married-civ-spouse|relationship_Husband|occupation_Adm-clerical|marital-status_Divorced|occupation_Other-service,0.122362|0.089034|0.082340|0.066569|0.057821|0.055058|0.049768|0.043847|0.039342|0.038339,8,071af2c0ce17,3.11.15,"{""numpy"": ""1.26.4"", ""pandas"": ""3.0.3"", ""scikit-learn"": ""1.9.0"", ""torch"": ""2.12.0""}"
adult,mlp,race,prune:0.3,White,10,age|hours-per-week|marital-status_Married-civ-spouse|occupation_Sales|relationship_Husband|capital-gain|occupation_Craft-repair|marital-status_Never-married|fnlwgt|occupation_Transport-moving,0.016304|0.011710|0.009613|0.009244|0.008886|0.008758|0.008346|0.007541|0.007163|0.007040,8,69b2791ca4fb,3.11.15,"{""numpy"": ""1.26.4"", ""pandas"": ""3.0.3"", ""scikit-learn"": ""1.9.0"", ""torch"": ""2.12.0""}"
adult,mlp,race,prune:0.3,Black,10,marital-status_Divorced|education_HS-grad|age|marital-status_Married-civ-spouse|occupation_Machine-op-inspct|occupation_Craft-repair|workclass_Local-gov|education_Some-college|workclass_Private|hours-per-week,0.008401|0.007832|0.007798|0.005746|0.005367|0.004987|0.004972|0.004875|0.004749|0.004586,8,69b2791ca4fb,3.11.15,"{""numpy"": ""1.26.4"", ""pandas"": ""3.0.3"", ""scikit-learn"": ""1.9.0"", ""torch"": ""2.12.0""}"
adult,mlp,race,prune:0.3,Other,10,native-country_Mexico|native-country_Puerto-Rico|age|native-country_Ecuador|workclass_Missing|workclass_Self-emp-not-inc|occupation_Other-service|education_10th|occupation_Sales|education_Some-college,0.028141|0.012421|0.011668|0.002359|0.002070|0.001963|0.001914|0.001863|0.001582|0.001406,8,69b2791ca4fb,3.11.15,"{""numpy"": ""1.26.4"", ""pandas"": ""3.0.3"", ""scikit-learn"": ""1.9.0"", ""torch"": ""2.12.0""}"
adult,mlp,race,prune:0.3,Asian-Pac-Islander,10,native-country_United-States|capital-loss|marital-status_Never-married|marital-status_Married-civ-spouse|occupation_Prof-specialty|age|marital-status_Separated|education-num|native-country_Missing|workclass_Federal-gov,0.012789|0.011499|0.009653|0.009598|0.009393|0.009005|0.008668|0.007297|0.007191|0.007006,8,69b2791ca4fb,3.11.15,"{""numpy"": ""1.26.4"", ""pandas"": ""3.0.3"", ""scikit-learn"": ""1.9.0"", ""torch"": ""2.12.0""}"
adult,mlp,race,prune:0.3,Amer-Indian-Eskimo,10,hours-per-week|marital-status_Never-married|education_Some-college|marital-status_Married-civ-spouse|occupation_Other-service|workclass_Local-gov|occupation_Exec-managerial|occupation_Sales|relationship_Husband|workclass_Self-emp-not-inc,0.027467|0.015003|0.012864|0.012494|0.012380|0.011975|0.011536|0.010933|0.010360|0.009863,8,69b2791ca4fb,3.11.15,"{""numpy"": ""1.26.4"", ""pandas"": ""3.0.3"", ""scikit-learn"": ""1.9.0"", ""torch"": ""2.12.0""}"
adult,mlp,race,prune:0.5,White,10,age|hours-per-week|occupation_Prof-specialty|capital-gain|marital-status_Married-civ-spouse|marital-status_Never-married|workclass_Self-emp-not-inc|relationship_Own-child|relationship_Husband|education_Some-college,0.028268|0.016041|0.015093|0.013934|0.013439|0.013052|0.013010|0.012631|0.012304|0.011907,8,18705b88af3c,3.11.15,"{""numpy"": ""1.26.4"", ""pandas"": ""3.0.3"", ""scikit-learn"": ""1.9.0"", ""torch"": ""2.12.0""}"
adult,mlp,race,prune:0.5,Black,10,age|education_HS-grad|relationship_Unmarried|marital-status_Married-civ-spouse|relationship_Wife|occupation_Other-service|workclass_Local-gov|relationship_Husband|native-country_Trinadad&Tobago|occupation_Adm-clerical,0.019551|0.013376|0.013289|0.011923|0.011881|0.011660|0.011043|0.010832|0.010462|0.010088,8,18705b88af3c,3.11.15,"{""numpy"": ""1.26.4"", ""pandas"": ""3.0.3"", ""scikit-learn"": ""1.9.0"", ""torch"": ""2.12.0""}"
adult,mlp,race,prune:0.5,Other,10,occupation_Other-service|age|education-num|native-country_Mexico|occupation_Tech-support|native-country_Ecuador|capital-gain|occupation_Adm-clerical|education_10th|education_Assoc-voc,0.044183|0.036188|0.029039|0.024418|0.014649|0.013978|0.013672|0.012941|0.012851|0.009871,8,18705b88af3c,3.11.15,"{""numpy"": ""1.26.4"", ""pandas"": ""3.0.3"", ""scikit-learn"": ""1.9.0"", ""torch"": ""2.12.0""}"
adult,mlp,race,prune:0.5,Asian-Pac-Islander,10,age|hours-per-week|marital-status_Separated|education_Bachelors|workclass_Self-emp-not-inc|relationship_Unmarried|marital-status_Married-civ-spouse|relationship_Husband|occupation_Adm-clerical|native-country_China,0.037133|0.020263|0.017886|0.015454|0.015342|0.015198|0.015175|0.014963|0.014198|0.012797,8,18705b88af3c,3.11.15,"{""numpy"": ""1.26.4"", ""pandas"": ""3.0.3"", ""scikit-learn"": ""1.9.0"", ""torch"": ""2.12.0""}"
adult,mlp,race,prune:0.5,Amer-Indian-Eskimo,10,hours-per-week|occupation_Transport-moving|education_11th|age|education_Assoc-voc|workclass_Local-gov|occupation_Farming-fishing|relationship_Wife|relationship_Unmarried|education-num,0.047316|0.035782|0.026420|0.023155|0.019436|0.019311|0.018524|0.017027|0.016704|0.014528,8,18705b88af3c,3.11.15,"{""numpy"": ""1.26.4"", ""pandas"": ""3.0.3"", ""scikit-learn"": ""1.9.0"", ""torch"": ""2.12.0""}"
adult,mlp,race,prune:0.7,White,10,age|relationship_Own-child|hours-per-week|fnlwgt|relationship_Not-in-family|marital-status_Never-married|capital-gain|workclass_Self-emp-not-inc|marital-status_Married-civ-spouse|marital-status_Divorced,0.074676|0.061751|0.057057|0.044370|0.041709|0.041117|0.038953|0.035158|0.034232|0.033521,8,7393581e3017,3.11.15,"{""numpy"": ""1.26.4"", ""pandas"": ""3.0.3"", ""scikit-learn"": ""1.9.0"", ""torch"": ""2.12.0""}"
adult,mlp,race,prune:0.7,Black,10,age|relationship_Own-child|hours-per-week|fnlwgt|relationship_Not-in-family|marital-status_Never-married|occupation_Adm-clerical|occupation_Other-service|education_10th|marital-status_Divorced,0.062157|0.055409|0.054257|0.043277|0.038961|0.037782|0.036653|0.035928|0.035742|0.029550,8,7393581e3017,3.11.15,"{""numpy"": ""1.26.4"", ""pandas"": ""3.0.3"", ""scikit-learn"": ""1.9.0"", ""torch"": ""2.12.0""}"
adult,mlp,race,prune:0.7,Other,10,native-country_Mexico|hours-per-week|age|education_10th|native-country_Guatemala|relationship_Own-child|native-country_India|education_Some-college|education_Prof-school|relationship_Not-in-family,0.087160|0.049714|0.046038|0.035206|0.028958|0.028795|0.028755|0.025146|0.024701|0.022514,8,7393581e3017,3.11.15,"{""numpy"": ""1.26.4"", ""pandas"": ""3.0.3"", ""scikit-learn"": ""1.9.0"", ""torch"": ""2.12.0""}"
adult,mlp,race,prune:0.7,Asian-Pac-Islander,10,native-country_South|hours-per-week|native-country_Missing|age|relationship_Own-child|native-country_China|native-country_Philippines|relationship_Not-in-family|education_Bachelors|occupation_Adm-clerical,0.074306|0.064699|0.059914|0.053819|0.052308|0.050603|0.048691|0.039359|0.037777|0.036668,8,7393581e3017,3.11.15,"{""numpy"": ""1.26.4"", ""pandas"": ""3.0.3"", ""scikit-learn"": ""1.9.0"", ""torch"": ""2.12.0""}"
adult,mlp,race,prune:0.7,Amer-Indian-Eskimo,10,workclass_Local-gov|hours-per-week|occupation_Adm-clerical|age|occupation_Other-service|fnlwgt|occupation_Transport-moving|education_12th|education_11th|relationship_Own-child,0.106256|0.073418|0.067629|0.062587|0.059337|0.059237|0.052069|0.050252|0.042658|0.041778,8,7393581e3017,3.11.15,"{""numpy"": ""1.26.4"", ""pandas"": ""3.0.3"", ""scikit-learn"": ""1.9.0"", ""torch"": ""2.12.0""}"
adult,mlp,race,prune:0.9,White,10,hours-per-week|age|education_12th|education_Preschool|occupation_Machine-op-inspct|workclass_Self-emp-not-inc|fnlwgt|capital-gain|native-country_Mexico|occupation_Transport-moving,0.002198|0.001881|0.001589|0.001389|0.001276|0.001265|0.001056|0.000982|0.000873|0.000827,8,7767fc7edcd7,3.11.15,"{""numpy"": ""1.26.4"", ""pandas"": ""3.0.3"", ""scikit-learn"": ""1.9.0"", ""torch"": ""2.12.0""}"
adult,mlp,race,prune:0.9,Black,10,age|occupation_Protective-serv|education_Preschool|occupation_Transport-moving|marital-status_Never-married|hours-per-week|workclass_Self-emp-not-inc|education_Some-college|capital-gain|fnlwgt,0.003280|0.003004|0.002907|0.002850|0.002740|0.002680|0.000210|0.000152|0.000114|0.000085,8,7767fc7edcd7,3.11.15,"{""numpy"": ""1.26.4"", ""pandas"": ""3.0.3"", ""scikit-learn"": ""1.9.0"", ""torch"": ""2.12.0""}"
adult,mlp,race,prune:0.9,Other,10,education_12th|hours-per-week|occupation_Handlers-cleaners|education_Some-college|age|capital-gain|occupation_Protective-serv|fnlwgt|occupation_Machine-op-inspct|native-country_Mexico,0.027484|0.021273|0.000013|0.000001|0.000000|0.000000|0.000000|0.000000|0.000000|0.000000,8,7767fc7edcd7,3.11.15,"{""numpy"": ""1.26.4"", ""pandas"": ""3.0.3"", ""scikit-learn"": ""1.9.0"", ""torch"": ""2.12.0""}"
adult,mlp,race,prune:0.9,Asian-Pac-Islander,10,education_Some-college|age|fnlwgt|education-num|capital-gain|capital-loss|hours-per-week|education_10th|education_11th|education_12th,0.006197|0.000000|0.000000|0.000000|0.000000|0.000000|0.000000|0.000000|0.000000|0.000000,8,7767fc7edcd7,3.11.15,"{""numpy"": ""1.26.4"", ""pandas"": ""3.0.3"", ""scikit-learn"": ""1.9.0"", ""torch"": ""2.12.0""}"
adult,mlp,race,prune:0.9,Amer-Indian-Eskimo,10,occupation_Transport-moving|age|fnlwgt|education-num|capital-gain|capital-loss|hours-per-week|education_10th|education_11th|education_12th,0.026623|0.000000|0.000000|0.000000|0.000000|0.000000|0.000000|0.000000|0.000000|0.000000,8,7767fc7edcd7,3.11.15,"{""numpy"": ""1.26.4"", ""pandas"": ""3.0.3"", ""scikit-learn"": ""1.9.0"", ""torch"": ""2.12.0""}"
adult,mlp,sex,none,Male,10,age|marital-status_Married-civ-spouse|capital-gain|education_HS-grad|marital-status_Never-married|hours-per-week|relationship_Husband|relationship_Not-in-family|workclass_Private|occupation_Craft-repair,0.070288|0.063807|0.051616|0.049310|0.046108|0.045764|0.039393|0.038836|0.038310|0.038017,9,dc50ad783f26,3.11.15,"{""numpy"": ""1.26.4"", ""pandas"": ""3.0.3"", ""scikit-learn"": ""1.9.0"", ""torch"": ""2.12.0""}"
adult,mlp,sex,none,Female,10,marital-status_Married-civ-spouse|marital-status_Divorced|age|marital-status_Never-married|relationship_Wife|capital-gain|hours-per-week|relationship_Not-in-family|occupation_Adm-clerical|education_HS-grad,0.048232|0.040450|0.040005|0.036902|0.035958|0.028392|0.023654|0.022729|0.021652|0.020917,9,dc50ad783f26,3.11.15,"{""numpy"": ""1.26.4"", ""pandas"": ""3.0.3"", ""scikit-learn"": ""1.9.0"", ""torch"": ""2.12.0""}"
adult,mlp,sex,prune:0.3,Male,10,age|relationship_Not-in-family|relationship_Own-child|marital-status_Married-civ-spouse|marital-status_Never-married|education_HS-grad|hours-per-week|occupation_Craft-repair|capital-gain|fnlwgt,0.097726|0.066199|0.061252|0.059521|0.051095|0.046606|0.041129|0.039450|0.038215|0.036199,9,486a215b40af,3.11.15,"{""numpy"": ""1.26.4"", ""pandas"": ""3.0.3"", ""scikit-learn"": ""1.9.0"", ""torch"": ""2.12.0""}"
adult,mlp,sex,prune:0.3,Female,10,age|relationship_Own-child|marital-status_Never-married|relationship_Not-in-family|marital-status_Married-civ-spouse|relationship_Unmarried|education_HS-grad|marital-status_Divorced|hours-per-week|occupation_Other-service,0.124225|0.081232|0.077040|0.071981|0.071404|0.063304|0.053695|0.050333|0.045267|0.043960,9,486a215b40af,3.11.15,"{""numpy"": ""1.26.4"", ""pandas"": ""3.0.3"", ""scikit-learn"": ""1.9.0"", ""torch"": ""2.12.0""}"
adult,mlp,sex,prune:0.5,Male,10,age|marital-status_Married-civ-spouse|marital-status_Never-married|relationship_Not-in-family|hours-per-week|relationship_Own-child|capital-gain|occupation_Craft-repair|fnlwgt|education_HS-grad,0.100648|0.067545|0.063111|0.058962|0.055271|0.053956|0.049445|0.048078|0.044122|0.042128,9,4cde99ef4af7,3.11.15,"{""numpy"": ""1.26.4"", ""pandas"": ""3.0.3"", ""scikit-learn"": ""1.9.0"", ""torch"": ""2.12.0""}"
adult,mlp,sex,prune:0.5,Female,10,age|marital-status_Never-married|marital-status_Married-civ-spouse|relationship_Own-child|relationship_Not-in-family|marital-status_Divorced|relationship_Unmarried|relationship_Wife|education_HS-grad|occupation_Adm-clerical,0.135536|0.108807|0.088849|0.068492|0.067992|0.062850|0.060706|0.056205|0.051783|0.051518,9,4cde99ef4af7,3.11.15,"{""numpy"": ""1.26.4"", ""pandas"": ""3.0.3"", ""scikit-learn"": ""1.9.0"", ""torch"": ""2.12.0""}"
adult,mlp,sex,prune:0.7,Male,10,age|hours-per-week|capital-gain|marital-status_Married-civ-spouse|relationship_Own-child|education_HS-grad|fnlwgt|marital-status_Never-married|relationship_Not-in-family|occupation_Sales,0.093753|0.070834|0.063712|0.060307|0.052468|0.052163|0.045480|0.045153|0.041545|0.038704,9,457d30e170d5,3.11.15,"{""numpy"": ""1.26.4"", ""pandas"": ""3.0.3"", ""scikit-learn"": ""1.9.0"", ""torch"": ""2.12.0""}"
adult,mlp,sex,prune:0.7,Female,10,age|relationship_Own-child|hours-per-week|marital-status_Married-civ-spouse|occupation_Adm-clerical|education_HS-grad|marital-status_Never-married|relationship_Not-in-family|occupation_Other-service|relationship_Unmarried,0.104670|0.077663|0.059250|0.058782|0.055184|0.053669|0.051548|0.050878|0.050778|0.046291,9,457d30e170d5,3.11.15,"{""numpy"": ""1.26.4"", ""pandas"": ""3.0.3"", ""scikit-learn"": ""1.9.0"", ""torch"": ""2.12.0""}"
adult,mlp,sex,prune:0.9,Male,10,occupation_Other-service|relationship_Own-child|education_HS-grad|occupation_Handlers-cleaners|marital-status_Separated|capital-gain|capital-loss|education_Bachelors|occupation_Adm-clerical|education_10th,0.028233|0.015217|0.014314|0.012131|0.011997|0.009842|0.009823|0.009727|0.007564|0.007227,9,2eb98408095d,3.11.15,"{""numpy"": ""1.26.4"", ""pandas"": ""3.0.3"", ""scikit-learn"": ""1.9.0"", ""torch"": ""2.12.0""}"
adult,mlp,sex,prune:0.9,Female,10,occupation_Other-service|relationship_Own-child|education_HS-grad|marital-status_Separated|relationship_Wife|occupation_Adm-clerical|capital-gain|education_Bachelors|occupation_Machine-op-inspct|hours-per-week,0.043178|0.026471|0.021306|0.021289|0.019076|0.017325|0.015867|0.012466|0.011162|0.010324,9,2eb98408095d,3.11.15,"{""numpy"": ""1.26.4"", ""pandas"": ""3.0.3"", ""scikit-learn"": ""1.9.0"", ""torch"": ""2.12.0""}"
adult,mlp,race,none,White,10,age|marital-status_Married-civ-spouse|capital-gain|marital-status_Never-married|education_HS-grad|hours-per-week|marital-status_Divorced|relationship_Not-in-family|relationship_Husband|workclass_Private,0.065285|0.061174|0.046670|0.044344|0.042645|0.042031|0.037363|0.036208|0.034324|0.033600,9,b47bef4e5977,3.11.15,"{""numpy"": ""1.26.4"", ""pandas"": ""3.0.3"", ""scikit-learn"": ""1.9.0"", ""torch"": ""2.12.0""}"
adult,mlp,race,none,Asian-Pac-Islander,10,age|native-country_United-States|marital-status_Never-married|marital-status_Married-civ-spouse|workclass_State-gov|hours-per-week|native-country_Philippines|education_Doctorate|education-num|occupation_Sales,0.045072|0.044222|0.037115|0.037018|0.031819|0.029130|0.029070|0.027917|0.024151|0.022115,9,b47bef4e5977,3.11.15,"{""numpy"": ""1.26.4"", ""pandas"": ""3.0.3"", ""scikit-learn"": ""1.9.0"", ""torch"": ""2.12.0""}"
adult,mlp,race,none,Black,10,marital-status_Married-civ-spouse|marital-status_Never-married|capital-gain|marital-status_Divorced|age|education_HS-grad|relationship_Not-in-family|relationship_Own-child|occupation_Prof-specialty|relationship_Unmarried,0.038902|0.032684|0.031991|0.023601|0.023116|0.022243|0.018130|0.017592|0.017200|0.016126,9,b47bef4e5977,3.11.15,"{""numpy"": ""1.26.4"", ""pandas"": ""3.0.3"", ""scikit-learn"": ""1.9.0"", ""torch"": ""2.12.0""}"
adult,mlp,race,none,Other,10,marital-status_Married-civ-spouse|marital-status_Never-married|education_HS-grad|native-country_Puerto-Rico|age|relationship_Husband|native-country_United-States|capital-gain|education_Bachelors|relationship_Wife,0.080690|0.062297|0.057032|0.054505|0.052368|0.046377|0.045212|0.044481|0.043882|0.042264,9,b47bef4e5977,3.11.15,"{""numpy"": ""1.26.4"", ""pandas"": ""3.0.3"", ""scikit-learn"": ""1.9.0"", ""torch"": ""2.12.0""}"
adult,mlp,race,none,Amer-Indian-Eskimo,10,marital-status_Married-civ-spouse|occupation_Prof-specialty|capital-loss|education_HS-grad|education_Masters|relationship_Husband|relationship_Not-in-family|occupation_Other-service|occupation_Tech-support|education_Some-college,0.081930|0.061919|0.057298|0.044018|0.042113|0.041034|0.038590|0.035980|0.033333|0.033125,9,b47bef4e5977,3.11.15,"{""numpy"": ""1.26.4"", ""pandas"": ""3.0.3"", ""scikit-learn"": ""1.9.0"", ""torch"": ""2.12.0""}"
adult,mlp,race,prune:0.3,White,10,age|relationship_Own-child|relationship_Not-in-family|marital-status_Married-civ-spouse|marital-status_Never-married|education_HS-grad|hours-per-week|marital-status_Divorced|capital-gain|fnlwgt,0.107136|0.069985|0.069457|0.063389|0.057311|0.049685|0.045300|0.039276|0.036773|0.036483,9,f82a6bf2d38d,3.11.15,"{""numpy"": ""1.26.4"", ""pandas"": ""3.0.3"", ""scikit-learn"": ""1.9.0"", ""torch"": ""2.12.0""}"
adult,mlp,race,prune:0.3,Asian-Pac-Islander,10,age|marital-status_Married-civ-spouse|marital-status_Never-married|native-country_Philippines|relationship_Own-child|marital-status_Divorced|native-country_United-States|relationship_Not-in-family|native-country_South|capital-gain,0.070607|0.066685|0.066434|0.065386|0.063289|0.045731|0.045063|0.039571|0.037124|0.035143,9,f82a6bf2d38d,3.11.15,"{""numpy"": ""1.26.4"", ""pandas"": ""3.0.3"", ""scikit-learn"": ""1.9.0"", ""torch"": ""2.12.0""}"
adult,mlp,race,prune:0.3,Black,10,age|marital-status_Never-married|relationship_Unmarried|marital-status_Married-civ-spouse|relationship_Not-in-family|relationship_Own-child|education_HS-grad|fnlwgt|capital-gain|marital-status_Separated,0.117661|0.080796|0.068523|0.066892|0.066795|0.054405|0.051159|0.046339|0.044756|0.040242,9,f82a6bf2d38d,3.11.15,"{""numpy"": ""1.26.4"", ""pandas"": ""3.0.3"", ""scikit-learn"": ""1.9.0"", ""torch"": ""2.12.0""}"
adult,mlp,race,prune:0.3,Other,10,native-country_Missing|relationship_Not-in-family|marital-status_Married-spouse-absent|occupation_Priv-house-serv|native-country_Nicaragua|native-country_Columbia|education_HS-grad|marital-status_Married-civ-spouse|marital-status_Never-married|native-country_Guatemala,0.066761|0.060616|0.045495|0.044468|0.043016|0.043001|0.042070|0.039877|0.039116|0.038164,9,f82a6bf2d38d,3.11.15,"{""numpy"": ""1.26.4"", ""pandas"": ""3.0.3"", ""scikit-learn"": ""1.9.0"", ""torch"": ""2.12.0""}"
adult,mlp,race,prune:0.3,Amer-Indian-Eskimo,10,occupation_Handlers-cleaners|age|relationship_Unmarried|occupation_Other-service|capital-loss|marital-status_Divorced|relationship_Wife|workclass_State-gov|marital-status_Never-married|relationship_Not-in-family,0.126237|0.123657|0.099169|0.097215|0.095270|0.061212|0.055111|0.053897|0.050667|0.040814,9,f82a6bf2d38d,3.11.15,"{""numpy"": ""1.26.4"", ""pandas"": ""3.0.3"", ""scikit-learn"": ""1.9.0"", ""torch"": ""2.12.0""}"
adult,mlp,race,prune:0.5,White,10,age|marital-status_Never-married|marital-status_Married-civ-spouse|relationship_Not-in-family|relationship_Own-child|hours-per-week|capital-gain|education_HS-grad|fnlwgt|marital-status_Divorced,0.113379|0.075155|0.073950|0.063360|0.060470|0.056899|0.050210|0.045645|0.044407|0.044257,9,5a547b003955,3.11.15,"{""numpy"": ""1.26.4"", ""pandas"": ""3.0.3"", ""scikit-learn"": ""1.9.0"", ""torch"": ""2.12.0""}"
adult,mlp,race,prune:0.5,Asian-Pac-Islander,10,marital-status_Married-civ-spouse|age|marital-status_Never-married|relationship_Own-child|native-country_China|fnlwgt|education_11th|marital-status_Divorced|native-country_Vietnam|native-country_Philippines,0.073560|0.067026|0.061711|0.051442|0.040112|0.039866|0.035711|0.033490|0.033350|0.033045,9,5a547b003955,3.11.15,"{""numpy"": ""1.26.4"", ""pandas"": ""3.0.3"", ""scikit-learn"": ""1.9.0"", ""torch"": ""2.12.0""}"
adult,mlp,race,prune:0.5,Black,10,age|marital-status_Never-married|marital-status_Married-civ-spouse|relationship_Unmarried|relationship_Not-in-family|capital-gain|fnlwgt|relationship_Own-child|marital-status_Divorced|education_HS-grad,0.115376|0.108353|0.081139|0.061683|0.056468|0.055312|0.051666|0.048562|0.048379|0.048323,9,5a547b003955,3.11.15,"{""numpy"": ""1.26.4"", ""pandas"": ""3.0.3"", ""scikit-learn"": ""1.9.0"", ""torch"": ""2.12.0""}"
adult,mlp,race,prune:0.5,Other,10,age|relationship_Not-in-family|native-country_Puerto-Rico|marital-status_Married-civ-spouse|marital-status_Never-married|native-country_Missing|relationship_Unmarried|native-country_United-States|native-country_Mexico|relationship_Husband,0.107246|0.102942|0.092553|0.072643|0.070711|0.069921|0.059170|0.053914|0.053702|0.049147,9,5a547b003955,3.11.15,"{""numpy"": ""1.26.4"", ""pandas"": ""3.0.3"", ""scikit-learn"": ""1.9.0"", ""torch"": ""2.12.0""}"
adult,mlp,race,prune:0.5,Amer-Indian-Eskimo,10,occupation_Handlers-cleaners|capital-loss|marital-status_Never-married|relationship_Unmarried|relationship_Wife|age|workclass_State-gov|marital-status_Widowed|occupation_Adm-clerical|relationship_Not-in-family,0.106552|0.104404|0.100852|0.100588|0.088110|0.069575|0.056866|0.048718|0.043314|0.042555,9,5a547b003955,3.11.15,"{""numpy"": ""1.26.4"", ""pandas"": ""3.0.3"", ""scikit-learn"": ""1.9.0"", ""torch"": ""2.12.0""}"
adult,mlp,race,prune:0.7,White,10,age|hours-per-week|relationship_Own-child|marital-status_Married-civ-spouse|capital-gain|education_HS-grad|marital-status_Never-married|fnlwgt|relationship_Not-in-family|occupation_Other-service,0.098517|0.073056|0.060995|0.059307|0.057503|0.052532|0.047330|0.044480|0.044244|0.042898,9,581409d611ee,3.11.15,"{""numpy"": ""1.26.4"", ""pandas"": ""3.0.3"", ""scikit-learn"": ""1.9.0"", ""torch"": ""2.12.0""}"
adult,mlp,race,prune:0.7,Asian-Pac-Islander,10,age|native-country_Philippines|marital-status_Married-civ-spouse|relationship_Not-in-family|relationship_Own-child|fnlwgt|education_HS-grad|capital-gain|education_11th|marital-status_Never-married,0.083796|0.069141|0.068746|0.066840|0.062824|0.061400|0.050533|0.049368|0.045801|0.045526,9,581409d611ee,3.11.15,"{""numpy"": ""1.26.4"", ""pandas"": ""3.0.3"", ""scikit-learn"": ""1.9.0"", ""torch"": ""2.12.0""}"
adult,mlp,race,prune:0.7,Black,10,age|marital-status_Married-civ-spouse|capital-gain|relationship_Own-child|education_HS-grad|marital-status_Never-married|relationship_Unmarried|occupation_Other-service|fnlwgt|relationship_Not-in-family,0.091051|0.061228|0.059973|0.058105|0.054952|0.049376|0.047362|0.045188|0.044971|0.043583,9,581409d611ee,3.11.15,"{""numpy"": ""1.26.4"", ""pandas"": ""3.0.3"", ""scikit-learn"": ""1.9.0"", ""torch"": ""2.12.0""}"
adult,mlp,race,prune:0.7,Other,10,age|marital-status_Married-civ-spouse|occupation_Craft-repair|workclass_Federal-gov|native-country_Puerto-Rico|capital-gain|hours-per-week|education_HS-grad|relationship_Own-child|education_1st-4th,0.106023|0.071905|0.068838|0.062369|0.061955|0.058207|0.057613|0.056117|0.054353|0.049138,9,581409d611ee,3.11.15,"{""numpy"": ""1.26.4"", ""pandas"": ""3.0.3"", ""scikit-learn"": ""1.9.0"", ""torch"": ""2.12.0""}"
adult,mlp,race,prune:0.7,Amer-Indian-Eskimo,10,capital-loss|occupation_Handlers-cleaners|education_12th|age|marital-status_Married-civ-spouse|relationship_Wife|education_HS-grad|occupation_Adm-clerical|occupation_Other-service|relationship_Own-child,0.089091|0.079038|0.062659|0.053947|0.042773|0.040506|0.038033|0.037491|0.034401|0.028843,9,581409d611ee,3.11.15,"{""numpy"": ""1.26.4"", ""pandas"": ""3.0.3"", ""scikit-learn"": ""1.9.0"", ""torch"": ""2.12.0""}"
adult,mlp,race,prune:0.9,White,10,occupation_Other-service|relationship_Own-child|education_HS-grad|marital-status_Separated|capital-gain|occupation_Adm-clerical|education_Bachelors|occupation_Handlers-cleaners|relationship_Wife|capital-loss,0.031234|0.018794|0.016394|0.013980|0.011691|0.010307|0.010185|0.010030|0.009941|0.009502,9,494e1cdd1824,3.11.15,"{""numpy"": ""1.26.4"", ""pandas"": ""3.0.3"", ""scikit-learn"": ""1.9.0"", ""torch"": ""2.12.0""}"
adult,mlp,race,prune:0.9,Asian-Pac-Islander,10,education_Bachelors|native-country_Vietnam|occupation_Other-service|education_11th|relationship_Own-child|education_HS-grad|occupation_Machine-op-inspct|occupation_Adm-clerical|marital-status_Separated|education_Masters,0.019687|0.012262|0.011073|0.009424|0.008713|0.008462|0.007512|0.007454|0.006714|0.006591,9,494e1cdd1824,3.11.15,"{""numpy"": ""1.26.4"", ""pandas"": ""3.0.3"", ""scikit-learn"": ""1.9.0"", ""torch"": ""2.12.0""}"
adult,mlp,race,prune:0.9,Black,10,occupation_Other-service|marital-status_Separated|relationship_Own-child|education_HS-grad|capital-gain|occupation_Adm-clerical|occupation_Handlers-cleaners|education_Bachelors|education_11th|occupation_Machine-op-inspct,0.050790|0.026177|0.022305|0.021131|0.015199|0.014839|0.012633|0.012213|0.011980|0.011066,9,494e1cdd1824,3.11.15,"{""numpy"": ""1.26.4"", ""pandas"": ""3.0.3"", ""scikit-learn"": ""1.9.0"", ""torch"": ""2.12.0""}"
adult,mlp,race,prune:0.9,Other,10,occupation_Other-service|relationship_Wife|relationship_Own-child|fnlwgt|marital-status_Married-civ-spouse|marital-status_Separated|education_10th|relationship_Not-in-family|education_11th|occupation_Adm-clerical,0.055142|0.022733|0.015412|0.015408|0.014515|0.013096|0.010042|0.009128|0.008781|0.008605,9,494e1cdd1824,3.11.15,"{""numpy"": ""1.26.4"", ""pandas"": ""3.0.3"", ""scikit-learn"": ""1.9.0"", ""torch"": ""2.12.0""}"
adult,mlp,race,prune:0.9,Amer-Indian-Eskimo,10,occupation_Other-service|marital-status_Separated|occupation_Handlers-cleaners|education_HS-grad|relationship_Own-child|occupation_Adm-clerical|relationship_Wife|capital-gain|occupation_Machine-op-inspct|occupation_Transport-moving,0.105427|0.041868|0.035851|0.034133|0.031034|0.027348|0.020709|0.019186|0.017022|0.010719,9,494e1cdd1824,3.11.15,"{""numpy"": ""1.26.4"", ""pandas"": ""3.0.3"", ""scikit-learn"": ""1.9.0"", ""torch"": ""2.12.0""}"
